title,registration_number,registration_date,language,periodicity,publisher,owner,publication_state,publication_district
A,34415,1982-04-10,Bengali,Quarterly,SATARUPA SANYA,SATARUPA SANYA,West Bengal,Kolkata
A &S INDIA,MAHENG/2014/63969,2015-09-03,English,Monthly,MANISH MOHAN SINGH GANDHI,OIL ASIA PUBLICATION PVT LTD,Maharashtra,Mumbai
A AND V PUB INTERNATIONAL JOURNAL OF NURSING AND MEDICAL RESEARCH,CHHENG/2022/83874,2023-04-24,English,Quarterly,MONIKA SANJAY DAHARWAL,A AND V PUBLICATIONS,Chhattisgarh,Raipur
A D I T I NATIONAL STRATEGY MAGAZINE,TGENG/26/A5935,2026-07-24,English,Bimonthly (Once in two months),KARTIKEYA GUPT,CENTRE FOR STRATEGY CONSULTATION ANALYSES AND NETWORK,Telangana,Rangareddy
A D NEWS,70043,2011-11-05,Gujarati,Weekly,JAYESH V. JADAV,JAYESH V. JADAV,Gujarat,Surendranagar
A L C NAVBHARAT UJALA NEWS,UPHIN/25/A4493,2025-12-01,Hindi,Weekly,ASHISH SHANKER PANDEY,AANANDMY LIFE CARE CORPORATION PRIVATE LIMITED,Uttar Pradesh,Moradabad
A L C NAVBHARAT UJALA NEWS,UAHIN/26/A4902,2026-06-10,Hindi,Daily,ASHISH SHANKER PANDEY,AANANDMY LIFE CARE CORPORATION PRIVATE LIMITED,Uttarakhand,Dehradun
A L C NAVBHARAT UJALA NEWS,DLHIN/26/A3197,2026-05-06,Hindi,Daily,ASHISH SHANKER PANDEY,AANANDMY LIFE CARE CORPORATION PRIVATE LIMITED,Delhi,New Delhi
A L C NAVBHARAT UJALA NEWS,UPHIN/26/A2193,2026-04-06,Hindi,Daily,ASHISH SHANKER PANDEY,AANANDMY LIFE CARE CORPORATION PRIVATE LIMITED,Uttar Pradesh,Moradabad
A MIRROR OF FINANCIAL INSTITUTIONS & BANKS IN ODISHA,ODIENG/2012/47852,2013-02-06,English,Annual,RASHMITA MOHAPATRA,VIGYANPAN,Odisha,Khordha
A NEW CHAPTER,MAHENG/2023/86689,2024-03-28,English,Monthly,DILSHAD ANJUM SIRAJ WAHAB,DILSHAD ANJUM SIRAJ WAHAB,Maharashtra,Chhatrapati Sambhaji Nagar
A ONE NEWS,MAHMAR/2015/64294,2015-10-15,Marathi,Daily Evening,PRAKASH DAGA SHIRSATH,PRAKASH DAGA SHIRSATH,Maharashtra,Dhule
A ONE NEWS,TGTEL/25/A4902,2025-12-08,Telugu,Daily,Uduthala Ramesh,Uduthala Ramesh,Telangana,Rangareddy
A ONE NOVEL,42806,1988-01-01,Tamil,,,,,
A ONE SAMACHAR,UPBIL/2023/84195,2023-05-13,"English, HINDI",Monthly,RUKHSANA,RUKHSANA,Uttar Pradesh,Lucknow
A ONE SAMACHAR,UPURD/2021/81384,2022-04-13,Urdu,Weekly,RUKHSANA,RUKHSANA,Uttar Pradesh,Lucknow
A ONE SAMACHAR,UPBIL/2023/84204,2023-05-16,"English, HINDI",Daily,RUKHSANA,RUKHSANA,Uttar Pradesh,Lucknow
A ONE TOHANA,HARHIN/2015/71026,2017-04-17,Hindi,Weekly,PREM SINGH,PREM SINGH,Haryana,Fatehabad
A PERFECT POTRAIT OF GODS OWN COUNTRY KERALA TOURISM MAGAZINE,KERENG/2011/36921,2011-04-27,English,Monthly,RAVISANKAR. K.V,RAVISANKAR K.V.,Kerala,Thiruvananthapuram
A RAY OF HOPE,APURD/2012/47434,2013-01-14,Urdu,Monthly,SYED ABDUL KHADER QUADRI,SYED ABDUL KHADER QUADRI,Andhra Pradesh,Hyderabad
A RAY OF HOPE,APURD/2013/50372,2013-06-19,Urdu,Daily,SYED ABDUL KHADER QUADRI,SYED ABDUL KHADER QUADRI,Andhra Pradesh,Hyderabad
A S RAO NAGAR TIMES,TELBIL/2017/72628,2017-07-25,"English, Telugu",Weekly,M. MEENALATHA SREENIVAS,M MEENALATHA SREENIVAS,Telangana,Hyderabad
A STAR NEWS TELUGU,APTEL/25/A1742,2025-07-07,Telugu,Daily,APPIKONDA NARENDRASANJEEV,APPIKONDA NARENDRASANJEEV,Andhra Pradesh,Visakhapatnam
A STAR TODAY,MPHIN/2015/61966,2015-05-19,Hindi,Monthly,KAMAL SINGH,KAMAL SINGH,Madhya Pradesh,Bhopal
A STRAIGHT EXPRESS,MPHIN/2015/61709,2015-05-01,Hindi,Weekly,ALANKRIT KUMAR DUBEY,ALANKRIT KUMAR DUBEY,Madhya Pradesh,Bhopal
A TO Z FREE CLASSIFIEDS,KERBIL/2010/32470,2010-05-31,"English, Malayalam",Weekly,SREEJA  SS,SREEJA S.S.,Kerala,Kottayam
A TO Z GUJARAT,GUJGUJ/2010/34696,2010-12-13,Gujarati,Fortnightly,SURESH KHODABHAI KOTADIYA,SURESH KHODABHAI KOTADIYA,Gujarat,Rajkot
A TO Z INDIA,TNBIL/2017/75531,2018-09-10,"English, Tamil",Monthly,INDIRA SRIVATSA,INDIRA SRIVATSA,Tamil Nadu,Chennai
A TO Z SAMACHAR,UPHIN/2014/58363,2014-11-18,Hindi,Daily,NIGHAT NASEEM,NIGHAT NASEEM,Uttar Pradesh,Lucknow
A TO Z SAMACHAR,UPHIN/2012/45272,2012-09-17,Hindi,Monthly,NIGHAT NASEEM,NIGHAT NASEEM,Uttar Pradesh,Lucknow
A VANGNARDA,16047,1966-01-01,"English, KONKANI",Weekly,BONEFACIS DIAS,NAGHSH M TENDULKAR,Goa,South Goa
A-ONE MAIL,63539,1996-04-19,Hindi,Weekly,REKHA DEVI,Rekha Devi,Uttarakhand,Dehradun
A-SERIES IN PODHUARIVU ULAGAM,TNBIL/2004/13686,2004-11-23,"English, Tamil",Monthly,NAKKHEERAN GOPAL,NAKKHEERAN PUBLICATIONS,Tamil Nadu,Chennai
A.K,71099,1999-07-07,Gujarati,Weekly,CHIMANBHAI K. SHAH,ASHVI KUMAR,Gujarat,Surendranagar
A.K. SURYAVAMSHI SAMACHAR,APBIL/2006/18930,2007-03-30,"Telugu, Hindi",Monthly,J. GANGADHAR,J. GANGADHAR,Telangana,Hyderabad
A.P. CHAMPION,APTEL/2011/44044,2012-07-12,Telugu,Monthly,JAMBULA RAMESH REDDY,JAMBULA RAMESH REDDY,Andhra Pradesh,Anantapur
A.P. EXPRESS NEWS 5,APTEL/2011/36997,2011-05-02,Telugu,Monthly,K. VIJAYA SIMHAREDDY,K. VIJAYASIMHA REDDY,Andhra Pradesh,Anantapur
A.P.CABLE TIMES,APTEL/2000/03094,2001-03-21,Telugu,Monthly,KASIBHATLA GIRIDHAR,KASIBHATLA GIRIDHAR,Telangana,Hyderabad
A.R.C.E.NEWSLETTER (SAMVADI),43073,1985-10-24,English,Quarterly,SUBHDA CHOUDHARY,AMERICAN INSTT. OF INDIA STUDIES,Delhi,New Delhi
A.T. MEDIA WEB NEWS,UPHIN/2010/37387,2011-05-20,Hindi,Weekly,MURARI SINGH TAPASVI,MURARI SINGH TAPASVI,Uttar Pradesh,Fatehpur
AA BEL MUJHE MAAR,MPHIN/2003/12882,2004-06-29,Hindi,Fortnightly,RAJESH TANTRIK,RAJESH TANTRIK,Madhya Pradesh,Chhindwara
AAB E HAYAT,MPURD/2013/51453,2013-08-16,Urdu,Weekly,IRFAN ALAM QASMI,IRFAN ALAM QASMI,Madhya Pradesh,Bhopal
AABAD WATAN,MAHHIN/2012/41678,2012-04-19,Hindi,Weekly,SHIVAJI AMARNATH PANDEY,SHIVAJI AMARNATH PANDEY,Maharashtra,Thane
AABADI KI GUNJ,MPHIN/2018/76628,2018-12-31,Hindi,Weekly,MALKHAN SINGH KUSHWAHA,MALKHAN SINGH KUSHWAHA,Madhya Pradesh,Indore
AABEGA,ODIODI/2013/54531,2014-02-08,Oriya,Weekly,SUSANTA KUMAR NAYAK,SUSANTA KUMAR NAYAK,Odisha,Khordha
AABESHBHUMI,WBBEN/2021/88643,2024-08-21,BENGALI,Daily,GOURISANKAR MAHAPATRA,GOURISANKAR MAHAPATRA,West Bengal,Purba Medinipur
AABHASKAR SAMAJ SEWA KALYAN SAMUH NEWS,MPHIN/2022/90610,2025-04-03,Hindi,Monthly,ARCHNA MEHTA,ABHASKAR SAMAJ SEWA KALYAN SAMITI,Madhya Pradesh,Datia
AABHASKAR SAMAJ SEWA KALYAN SAMUH NEWS,MPHIN/2018/76540,2018-12-14,Hindi,Monthly,SHRIRAM MEHTA,ABHASKAR SAMAJ SEWA KALYAN SAMITI,Madhya Pradesh,Ujjain
AABHASKAR SAMAJ SEWA KALYAN SAMUH NEWS,MPHIN/2022/82937,2022-12-12,Hindi,Monthly,SHRIRAM MEHTA,ABHASKAR SAMAJ SEWA KALYAN SAMITI,Madhya Pradesh,Betul
AABHASKAR SAMAJ SEWA KALYAN SAMUH NEWS,MPHIN/2022/89692,2024-10-17,HINDI,Monthly,SHRIRAM MEHTA,ABHASKAR SAMAJ SEWA KALYAN SAMITI,Madhya Pradesh,Barwani
AABHASKAR SAMAJ SEWA KALYAN SAMUH NEWS,MPHIN/2022/86330,2024-02-06,Hindi,Monthly,SHRIRAM MEHTA,ABHASKAR SAMAJ SEWA KALYAN SAMITI,Madhya Pradesh,Alirajpur
AABHASKAR SAMAJ SEWA KALYAN SAMUH NEWS,MPHIN/2022/90986,2025-06-19,Hindi,Monthly,SHRIRAM MEHTA,ABHASKAR SAMAJ SEWA KALYAN SAMITI,Madhya Pradesh,Khandwa
AABHASKAR SAMAJ SEWA KALYAN SAMUH NEWS,MPHIN/2022/90147,2024-11-13,HINDI,Monthly,SHRIRAM MEHTA,ABHASKAR SAMAJ SEWA KALYAN SAMITI,Madhya Pradesh,Alirajpur
AABHASKAR SAMAJ SEWA KALYAN SAMUH NEWS,MPHIN/2022/91141,2025-08-07,Hindi,Monthly,SHRIRAM MEHTA,ABHASKAR SAMAJ SEWA KALYAN SAMITI,Madhya Pradesh,Agar Malwa
AABHASKAR SAMAJ SEWA KALYAN SAMUH NEWS,MPHIN/2022/82679,2022-11-07,Hindi,Monthly,SHRIRAM MEHTA,ABHASKAR SAMAJ SEWA KALYAN SAMITI,Madhya Pradesh,Khargone
AABHASKAR SAMAJ SEWA KALYAN SAMUH NEWS,MPHIN/2022/91132,2025-08-07,Hindi,Monthly,SHRIRAM MEHTA,ABHASKAR SAMAJ SEWA KALYAN SAMITI,Madhya Pradesh,Burhanpur
AABHASKAR SAMAJ SEWA KALYAN SAMUH NEWS,MPHIN/2022/90985,2025-06-19,Hindi,Monthly,SHRIRAM MEHTA,ABHASKAR SAMAJ SEWA KALYAN SAMITI,Madhya Pradesh,Raisen
AABHASKAR SAMAJ SEWA KALYAN SAMUH NEWS,MPHIN/2021/81737,2022-07-25,Hindi,Weekly,PRAKASH MEHTA,ABHASKAR SAMAJ SEWA KALYAN SAMITI,Madhya Pradesh,Shajapur
AABHASKAR SAMAJ SEWA KALYAN SAMUH NEWS,MPHIN/2023/89693,2024-10-16,HINDI,Monthly,ARCHANA MEHTA,ABHASKAR SAMAJ SEWA KALYAN SAMITI,Madhya Pradesh,Ratlam
AABHASKAR SAMAJ SEWA KALYAN SAMUH NEWS,MPHIN/2020/79689,2021-03-15,Hindi,Monthly,SHRIRAM MEHTA,ABHASKAR SAMAJ SEWA KALYAN SAMITI,Madhya Pradesh,Sehore
AABKARI GYAN,MPHIN/2020/79649,2021-03-10,Hindi,Monthly,JAWAHARLAL CHANDWANI,JAWAHARLAL CHANDWANI,Madhya Pradesh,Indore
AABKARI SANDESH,RAJHIN/2011/40830,2012-02-21,Hindi,Fortnightly,SANJAY GAUTAM,SANJAY GAUTAM,Rajasthan,Jaipur
AABKARI TIMES,UPHIN/2010/36360,2011-03-22,Hindi,Monthly,PREM SHANKAR MISHRA,PREM SHANKAR MISHRA,Uttar Pradesh,Prayagraj
AABRU E CHAMAN,MPHIN/2020/82449,2022-10-21,Hindi,Quarterly,MOHSIN HASAN,MOHSIN HASAN,Madhya Pradesh,Bhopal
AABRU E WATAN,DELURD/2018/75706,2018-07-20,Urdu,Weekly,SHAHID NAEEM,SHAHID NAEEM,Delhi,New Delhi
AABU PRAHARI,RAJHIN/2016/70616,2017-03-03,Hindi,Fortnightly,DHARMESH JAIN,DHARMESH JAIN,Rajasthan,Sirohi
AACHAR VICHAR,MPHIN/2022/83405,2023-02-23,Hindi,Quarterly,AKRAM,AKRAM,Madhya Pradesh,Bhopal
AACHARAN,MPHIN/2023/89155,2024-09-25,HINDI,Daily,ASAD QURESHI,ACHARAN PRINTERS PVT.LTD.,Madhya Pradesh,Bhopal
AACHARAN,22177,1990-12-10,Hindi,Daily,ASAD QURESHI,ACHARAN PRINTERS PVT.LTD.,Madhya Pradesh,Gwalior
AACHARAN SANDESH,MPHIN/2016/66589,2016-04-04,Hindi,Monthly,KANTA CHANDELKAR,KANTA CHANDELKAR,Madhya Pradesh,Bhopal
AACHARAN SANDESH,UPHIN/2018/75194,2018-05-10,Hindi,Monthly,KANTA CHANDELKAR,KANTA CHANDELKAR,Uttar Pradesh,Lalitpur
AACHARAN TODAY,MPHIN/2013/49634,2013-05-13,Hindi,Monthly,ANAND KIUMAR VERMA,ANAND KUMAR VERMA,Madhya Pradesh,Bhopal
AACHARYA VIKAS,RAJHIN/2002/08471,2002-12-02,Hindi,Fortnightly,VIKAS SHARMA,VIKAS SHARMA,Rajasthan,Hanumangarh
AACHI VANTHACHU,TNTAM/2000/04479,2001-07-27,Tamil,Monthly,N. PALANIAPPAN,N.PALANIAPPAN,Tamil Nadu,Madurai
AACHRAN,45267,1992-11-04,Hindi,Daily,SUNIL JAIN,DAINIK AACHRAN PVT. LTD.,Madhya Pradesh,Sagar
AADAAB SIDDIPET,TGTEL/26/A0789,2026-01-27,Telugu,Daily,VADLAKONDA SRINIVAS,VADLAKONDA SRINIVAS,Telangana,Siddipet
AADAB HINDUSTANI,TELTEL/2015/62051,2015-05-22,Telugu,Daily,GADDI DEVRAJ,GADDI DEVRAJ,Telangana,Hyderabad
AADAB HYDERABAD,APTEL/26/A3873,2026-05-19,Telugu,Daily,VEERAMALLA SATYAM,VEERAMALLA SATYAM,Andhra Pradesh,Krishna
AADAB HYDERABAD,TELTEL/2012/46785,2012-12-05,Telugu,Daily,VEERAMALLA SATYAM,VEERAMALLA SATYAM,Telangana,Rangareddy
AADAB TELANGANA,TELURD/2014/57920,2014-10-24,Urdu,Daily,MOHAMMAD AZAM ALI,MOHAMMAD AZAM ALI,Telangana,Hyderabad
AADAMPUR TIMES,HARHIN/2008/29032,2011-02-02,Hindi,Weekly,VINOD KUMAR,VINOD KUMAR,Haryana,Hisar
AADARSH AMDAVAD SAMACHAR PATRIKA,GUJGUJ/2007/21841,2007-11-27,Gujarati,Monthly,BHARATBHAI JUTHABHAI SHAH,HIMATBHAI SHAMALDAS SHAH SHASAN SEVA CHARITABLE TRUST,Gujarat,Ahmedabad
AADARSH BHARAT,UPHIN/2008/24627,2008-07-10,Hindi,Weekly,SUSHILA,SUSHILA,Uttar Pradesh,Prayagraj
AADARSH DELHI,HRHIN/26/A2155,2026-04-02,Hindi,Daily,Rakhi Singh,Rakhi Singh,Haryana,Faridabad
AADARSH DELHI,HRHIN/26/A1471,2026-02-27,Hindi,Daily,Rakhi Singh,Rakhi Singh,Haryana,Rohtak
AADARSH DELHI,CHHIN/26/A3616,2026-05-13,Hindi,Daily,Rakhi Singh,Rakhi Singh,Chandigarh,Chandigarh
AADARSH DELHI,DELHIN/2013/53327,2013-12-03,HINDI,Daily,Rakhi Singh,Rakhi Singh,Delhi,New Delhi
AADARSH DELHI,DELHIN/2013/50472,2013-06-25,HINDI,Weekly,Rakhi Singh,Rakhi Singh,Delhi,New Delhi
AADARSH GWALIOR,MPHIN/2021/81251,2022-03-24,Hindi,Weekly,SANJEEV KUMAR SHARMA,SANJEEV KUMAR SHARMA,Madhya Pradesh,Gwalior
AADARSH KESARI,MPHIN/26/A5036,2026-06-12,Hindi,Monthly,meena saraf,meena saraf,Madhya Pradesh,Gwalior
AADARSH KUTUMB,MAHMAR/2021/83160,2023-01-19,Marathi,Weekly,ANITA SANJAYSING GIRASE,ANITA SANJAYSING GIRASE,Maharashtra,Nandurbar
AADARSH LUCKNOW,UPHIN/2022/83046,2023-02-24,Hindi,Monthly,RUKHSANA,RUKHSANA,Uttar Pradesh,Lucknow
AADARSH NARWARIYA DARPAN,MPHIN/2019/78187,2019-11-29,Hindi,Monthly,PRAMOD SINGH JATAV,PRAMOD SINGH JATAV,Madhya Pradesh,Gwalior
AADARSH POLICE JAN SANDESH,UPBIL/2015/63274,2015-07-16,"English, HINDI",Fortnightly,VISHNU SHANKER TRIPATHI,VISHNU SHANKER TRIPATHI,Uttar Pradesh,Kanpur Nagar
AADARSH POLICE JAN SANDESH,UPHIN/2015/65167,2015-12-09,Hindi,Weekly,VISHNU SHANKER TRIPATHI,VISHNU SHANKER TRIPATHI,Uttar Pradesh,Kanpur Nagar
AADARSH RAJDHANI,MPHIN/2017/70859,2017-04-18,Hindi,Monthly,ANIL KUMAR,ANIL KUMAR,Madhya Pradesh,Bhopal
AADARSH SAMACHAR SANKET,MPHIN/2019/77083,2019-03-29,Hindi,Monthly,MOHAMMAD ASIF GORI,MOHAMMAD ASIF GORI,Madhya Pradesh,Indore
AADARSH SAMRAT,MAHMAR/2018/74883,2018-02-22,Marathi,Weekly,KRUSHNA SANDUJI BANKAR,KRUSHNA SANDUJI BANKAR,Maharashtra,Chhatrapati Sambhaji Nagar
AADARSH SWARAJYA,MAHMAR/2021/81671,2022-07-12,Marathi,Weekly,UDAY ASHOK PAWAR,UDAY ASHOK PAWAR,Maharashtra,Mumbai
AADARSH UNATI,MAHMAR/2023/86231,2024-01-31,Marathi,Weekly,FEROZ KHAN HASAN KHAN PATHAN,FEROZ KHAN HASAN KHAN PATHAN,Maharashtra,Hingoli
AADARSH YOJNA,UPHIN/2021/82094,2022-09-08,Hindi,Weekly,SAEED AHMAD,SAEED AHMAD,Uttar Pradesh,Lucknow
AADARSHA BHARATHI,TELTEL/2013/51423,2013-08-14,Telugu,Daily,SYEDA ALIAH ISMATH,SYEDA ALIAH ISMATH,Telangana,Rangareddy
AADARSHA CHIRAG,RAJHIN/2015/62950,2015-06-29,Hindi,Fortnightly,PEEYUSH JAIN,PEEYUSH JAIN,Rajasthan,Jaipur
AADARSHA KIRANAM,TGTEL/26/A1706,2026-03-18,Telugu,Monthly,VANGALA BALARAJ GOUD,VANGALA BALARAJ GOUD,Telangana,Hyderabad
AADARSHA NIRNAY,MAHMAR/2007/19438,2007-04-26,Marathi,Weekly,PRITAM KUMAR GOVERDHAN,PRITAM KUMAR GOVERDHAN,Maharashtra,Mumbai
AADAT VYAPAR SAMACHAR,26789,1974-02-21,"English, HINDI",Fortnightly,ROSHAN ALUNG,ROSHAN ALUNG,Delhi,New Delhi
AADDHI OLI,TNTAM/2009/30383,2010-01-12,Tamil,Monthly,B.R. GEETHA,B.R. GEETHA,Tamil Nadu,Chennai
AADESH JANTECHA,MHMAR/25/A1654,2025-07-04,Marathi,Weekly,BHIMANNA,BHIMANNA,Maharashtra,Pune
AADESH NAMA,MHMAR/26/A3131,2026-05-06,Marathi,Bimonthly (Once in two months),MUKESH MULCHAND KOLI,MUKESH MULCHAND KOLI,Maharashtra,Jalgaon
AADESH PATRA,MAHMAR/2023/87346,2024-05-20,Marathi,Weekly,DIPAK NAMDEO PATOLE,DIPAK NAMDEO PATOLE,Maharashtra,Dhule
AADHA JAMANA,62221,1995-09-15,Hindi,Weekly,JIWAT RAM SINDHI,JIVAT RAM SINDHI,Rajasthan,Bhilwara
AADHAAR,40658,1983-10-04,"English, HINDI",Quarterly,,,Delhi,New Delhi
AADHALA VARTA,MHBIL/25/A1143,2025-06-06,"Hindi, Marathi",Weekly,Shantaram Murlidhar Darade,Shantaram Murlidhar Darade,Maharashtra,Ahilyanagar
AADHAN NEWS,TNTAM/2021/81268,2022-03-24,Tamil,Monthly,RAMASWAMY,RAMASWAMY,Tamil Nadu,Chennai
AADHAN TELUGU,TGTEL/25/A0989,2025-06-04,Telugu,Daily,PATAPATI PRABHAKAR VARMA RAJU,PATAPATI PRABHAKAR VARMA RAJU,Telangana,Hyderabad
AADHAR ODISHA,ODIODI/2021/88278,2024-08-02,Oriya,Weekly,SIBA PRASAD SASAMALA,KISHOR CHANDRA PADHI,Odisha,Bargarh
AADHAR SAMARPAN,MPHIN/2010/39272,2011-10-13,Hindi,Monthly,RAJESH AZAD,RAJESH AZAD,Madhya Pradesh,Bhopal
AADHAR SANHITA,MPHIN/2011/43165,2014-01-07,Hindi,Monthly,NAHID QURAISHI,NAHID QURAISHI,Madhya Pradesh,Bhopal
AADHAR SATYA,MAHMAR/2016/74197,,Marathi,Daily,GAIBAN LATIF MIRASAHEB,GAIBAN LATIF MIRASAHEB,Maharashtra,Kolhapur
AADHAR STAMBH,MAHMAR/2022/82816,2022-11-22,Marathi,Daily,SANDIP SAMADHAN GAWANDE,SANDIP SAMADHAN GAWANDE,Maharashtra,Buldhana
AADHARBHOOT SIDDHANT,MPHIN/2023/87594,2024-06-24,HINDI,Monthly,ANIRUDDH SINGH,ANIRUDDH SINGH,Madhya Pradesh,Bhopal
AADHARBHOOT SIDDHANT,MPHIN/25/A4563,2025-12-02,Hindi,Quarterly,aniruddh singh,aniruddh singh,Madhya Pradesh,Bhopal
AADHARSHA RATHNA,APTEL/2002/08514,2010-06-18,Telugu,Daily,PATI VENKATANARASIMHA RAO,PATI VENKATANARASIMHA RAO,Andhra Pradesh,Chittoor
AADHARSHILA SAHITYAM,CHAHIN/2021/85338,2023-08-31,Hindi,Quarterly,ANEETA SURBHI,ANEETA SURBHI,Chandigarh,Chandigarh
AADHARSHILA TIMES,UPHIN/2014/59379,2015-01-02,Hindi,Daily,JAIPRAKASH YADAV,JAIPRAKASH YADAV,Uttar Pradesh,Basti
AADHAVAN PAARVAI,TNTAM/2015/66329,2016-03-04,Tamil,Weekly,K. SATHIYA,K.SATHIYA,Tamil Nadu,Chennai
AADHAVAN REEPORTER,TNTAM/26/A5223,2026-06-17,Tamil,Monthly,Bhuvaneshwaran,Bhuvaneshwaran,Tamil Nadu,Tiruppur
AADHESH JANJAGRUTICHA,MHMAR/26/A2486,2026-04-13,Marathi,Weekly,Pravin Shrinivas Londhe,Pravin Shrinivas Londhe,Maharashtra,Sangli
AADHI AABADI,UPHIN/26/A5213,2026-06-17,Hindi,Monthly,RICHA GUPTA,RICHA GUPTA,Uttar Pradesh,Lucknow
AADHI DUNIA,CHHHIN/2013/54861,2014-03-06,Hindi,Weekly,SUNITA SAH,SUNITA SAH,Chhattisgarh,Raipur
AADHI RAAT,38721,1981-08-02,English,Monthly,KALICHARAN SHARMA,KALICHARAN SHARMA,Uttar Pradesh,Agra
AADHUNIK AADAN PRADAN,UAHIN/25/A2652,2025-09-18,Hindi,Weekly,Munish Sharma,Munish Sharma,Uttarakhand,Haridwar
AADHUNIK INDIA,DELHIN/2010/30630,2010-02-02,Hindi,Fortnightly,DINESH KUMAR CHAUHAN,DINESH KUMAR CHAUHAN,Delhi,New Delhi
AADHUNIK JAGAT,MPHIN/2011/42496,2012-05-25,Hindi,Monthly,ARVIND JAIN,ARVIND JAIN,Madhya Pradesh,Bhopal
AADHUNIK JEEWAN LEELA,51436,1992-06-09,Hindi,Fortnightly,"LAXMI STREET SHIVPURI DIST  LUDHIANA, PUNJAB",PAUL N MODGIL,Punjab,Ludhiana
AADHUNIK KESARI,MAHMAR/2021/82566,2022-10-25,Marathi,Daily,PRABHU VENKATRAO GORE,PRABHU VENKATRAO GORE,Maharashtra,Chhatrapati Sambhaji Nagar
AADHUNIK KESARI,MHMAR/26/A1462,2026-02-26,Marathi,Daily,Prabhu Venkatrao Gore,Prabhu Venkatrao Gore,Maharashtra,Nanded
AADHUNIK LOKTANTRA,RAJHIN/2020/82141,2022-09-16,Hindi,Fortnightly,SANJAY KUMAR,SANJAY KUMAR,Rajasthan,Ajmer
AADHUNIK MANAK,UAHIN/25/A2973,2025-09-30,Hindi,Weekly,PANKAJ,PANKAJ,Uttarakhand,Dehradun
AADHUNIK MEDIA,MPHIN/2021/82655,2022-11-10,Hindi,Daily,HARIOM TYAGI,HARIOM TYAGI,Madhya Pradesh,Gwalior
AADHUNIK MEDIA,MPHIN/2020/80170,2021-10-25,Hindi,Weekly,HARIOM TYAGI,HARIOM TYAGI,Madhya Pradesh,Gwalior
AADHUNIK PATRAKARITA,MHMAR/26/A2252,2026-04-06,Marathi,Weekly,Chaitanya Dilip Rudrabhate,Chaitanya Dilip Rudrabhate,Maharashtra,Satara
AADHUNIK PRADESH,UAHIN/25/A5455,2025-12-30,Hindi,Fortnightly,SUNDAR SINGH,SUNDAR SINGH,Uttarakhand,Dehradun
AADHUNIK SANSAR,MPHIN/2013/50112,2013-06-03,Hindi,Monthly,RAKESH KUMAR,RAKESH KUMAR,Madhya Pradesh,Gwalior
AADHUNIK SANVAAD,UAHIN/26/A3592,2026-05-13,Hindi,Weekly,Ranjan rawat,Ranjan rawat,Uttarakhand,Garhwal
AADHYA MAIL UPDATE INDIA,UPHIN/26/A4969,2026-06-11,Hindi,Daily,DHIRENDRA SOLANKI,DHIRENDRA SOLANKI,Uttar Pradesh,Etah
AADHYAATMIK DARSHAN,MPHIN/2023/89118,2024-09-24,HINDI,Quarterly,SANTOSH SAHU,SANTOSH SAHU,Madhya Pradesh,Gwalior
AADHYATM SHAKTI,CHHHIN/2019/79345,2021-02-01,Hindi,Monthly,SHAILENDRA BANJARE,SHAILENDRA BANJARE,Chhattisgarh,Raipur
AADHYATMA SAMPRADAYA,KARKAN/2016/69500,2016-12-05,Kannada,Monthly,RAJU V.D.,SHREE ADHYATMA TRUST COMMITEE BHANDIWAD,Karnataka,Dharwad
AADHYATMIKA NEWS MUSSORIE,UAHIN/25/A3165,2025-10-13,Hindi,Monthly,sunita,sunita,Uttarakhand,Dehradun
AADI ANANT NEWS,GJMUL/26/A6202,2026-07-28,"English, Hindi, Gujarati",Daily,MAMTABEN ROHITBHAI PATEL,Akshay Patel,Gujarat,Vadodara
AADI BHARAT,TELBIL/2016/74130,2017-12-11,"English, HINDI",Weekly,BHUPAL VALMIKI,BHUPAL VALMIKI,Telangana,Hyderabad
AADI PARASAKTHI-MAHAKALI,APTEL/2000/07110,2002-07-04,Telugu,Monthly,M.K.GNANI,M.K.GNANI,Andhra Pradesh,Prakasam
AADI SHAKTI,MAHMAR/2010/35441,2011-01-24,Marathi,Weekly,POORNIMA SUDHIR KABRE,POORNIMA SUDHIR KABRE,Maharashtra,Thane
AADI SWARAJYA,MAHMAR/2023/84522,2023-05-26,Marathi,Weekly,DATTARAM RAMCHANDRA BIRARI,DATTARAM RAMCHANDRA BIRARI,Maharashtra,Mumbai
AADI UDBHAV,UTTHIN/2016/69362,2016-11-16,Hindi,Daily,ANITA JOSHI,ANITA JOSHI,Uttarakhand,Dehradun
AADIKAAL,UPHIN/2010/33104,2010-08-03,Hindi,Weekly,SUSHEELA SHUKLA,SUSHEELA SHUKLA,Uttar Pradesh,Bareilly
AADIKAAL,UPHIN/2011/47700,2013-06-27,Hindi,Weekly,SUSHEELA SHUKLA,SUSHEELA SHUKLA,Uttar Pradesh,Bareilly
AADIKAAL,UPHIN/2013/48791,2013-03-22,Hindi,Daily,SUSHEELA SHUKLA,SUSHEELA SHUKLA,Uttar Pradesh,Lucknow
AADIKAAL,UPHIN/2011/39140,2014-01-29,Hindi,Daily,SUSHEELA SHUKLA,SUSHEELA SHUKLA,Uttar Pradesh,Bareilly
AADIKAAL,UPHIN/2012/45526,2012-10-04,Hindi,Weekly,SUSHEELA SHUKLA,SUSHEELA SHUKLA,Uttar Pradesh,Lucknow
AADIKAAL,DLHIN/25/A5358,2025-12-30,Hindi,Daily,SUSHILA SHUKLA,SUSHILA SHUKLA,Delhi,New Delhi
AADIM JANSANGRAM,MAHMAR/2015/66090,2016-02-10,Marathi,Weekly,RAMESH SAMBHAJI PARCHAKE,RAMESH SAMBHAJI PARCHAKE,Maharashtra,Thane
AADINAGALU,KARKAN/2017/73966,2017-11-24,Kannada,Monthly,V.K. BHANU PRAKASH,V.K. BHANU PRAKASH,Karnataka,Bengaluru
AADINATH MEDIA,RJHIN/25/A5439,2025-12-31,Hindi,Fortnightly,Manoj Kumar Jain,Manoj Kumar Jain,Rajasthan,Jaipur
AADINATH NEWS,GUJGUJ/2011/39882,2011-12-08,Gujarati,Weekly,MEHTA PRAVINKUMAR DAHYALAL,MEHTA PRAVINKUMAR DAHYALAL,Gujarat,Mahesana
AADISHESH WRUTTA,MPHIN/26/A0857,2026-01-30,Hindi,Weekly,Sagar Gaikwad,Sagar Gaikwad,Madhya Pradesh,Indore
AADITYA ALOK,MPHIN/2011/52486,2013-10-09,Hindi,Weekly,MAMTA KAILASH,MAMTA KAILASH,Madhya Pradesh,Bhopal
AADITYA TIMES,UPHIN/2003/11475,2003-12-19,Hindi,Weekly,ADITYA NARAYAN TRIPATHI,ADITYA NARAYAN TRIPATHI,Uttar Pradesh,Ambedkar Nagar
AADITYA TIMES,UPHIN/2013/50077,2013-06-05,Hindi,Daily,ADITYA NARAYAN TRIPATHI,ADITYA NARAYAN TRIPATHI,Uttar Pradesh,Ambedkar Nagar
AADITYA VICHAAR,MPHIN/26/A2226,2026-04-06,Hindi,Daily,RAVINA SHARMA,RAVINA SHARMA,Madhya Pradesh,Sheopur
AADIVAASI GONTUKA,APTEL/2012/45762,2012-10-15,Telugu,Quarterly,VATTAM UPENDER,VATTAM UPENDER,Andhra Pradesh,Warangal
AADIVASI VRUTTADARSHAN,MAHMAR/2000/05556,2001-12-27,Marathi,Weekly,ARJUNSING DIWANSING VASAVE,AJIT D.VASAVE,Maharashtra,Nandurbar
AADIWARTA,MPHIN/2007/21772,2007-11-26,Hindi,Bimonthly (Once in two months),SMT. LAXMIKANTA,LAXMIKANTA,Madhya Pradesh,Bhopal
AADIWASI DAHAD,MAHBIL/2021/80675,2021-12-28,"Marathi, Hindi",Weekly,ARJUN SUKHADEV YUVANATE,ARJUN SUKHADEV YUVANATE,Maharashtra,Amravati
AADLI KUSHLI,UTTKUM/2017/78922,2020-09-29,English,Monthly,SARASWATI DEVI,SARASWATI DEVI,Uttarakhand,Pithoragarh
AADRSH KISAN,RAJHIN/2016/76799,2019-01-30,Hindi,Fortnightly,PARAS GARG,PARAS GARG,Rajasthan,Hanumangarh
AADUKALAM SPORTSTAR,TNTAM/26/A1864,2026-03-23,Tamil,Monthly,MICHAEL MEDONA S,AADUKALAM SPORTS PRIVATE LIMITED,Tamil Nadu,Thiruvallur
AADYAA,ODIODI/2002/10767,2003-09-18,Oriya,Fortnightly,SANJAY KR. MOHAPATRA,SANJAY KR. MOHAPATRA,Odisha,Khordha
AAFAT,28301,1975-12-05,Hindi,Weekly,MOHAN PRASAD,MOHAN PRASAD,Bihar,Bhagalpur
AAFAT AUR RAHAT,UPHIN/2013/52909,2013-11-01,Hindi,Weekly,NALINI SINGH,NALINI SINGH,Uttar Pradesh,Lucknow
AAFTABE KUDRAT,MPHIN/26/A4795,2026-06-08,Hindi,Fortnightly,Reshma,Reshma,Madhya Pradesh,Bhopal
AAFTABE KUDRAT,MPHIN/2021/82994,2022-12-12,Hindi,Quarterly,RESHMA,RESHMA,Madhya Pradesh,Bhopal
AAFTABE KUDRAT,MPHIN/26/A4794,2026-06-08,Hindi,Bimonthly (Once in two months),Reshma,Reshma,Madhya Pradesh,Bhopal
AAFTABE KUDRAT,MPHIN/26/A4800,2026-06-08,Hindi,Monthly,Reshma,Reshma,Madhya Pradesh,Bhopal
AAG,MAHURD/2014/58673,2014-11-29,Urdu,Daily,AEJAZ NASIR MIRZA,TRUE MEDIA INDIAN COMMUNICATION LTD.,Maharashtra,Mumbai
AAG,UPURD/2010/35463,2011-01-27,Urdu,Daily,MOHD. HYDER MEHDI ALI,TRUE MEDIA INDIAN COMMUNICATION LTD.,Uttar Pradesh,Gorakhpur
AAG,UPURD/2010/34811,2010-12-16,Urdu,Daily,FAHEEM WIQAR,TRUE MEDIA INDIAN COMMUNICATION LTD.,Uttar Pradesh,Azamgarh
AAG,UPURD/2010/35354,2011-01-20,Urdu,Daily,FAHEEM WIQAR,TRUE MEDIA INDIAN COMMUNICATION LTD.,Uttar Pradesh,Faizabad
AAG,40679,2014-11-08,Hindi,Monthly,SUJATA GUPTA,SUJATA GUPTA,Delhi,New Delhi
AAG,DELURD/2015/60426,2015-02-24,Urdu,Daily,PRABHAT DEWAN,TRUE MEDIA INDIAN COMMUNICATION LTD.,Delhi,New Delhi
AAG,9575,2010-06-09,Urdu,Daily,FAHEEM WIQAR,TRUE MEDIA INDIAN COMMUNICATION LTD.,Uttar Pradesh,Lucknow
AAG,UPURD/2010/34813,2010-12-16,Urdu,Daily,FAHEEM WIQAR,TRUE MEDIA INDIAN COMMUNICATION LTD.,Uttar Pradesh,Kanpur Nagar
AAG AUR JAWALA,22286,1971-07-03,Hindi,Weekly,PUSHAPRAJ SHARMA,JYOTI NEWSPAPERS AGENCY,Madhya Pradesh,Ujjain
AAG AUR SHOLEY,UPURD/2009/27386,2009-05-18,Urdu,Daily,AFROZ MUJTABA,AFROZ MUJTABA,Uttar Pradesh,Lucknow
AAG KA GOLA,MPHIN/2022/82455,2022-10-21,Hindi,Monthly,MAMTA RAY,MAMTA RAY,Madhya Pradesh,Bhopal
AAGAAZ TIMES,UPHIN/2009/28569,2013-06-03,Hindi,Weekly,FALAK KHAN,FALAK KHAN,Uttar Pradesh,Lucknow
AAGAAZ TIMES,UPHIN/26/A3493,2026-05-12,Hindi,Monthly,Falak,Falak,Uttar Pradesh,Lucknow
AAGAAZ-E-MALVA,MPHIN/2009/39427,2011-11-03,Hindi,Weekly,SANJAY SISODIYA,SANJAY SISODIYA,Madhya Pradesh,Dhar
AAGAAZ-E-MALVA,MPHIN/2022/86085,2024-01-11,Hindi,Weekly,SANJAY SISODIYA,SANJAY SISODIYA,Madhya Pradesh,Bhopal
AAGAJ A KRANTI,MPHIN/2011/45844,2012-10-25,Hindi,Fortnightly,KAPIL SHARMA,KAPIL SHARMA,Madhya Pradesh,Gwalior
AAGAJ E KALAM,MPHIN/2013/50120,2013-06-03,Hindi,Weekly,CHANDRAKANT TRIPATHI,CHANDRAKANT TRIPATHI,Madhya Pradesh,Gwalior
AAGAJ KI AAWAJ,RAJHIN/2013/54948,2014-03-13,Hindi,Fortnightly,OM PRAKASH NAJWANI,OM PRAKASH NAJWANI,Rajasthan,Ajmer
AAGAM NEWS,MPHIN/26/A5660,2026-07-02,Hindi,Quarterly,Swapnil Jain,Swapnil Jain,Madhya Pradesh,Ujjain
AAGAM PATH,25644,1974-03-21,Hindi,Monthly,VINOD KUMAR JAIN,VINOD KUMAR JAIN,Delhi,New Delhi
AAGAMANAM,KERMAL/2015/70057,2017-01-19,Malayalam,Daily,AMJAD S.,AMJAD S.,Kerala,Alappuzha
AAGAMEE PROPAGANDA,MPHIN/2011/38042,2011-06-27,Hindi,Daily,S.M. RAFI,S.M. RAFI,Madhya Pradesh,Bhopal
AAGAMEE PROPAGANDA,CHHHIN/2012/43839,2012-07-09,Hindi,Daily,S.M. RAFI,S.M. RAFI,Chhattisgarh,Raipur
AAGAMI KALI,ODIODI/2012/46520,2012-11-22,Oriya,Daily,SMT. BAIJAYANTI MALA DAS,BAIJAYANTI MALA DAS,Odisha,Khordha
AAGAR KE MANJHDHAR,CHHHIN/2013/55293,2014-04-15,Hindi,Fortnightly,RAKESH SHUKLA,RAKESH SHUKLA,Chhattisgarh,Mungeli
AAGAR MALWA KI DHAR,MPHIN/2021/82867,2022-11-22,Hindi,Quarterly,KARISHMA MAHAWAR,KARISHMA MAHAWAR,Madhya Pradesh,Bhopal
AAGAR SAGAR,MAHMAR/2021/81274,2022-03-25,Marathi,Quarterly,HITESH PANDURANG MADHAVI,HITESH PANDURANG MADHAVI,Maharashtra,Mumbai
AAGARI RANG,MAHMAR/2011/71295,2017-05-01,Marathi,Weekly,DUSHANT HARESHWAR BHOIR,DUSHANT HARESHWAR BHOIR,Maharashtra,Thane
AAGAVI PAHCHAN,GUJGUJ/2013/51930,2014-04-04,Gujarati,Monthly,KIRTIBEN VINODCHANDRA JAYSWAL,KIRTIBEN VINODCHANDRA JAYSWAL,Gujarat,Kheda
AAGAZ,UPHIN/2006/20053,2007-06-07,Hindi,Weekly,MEENA DIXIT,MEENA DIXIT,Uttar Pradesh,Lucknow
AAGAZ AUR ANJAM,43119,1984-08-29,Urdu,Daily,MOAZZAM HAIDARI,MOAZZAM HAIDARI,Bihar,Patna
AAGAZ E WATAN,UPURD/2015/64684,2015-11-09,Urdu,Daily,MOHD. ANWARUL HAQ,MOHD. ANWARUL HAQ,Uttar Pradesh,Lucknow
AAGAZ INDIA,MPHIN/2012/43832,2012-07-09,Hindi,Weekly,NITIN DIWEDI,NITIN DIWEDI,Madhya Pradesh,Indore
AAGAZ TIMES,MAHMAR/2016/66838,2016-05-14,Marathi,Weekly,AASHA SUNIL PATIL,AASHA SUNIL PATIL,Maharashtra,Jalgaon
AAGE BADNA HAI,MPHIN/2006/26671,2009-01-02,Hindi,Monthly,MANOJ SAXSENA,MANOJ SAXSENA,Madhya Pradesh,Bhopal
AAGE BADNA HAI,MPHIN/2021/82519,2022-10-21,Hindi,Weekly,MANOJ SAXSENA,MANOJ SAXSENA,Madhya Pradesh,Bhopal
AAGE KADAM,10030,1964-10-20,Urdu,Weekly,CHAMAN LAL KAPUR,,Punjab,Jalandhar
AAGE KI RANNITI,UAHIN/26/A5403,2026-06-22,Hindi,Weekly,HEEMA DEVI,HEEMA DEVI,Uttarakhand,Dehradun
AAGE KI SOCH,GJGUJ/25/A4624,2025-12-03,Gujarati,Weekly,patel tejalben chetankumar,patel tejalben chetankumar,Gujarat,Mahesana
AAGNEYAM,KARMAL/2006/17985,2006-12-21,Malayalam,Monthly,ANUMOL K.M.,ANUMOL K.M.,Karnataka,Bengaluru Rural
AAGOSH E KHABAR,MPHIN/2012/47072,2012-12-18,Hindi,Weekly,Saba Khan,saba khan,Madhya Pradesh,Bhopal
AAGVU GUJARAT,GUJGUJ/2012/46769,2012-12-05,Gujarati,Daily,ASHOK KUMAR KANTILAL JAMBUKIYA,ASHOK KUMAR KANTILAL JAMBUKIYA,Gujarat,Ahmedabad
AAHAR WAYS,UPBIL/2007/19998,2007-06-05,BILINGUAL,Monthly,SACHIN BHUTANI,SACHIN BHUTANI,Uttar Pradesh,Ghaziabad
AAI SAHEB,MAHMAR/2005/15252,2005-09-13,Marathi,Weekly,SAMSHER MAHEMOOD PATHAN,SAMSHER MAHEMOOD PATHAN,Maharashtra,Chhatrapati Sambhaji Nagar
AAIN ADHIKAR,ODIODI/2017/73824,2017-11-15,Oriya,Monthly,B.B. CHAMPATIRAY,B.B.CHAMPATIRAY,Odisha,Khordha
AAINA,68674,1998-07-07,Oriya,Monthly,KHETRABASI SAHOO,KHETRABASI SAHOO,Odisha,Cuttack
AAINA BASTI KA,UPHIN/2009/31216,2010-03-05,Hindi,Weekly,RAJPRAKASH,RAJPRAKASH,Uttar Pradesh,Basti
AAINA E AWADH,UPURD/2014/61013,2015-03-30,Urdu,Weekly,JAGDISH KUMAR MAURYA,JAGDISH KUMAR MAURYA,Uttar Pradesh,Lucknow
AAINA E AWADH,UPURD/2015/63729,2015-08-11,Urdu,Daily,JAGDISH KUMAR MAURYA,JAGDISH KUMAR MAURYA,Uttar Pradesh,Lucknow
AAINA E HIND,UPHIN/2009/27789,2009-05-20,Hindi,Weekly,MOHD. RIYAZ,MOHD. RIYAZ,Uttar Pradesh,Moradabad
AAINA E SAMAJ VA SIYASAT,MAHURD/2016/67127,2016-05-31,Urdu,Weekly,MUHAMMED ABDUL WAHAB SIDDIQUI,MUHAMMED ABDUL WAHAB SIDDIQUI,Maharashtra,Thane
AAINA E URDU SAHAFAT,UPBIL/2015/65443,2016-01-04,"Hindi, Urdu",Annual,MURTAZA IQBAL,MURTAZA IQBAL,Uttar Pradesh,Moradabad
AAINA EXPRESS,UPHIN/26/A3047,2026-04-30,Hindi,Daily,Ravi Prakash Singh,Ravi Prakash Singh,Uttar Pradesh,Lucknow
AAINA EXPRESS,UPURD/2013/54145,2014-01-23,Urdu,Daily,RAVI PRAKASH SINGH,RAVI PRAKASH SINGH,Uttar Pradesh,Lucknow
AAINA EXPRESS,UPENG/2023/87669,2024-06-26,ENGLISH,Daily,RAVI PRAKASH SINGH,RAVI PRAKASH SINGH,Uttar Pradesh,Lucknow
AAINA EXPRESS,UPURD/2023/87700,2024-06-27,URDU,Daily,RAVI PRAKASH SINGH,RAVI PRAKASH SINGH,Uttar Pradesh,
AAINA JIBONOR,ASSASS/2019/79185,2020-12-14,Assamese,Monthly,BHABESH CHANDRA DEKA,PRIDE EAST ENTERTAINMENTS PRIVATE LIMITED,Assam,Kamrup Metropolitan
AAINA KANPUR,UPBIL/2012/47257,2013-01-03,"Hindi, Urdu",Weekly,ASIF ZAMANAT,ASIF ZAMANAT,Uttar Pradesh,Kanpur Nagar
AAINA KANPUR,UPENG/2013/50205,2013-06-07,English,Monthly,ASIF ZAMANAT,ASIF ZAMANAT,Uttar Pradesh,Kanpur Nagar
AAINA LOOK,UPHIN/2007/22969,2008-02-18,Hindi,Fortnightly,SANJEEV KUMAR YADAV,SANJEEV KUMAR YADAV,Uttar Pradesh,Bijnor
AAINA MAZAHIR ULOOM,UPURD/26/A4641,2026-06-04,Urdu,Monthly,Muhammad Badran Saeedi,Muhammad Badran Saeedi,Uttar Pradesh,Saharanpur
AAINA NANHI TULIKA,BIHHIN/2010/34319,2010-11-16,Hindi,Monthly,SANJAY SHASHWAT,SANJAY SHASHWAT,Bihar,Bhojpur
AAINA POST,UPHIN/2009/32665,2010-06-16,Hindi,Monthly,MOHD. FARHAN,MOHD. FARHAN,Uttar Pradesh,Prayagraj
AAINA SAMASTIPUR,BIHHIN/2015/65499,2016-01-08,Hindi,Monthly,SANJEEV KUMAR SINGH,SANJEEV KUMAR SINGH,Bihar,Samastipur
AAINA THE VISION,RAJHIN/2014/57087,2014-09-10,Hindi,Fortnightly,SURESH KUMAR KHATNAWALIA,SURESH KUMAR KHATNAWALIA,Rajasthan,Jodhpur
AAINA VACHARON KA,MPHIN/2011/38775,2011-09-05,Hindi,Monthly,DEEPENDRA KAUSHAL,DEEPENDRA KAUSHAL,Madhya Pradesh,Bhopal
AAINA-E- HAQ,DELURD/2001/03171,2000-03-30,Urdu,Monthly,MOHD. FAROOQ,MOHD. FAROOQ,Delhi,New Delhi
AAINA-E-MULK,UPURD/2010/32044,2010-04-26,Urdu,Daily,SHABINA KHATOON,SHABINA KHATOON,Uttar Pradesh,Prayagraj
AAINA-E-MULK,UPURD/2009/27844,2009-05-21,Urdu,Weekly,SHABINA KHATOON,SHABINA KHATOON,Uttar Pradesh,Prayagraj
AAIRA TODAY,MPHIN/2021/88116,2024-07-22,HINDI,Weekly,AKBAR KHAN,AKBAR KHAN,Madhya Pradesh,Bhopal
AAISA UZMA,70868,1999-06-10,Urdu,Weekly,QAJI  OBEAURDUR RAHMAN,QAZI OBEDURRAHMAN,Uttar Pradesh,Kushinagar
AAISA UZMA,UPURD/2011/45481,2012-10-03,Urdu,Daily,QAZI OBAIDUR RAHMAN,QAZI OBEDURRAHMAN,Uttar Pradesh,Kushinagar
AAJ,59741,1990-09-03,Hindi,Daily,JITENDRA KUMAR SINGH,GYANMANDAL LIMITED,Uttar Pradesh,Prayagraj
AAJ,UTTHIN/2010/35949,2011-02-28,Hindi,Daily,SURESH SINGH,JNANAMANDAL LTD.,Uttarakhand,Nainital
AAJ,33443,1991-06-11,Hindi,Daily,SHEO SHANKAR DUBEY,JNANAMANDAL LTD.,Bihar,Patna
AAJ,48981,1989-01-27,Hindi,Daily,RATNESHWAR PRASAD,JNANAMANDAL LTD.,Jharkhand,Purbi Singhbhum
AAJ,2026,1957-03-04,Hindi,Daily,SHASHIKANT TRIPATHI,GYANMANDAL LTD.,Uttar Pradesh,Varanasi
AAJ,44305,1985-01-01,Hindi,Daily,RATNESHWAR PRASAD,JNANAMANDAL LTD,Bihar,Ranchi
AAJ,38710,1997-06-23,Hindi,Daily,AKHILESH CHAND,JNANA MANDAL LTD.,Uttar Pradesh,Gorakhpur
AAJ,59736,1995-01-01,Hindi,Daily,,,,
AAJ,51068,2005-12-12,Hindi,Daily,SURESH SINGH,GYANMANDAL LTD.,Uttar Pradesh,Bareilly
AAJ,46142,1987-05-12,Hindi,Daily,RAM AVATAR YADAV,"JNANAMANDAL LTD, AGRA",Uttar Pradesh,Agra
AAJ,26521,1975-09-23,Hindi,Daily,RAM AVATAR YADAV,JNANAMANDAL LTD.,Uttar Pradesh,Kanpur Nagar
AAJ BIKEL,WBBEN/2014/65433,2016-01-04,Bengali,Daily,KUMARESH HALDER,KUMARESH HALDER,West Bengal,North 24 Parganas
AAJ BUNDELKHAND,UPHIN/2012/44452,2012-08-02,Hindi,Weekly,CHAU K.L. YADAV,CH. K.L. YADAV,Uttar Pradesh,Jalaun
AAJ ESTATE,DELENG/2021/91066,2025-07-16,English,Weekly,DEVINDER BAISOYA,DEVINDER BAISOYA,Delhi,New Delhi
AAJ EXPRESS,MPHIN/2008/27258,2009-03-23,Hindi,Daily,IMRAN AHMED,IMRAN AHMED,Madhya Pradesh,Bhopal
AAJ JAIPUR,RAJHIN/2010/35263,2013-06-20,Hindi,Daily,SUNIL KUMAR SHARMA,AVI NEWSPRINT MEDIA PVT. LTD.,Rajasthan,Jaipur
AAJ KA A.P.,APURD/2010/37199,2011-05-13,Urdu,Daily,SYED KARRAR ALI KHAN,SYED KARRAR ALI KHAN,Andhra Pradesh,Hyderabad
AAJ KA A.P.,APENG/2009/29343,2009-10-29,English,Fortnightly,SYED KARRAR ALI KHAN,SYED KARRAR ALI KHAN,Andhra Pradesh,Hyderabad
AAJ KA AACHARAN,MPHIN/2014/57033,2014-09-08,Hindi,Daily,CHANDRAKANT TRIPATHI,CHANDRA KANT TRIPATHI,Madhya Pradesh,Gwalior
AAJ KA AAINA,HARHIN/2007/21697,2007-11-06,HINDI,Weekly,SURESH MALIK,SURESH MALIK,Haryana,Panipat
AAJ KA AAKLAN,MPHIN/2013/52557,2013-10-11,Hindi,Monthly,NEELIMA NAMDEV,NEELIMA NAMDEV,Madhya Pradesh,Bhopal
AAJ KA AAKLAN,MPHIN/2017/75263,2018-05-30,Hindi,Daily,NEELIMA NAMDEV,NEELIMA NAMDEV,Madhya Pradesh,Bhopal
AAJ KA AAKLAN,MPHIN/2018/77034,2019-03-18,Hindi,Weekly,NEELIMA NAMDEV,NEELIMA NAMDEV,Madhya Pradesh,Bhopal
AAJ KA AAKLAN,MPHIN/2018/77141,2019-04-08,Hindi,Quarterly,NEELIMA NAMDEV,NEELIMA NAMDEV,Madhya Pradesh,Bhopal
AAJ KA AALAP,CTHIN/25/A2713,2025-09-19,Hindi,Daily,KUMARI RINKI SONI,KUMARI RINKI SONI,Chhattisgarh,Surguja
AAJ KA AALAP,CHHHIN/2014/57598,2014-10-09,Hindi,Daily,KUMARI RINKI SONI,KUMARI RINKI SONI,Chhattisgarh,Raipur
AAJ KA AARADHYA,RAJHIN/2018/78179,2019-11-25,Hindi,Monthly,OM PRAKASH SHARMA,OM PRAKASH SHARMA,Rajasthan,Sikar
AAJ KA AATANK,UPHIN/2009/29998,2009-12-11,Hindi,Daily,DILIP CHANDRA PANDEY,DILIP CHANDRA PANDEY,Uttar Pradesh,Basti
AAJ KA ABHIMANYU,MPHIN/2011/40801,2013-12-24,Hindi,Weekly,RAJEEV SRIVASTAVA,M/S. RAAS PUBLICATION PVT. LTD.,Madhya Pradesh,Indore
AAJ KA ADHYAYAN,62936,1996-01-03,Hindi,Quarterly,PRADEEP KUMAR,PRADEEP KUMAR,Uttar Pradesh,Bareilly
AAJ KA ADITYA,UTTHIN/2012/42938,2012-06-15,Hindi,Weekly,SUNITA MISHRA,SUNITA MISHRA,Uttarakhand,Tehri Garhwal
AAJ KA ADITYA,UTTHIN/2009/30568,2010-01-22,Hindi,Weekly,SUNITA MISHRA,SUNITA MISHRA,Uttarakhand,Dehradun
AAJ KA AKOLA,MAHHIN/2022/84214,2023-05-11,Hindi,Weekly,JAGDISH ARUN MAGAR,JAGDISH ARUN MAGAR,Maharashtra,Akola
AAJ KA ANAND,MAHHIN/2008/31252,2010-03-05,Hindi,Daily,ANAND SHYAM AGARWAL,AAJ KA ANAND PAPERS LTD,Maharashtra,Mumbai
AAJ KA ANAND,32038,1979-11-19,Hindi,Daily,ANAND SHYAM AGARWAL,AAJ KA ANAND PAPERS LTD,Maharashtra,Pune
AAJ KA ANNADATA,MPBIL/2017/77138,2019-04-08,"English, HINDI",Monthly,JAYPRAKASH SHUKLA,JAY PRAKASH SHUKLA,Madhya Pradesh,Ratlam
AAJ KA ANUBHAV,CHHHIN/2012/44265,2012-07-26,Hindi,Monthly,UMESH TRIPATHI,UMESH TRIPATHI,Chhattisgarh,Raipur
AAJ KA ANUBHAV,MPHIN/1999/00365,2000-02-18,Hindi,Weekly,UMESH TRIPATHI,UMESH TRIPATHI,Madhya Pradesh,Bhopal
AAJ KA APRADH,UPHIN/2009/30902,2010-02-11,Hindi,Weekly,SYED ASIF,SYED ASIF,Uttar Pradesh,Gorakhpur
AAJ KA ARJUN,UTTHIN/2006/16549,2006-05-10,Hindi,Weekly,RUDRESH FAUJI,RUDRESH FAUJI,Uttarakhand,Haridwar
AAJ KA ARJUN,UTTHIN/2012/41040,2012-08-30,Hindi,Weekly,RUDRESH FAUJI,RUDRESH FAUJI,Uttarakhand,Udham Singh Nagar
AAJ KA ARJUN,59527,2010-11-12,Hindi,Weekly,RUDRESH FAUJI,RUDRESH FAUJI,Uttar Pradesh,Muzaffarnagar
AAJ KA ARJUN,UTTHIN/2010/36694,2011-05-24,Hindi,Fortnightly,RUDRESH FAUJI,RUDRESH FAUJI,Uttarakhand,Haridwar
AAJ KA ARJUN,UTTHIN/2006/19040,2007-04-10,Hindi,Weekly,RUDRESH FAUJI,RUDRESH FAUJI,Uttarakhand,Dehradun
AAJ KA ARJUN,UPHIN/2012/46803,2012-12-05,Hindi,Daily,RAJNEESH KUMAR GAUTAM,RUDRESH FAUJI,Uttar Pradesh,Muzaffarnagar
AAJ KA ARJUN,UTTURD/2011/41039,2012-03-07,Urdu,Fortnightly,RUDRESH FAUJI,RUDRESH FAUJI,Uttarakhand,Haridwar
AAJ KA BHARAT,GUJGUJ/2013/54036,2014-01-20,Gujarati,Fortnightly,VINODKUMAR SHIVBAHADUR UPADHYAY,VINODKUMAR SHIVBAHADUR UPADHYAY,Gujarat,Navsari
AAJ KA BHAROSA,UPHIN/2016/67351,2016-06-06,Hindi,Weekly,AMIT GUPTA,AMIT GUPTA,Uttar Pradesh,Bijnor
AAJ KA BHED,UPHIN/2006/19792,2014-04-11,Hindi,Daily,SUSHIL KUMAR AWASTHI,SUSHIL KUMAR AWASTHI,Uttar Pradesh,Lucknow
AAJ KA BHOPAL,MPHIN/2013/52719,2013-10-23,Hindi,Monthly,SHRIKANT AGRAWAL,SHRIKANT AGARWAL,Madhya Pradesh,Bhopal
AAJ KA BULLETIN,UPHIN/2011/39715,2011-11-22,HINDI,Weekly,ADITYA MAHESHWARI,ADITYA MAHESHWARI,Uttar Pradesh,Meerut
AAJ KA BULLETIN,UPHIN/2013/51210,2013-07-31,HINDI,Daily,ADITYA MAHESHWARI,ADITYA MAHESHWARI,Uttar Pradesh,Meerut
AAJ KA BULLETIN,UPHIN/2023/90994,2025-06-19,Hindi,Daily,ADITYA MAHESHWARI,ADITYA MAHESHWARI,Uttar Pradesh,Hapur
AAJ KA CHAUPAL,UPHIN/2014/58642,2014-11-28,Hindi,Daily,DINESH CHANDRA DWIVEDI,DINESH CHANDRA DWIVEDI,Uttar Pradesh,Fatehpur
AAJ KA CRIME,GUJGUJ/2014/57740,2014-10-15,Gujarati,Weekly,DUBAL HIREN KANAIYALAL,DUBAL HIREN KANAIYALAL,Gujarat,Surendranagar
AAJ KA DAHAKTA SURAJ,UPHIN/2016/69219,2016-11-09,Hindi,Weekly,MANGLESH SINGH,MANGLESH SINGH,Uttar Pradesh,Bijnor
AAJ KA DARSHAN,MPHIN/2008/24071,2008-05-26,Hindi,Weekly,NARAYANDAS VAISHNAV,NARAYAN DAS VAISHNAV,Madhya Pradesh,Bhopal
AAJ KA DAUR,MAHHIN/2000/06614,2002-05-14,Hindi,Fortnightly,SHYAM SUNDER SHARMA,SHYAM SUNDER SHARMA,Maharashtra,Mumbai
AAJ KA DAUR,MAHHIN/2013/53504,2013-12-12,Hindi,Daily,REENA SUBHASH PASSI,SHYAM SUNDER SHARMA,Maharashtra,Mumbai
AAJ KA DEHAJ,46291,2005-12-12,Hindi,Fortnightly,SITARAM SHARMA,SITARAM SHARMA,Rajasthan,Jaipur
AAJ KA DIN,CHHHIN/2015/69653,2016-12-16,Hindi,Fortnightly,VIDYANAND THAKUR,VIDYANAND THAKUR,Chhattisgarh,Raipur
AAJ KA DIN,CHHHIN/2017/72472,2017-07-11,Hindi,Daily,VIDYANAND THAKUR,VIDYANAND THAKUR,Chhattisgarh,Raigarh
AAJ KA DON,MPBIL/2009/28934,2009-09-14,"English, HINDI",Weekly,RAVI YADAV,RAVI YADAV,Madhya Pradesh,Indore
AAJ KA DOOT,MPHIN/2013/53943,2014-01-13,Hindi,Weekly,HIMANI DANDOTOYA,HIMANI DANDOTOYA,Madhya Pradesh,Gwalior
AAJ KA DOR,MPHIN/2012/42186,2012-05-15,Hindi,Daily,AFREEN KHAN,AFREEN KHAN,Madhya Pradesh,Bhopal
AAJ KA FAISLA,UTTHIN/2023/86591,2024-02-29,Hindi,Fortnightly,KAJAL,KAJAL,Uttarakhand,Udham Singh Nagar
AAJ KA FOCUS,UPHIN/2004/13200,2004-09-20,Hindi,Monthly,PUSHPA PRASAD,PUSHPA PRASAD,Uttar Pradesh,Lucknow
AAJ KA GAURAV,MPHIN/26/A2404,2026-04-10,Hindi,Monthly,Heeralal,Heeralal,Madhya Pradesh,Bhopal
AAJ KA HINDUSTAN,UPHIN/2010/33271,2010-08-11,Hindi,Weekly,FAHEEM AHMAD SIDDIQUI,FAHEEM AHMAD SIDDIQUI,Uttar Pradesh,Bara Banki
AAJ KA HYDERABAD,APURD/2009/28969,2009-09-18,Urdu,Daily,KHAJA HASSAN ALI,KHAJA HASSAN ALI,Andhra Pradesh,Hyderabad
AAJ KA INQALAB,KARURD/2012/42909,2012-06-13,Urdu,Daily,MOHAMED LIYAKHAT,NASEEMA BANU,Karnataka,Shimoga
AAJ KA JAISANA,RAJHIN/2014/56343,2014-07-30,Hindi,Fortnightly,GIRIRAJ N PUROHIT,GIRIRAJ N PUROHIT,Rajasthan,Jaisalmer
AAJ KA JANADESH,UPHIN/2011/40346,2012-01-10,Hindi,Fortnightly,PUSHP KUMAR JAIN,PUSHP KUMAR JAIN,Uttar Pradesh,Bulandshahr
AAJ KA KANPUR,UPHIN/2014/55306,2014-04-11,Hindi,Daily,MOHD IQBAL AHMAD,MOHD. IQBAL AHMAD,Uttar Pradesh,Kanpur Nagar
AAJ KA KANPUR,UPHIN/2011/52086,2013-09-18,Hindi,Weekly,MOHD IQBAL AHMAD,MOHD. IQBAL AHMAD,Uttar Pradesh,Kanpur Nagar
AAJ KA KARMVEER KSHATRIYA,MAHHIN/2017/75023,2018-03-08,Hindi,Monthly,RAMPRAJJWLIT VASUDEV SINGH,RAMPRAJJWLIT VASUDEV SINGH,Maharashtra,Mumbai
AAJ KA KHULASA,UPHIN/2008/23163,2008-03-04,Hindi,Daily,TAAHIRA BEGAM,TAHIRA BEGUM,Uttar Pradesh,Muzaffarnagar
AAJ KA LAKSHAY,UPHIN/2022/83483,2023-03-02,Hindi,Weekly,AFNAN AHMAD,AFNAN AHMAD,Uttar Pradesh,Saharanpur
AAJ KA LEADER,RAJHIN/2013/53065,2013-11-14,Hindi,Fortnightly,PRABHURAM JAT,PRABHU RAM JAT,Rajasthan,Jaipur
AAJ KA LOKTANTRA,RAJHIN/2010/33751,2010-09-27,Hindi,Daily,BHANWAR LAL SONI,BHANWARLAL SONI,Rajasthan,Jaipur
AAJ KA LOKTANTRA,RAJHIN/2012/48894,2013-04-01,Hindi,Daily,BHANWARLAL SONI,BHANWARLAL SONI,Rajasthan,Dausa
AAJ KA LOKTANTRA,RAJHIN/2012/51003,2013-07-22,Hindi,Daily,BHANWARLAL SONI,BHANWARLAL SONI,Rajasthan,Bhilwara
AAJ KA MADHYA PRADESH,26173,1973-10-26,Hindi,Weekly,,,,
AAJ KA MAHANAGAR,MAHHIN/2007/20648,2007-08-03,Hindi,Fortnightly,SALAUDDIN N. SHAIKH,SALAUDDIN N. SHAIKH,Maharashtra,Mumbai
AAJ KA MAJDOOR,MPHIN/2017/71678,2017-05-18,Hindi,Monthly,NAGENDRA CHATURVEDI,NAGENDRA CHATURVEDI,Madhya Pradesh,Raisen
AAJ KA MANZAR,UPHIN/2022/83232,2023-01-31,Hindi,Daily,KRISNA KANT PANDEY,KRISNA KANT PANDEY,Uttar Pradesh,Lucknow
AAJ KA MANZAR,APURD/2006/19323,2007-04-19,Urdu,Daily,ANEES FATIMA,ANEES FATIMA,Andhra Pradesh,Hyderabad
AAJ KA MATDATA,UPHIN/2015/67358,2016-06-08,Hindi,Daily,PREM KUMAR SRIVASTAVA,PREM KUMAR SRIVASTAVA,Uttar Pradesh,Ghaziabad
AAJ KA MATDATA,UPHIN/2014/58517,2014-11-27,Hindi,Monthly,PREM KUMAR SRIVASTAVA,PREM KUMAR SRIVASTAVA,Uttar Pradesh,Lucknow
AAJ KA MUDDA,UPHIN/26/A4078,2026-05-22,Hindi,Monthly,MANOJ VATS,MANOJ VATS,Uttar Pradesh,Gautam Buddha Nagar
AAJ KA MUDDA,JKHIN/2015/63361,2015-07-22,Hindi,Daily,RITESHWER SHARMA,MANOJ VATS,Jammu and Kashmir,Poonch
AAJ KA MUDDA,HPHIN/2023/86649,2024-02-29,Hindi,Daily,KALPANA RADHAIK,MANOJ VATS,Himachal Pradesh,Shimla
AAJ KA MUDDA,UPHIN/2014/55596,2014-05-14,Hindi,Monthly,MANOJ VATS,MANOJ VATS,Uttar Pradesh,Kasganj
AAJ KA MUDDA,HRHIN/25/A4131,2025-11-20,Hindi,Daily,MANOJ VATS,MANOJ VATS,Haryana,Panchkula
AAJ KA MUDDA,UPENG/2014/56488,2014-08-12,English,Daily,MANOJ VATS,MANOJ VATS,Uttar Pradesh,Gautam Buddha Nagar
AAJ KA MUDDA,UPHIN/2011/37197,2015-10-28,Hindi,Daily,MANOJ VATS,MANOJ VATS,Uttar Pradesh,Gautam Buddha Nagar
AAJ KA MUDDA,UPHIN/2015/62785,2015-06-22,Hindi,Daily,MANOJ VATS,MANOJ VATS,Uttar Pradesh,Moradabad
AAJ KA MUDDA,BIHHIN/2013/57965,2014-10-27,Hindi,Daily,ANURAG ASHISH,MANOJ VATS,Bihar,Muzaffarpur
AAJ KA MUDDA,DELHIN/2013/51652,2013-08-26,Hindi,Daily,MANOJ VATS,MANOJ VATS,Delhi,New Delhi
AAJ KA MUDDA,UPHIN/2024/90992,2025-06-19,Hindi,Daily,VINITA KARNANI,Manoj Vats,Uttar Pradesh,Lucknow
AAJ KA MUMBAI MITRA,MAHHIN/2007/22265,2007-12-26,Hindi,Daily,ABHIJEET ASHOK RANE,VAST MEDIA NETWORK PVT. LTD.,Maharashtra,Mumbai
AAJ KA MUSAFIR,HARHIN/2008/27418,2010-10-04,Hindi,Weekly,RAM PRAKASH SHARMA,RAM PRAKASH VASHISTH,Haryana,Panipat
AAJ KA NAV SANSAR,MPHIN/2015/61323,2015-04-16,Hindi,Daily,MANGILAL KUSHWAH,MANGILAL KUSHWAH,Madhya Pradesh,Rajgarh
AAJ KA NAYA NEWS,GUJGUJ/2016/71638,2017-05-12,Gujarati,Weekly,KHALID YUSUF BUDHDHA,SALEHA KHALID BUDHDHA,Gujarat,Panchmahal
AAJ KA NIRNAYA,UPHIN/2014/59940,2015-01-30,Hindi,Weekly,MAINEJAR PATHAK,MAINEJAR PATHAK,Uttar Pradesh,Kushinagar
AAJ KA PAHAR,43329,1986-01-03,Hindi,Weekly,BADRI DATT KASHNIYAL,BADRI DATT KASHNIYAL,Uttarakhand,Pithoragarh
AAJ KA PARASHURAM,68980,2013-09-24,Gujarati,Weekly,DHIREN M. SHUKLA,DHIREN M. SHUKLA,Gujarat,Surendranagar
AAJ KA PARINAM,UPHIN/2014/55807,2014-05-30,Hindi,Weekly,VIRENDRA KUMAR GUPTA,VIRENDRA KUMAR GUPTA,Uttar Pradesh,Jaunpur
AAJ KA PARINAM,UPHIN/2021/82795,2022-11-18,Hindi,Daily,VIRENDRA KUMAR GUPTA,VIRENDRA KUMAR GUPTA,Uttar Pradesh,Jaunpur
AAJ KA PATH,MPHIN/2003/10296,2003-07-18,Hindi,Daily,SONIYA SHARMA,SONIYA SHARMA,Madhya Pradesh,Ujjain
AAJ KA PRACHAND,MPHIN/2015/62660,2015-06-17,Hindi,Weekly,DHARMANAND KANDPAL,DHARMANAND KAND PAL,Madhya Pradesh,Bhopal
AAJ KA PRAHARI,DELHIN/2015/62990,2015-07-02,Hindi,Monthly,SANTOSH DUBEY,SANTOSH DUBEY,Delhi,New Delhi
AAJ KA PRAHARI,DELHIN/2021/81851,2022-08-29,Hindi,Daily,SANTOSH DUBEY,SANTOSH DUBEY,Delhi,New Delhi
AAJ KA PRATIBANDH,69587,1998-12-23,Gujarati,Weekly,KALPESH KAMALKISHOR PANDIT,SHAILESH RAMANLAL DESAI,Gujarat,Anand
AAJ KA PRATIYOGI,62568,1995-09-07,Hindi,Weekly,AMBIKA SHARMA,AMBIKA SHARMA,Rajasthan,Rajasthan
AAJ KA PRATIYOGI,58477,2011-01-24,Hindi,Weekly,KRISHNA SINGH,KRISHNA SINGH,Uttar Pradesh,Agra
AAJ KA PURUSH,MPHIN/2012/44591,2012-08-08,Hindi,Weekly,RAPHEEK KHAN,RAPHEEK KHAN,Madhya Pradesh,Bhopal
AAJ KA RAHI,58814,1994-12-12,Hindi,Weekly,MOHAMMED MATEEN KHAN,MOHAMMED MATEEN KHAN,Madhya Pradesh,Bhopal
AAJ KA RUKH,45117,1986-04-23,Hindi,Weekly,BRIJESH SHRIVASTAVA,BRIJESH SHRIVASTAVA,Madhya Pradesh,Gwalior
AAJ KA SAFAR,UPHIN/2009/28035,2009-06-19,Hindi,Fortnightly,Suresh Yadav,Suresh Yadav,Uttar Pradesh,Lucknow
AAJ KA SAFAR,UPHIN/2006/19048,2007-04-11,Hindi,Monthly,SURESH YADAV,SURESH YADAV,Uttar Pradesh,Lucknow
AAJ KA SAFAR,UPHIN/2009/28010,2009-06-12,Hindi,Daily,S. YADAV,S. YADAV,Uttar Pradesh,Lucknow
AAJ KA SAHITYA,RAJHIN/2017/73731,2017-11-07,Hindi,Weekly,KIRTAN  KHETAWAT,KIRTAN  KHETAWAT,Rajasthan,Ajmer
AAJ KA SAMACHAR YODHA,57551,1993-12-08,Hindi,Weekly,HUR SHAUQAT,SMT.HUR SHAUKAT,Uttar Pradesh,Budaun
AAJ KA SAMPADAK,MAHHIN/2015/68377,2016-08-18,Hindi,Monthly,SANWAR MUNSHARIF SHAH,SANWAR MUNSHARIF SHAH,Maharashtra,Mumbai
AAJ KA SAMRAJYA,MAHHIN/2023/84457,2023-06-06,Hindi,Daily,POOJA ONKAR NADE,POOJA ONKAR NADE,Maharashtra,Wardha
AAJ KA SAMVAD,MPHIN/2017/71126,2017-04-21,HINDI,Daily,PRATIK PAWAR,PRATIK PAWAR,Madhya Pradesh,Bhopal
AAJ KA SAMVAD,MPHIN/2019/78304,2019-12-26,HINDI,Daily,PRATIK PAWAR,PRATIK PAWAR,Madhya Pradesh,Betul
AAJ KA SAMVIDHAN,MPHIN/2011/43030,2012-06-19,Hindi,Weekly,MAHESH VERMA,MAHESH VERMA,Madhya Pradesh,Raisen
AAJ KA SAMVIDHAN,MPHIN/2018/77476,2019-06-17,Hindi,Daily,MAHESH VERMA,MAHESH VERMA,Madhya Pradesh,Raisen
AAJ KA SANJAY,MPHIN/2020/79362,2021-02-05,Hindi,Weekly,SANTOSH KUMAR KAMAL,SANTOSH KUMAR KAMAL,Madhya Pradesh,Bhopal
AAJ KA SATYA,UPHIN/2015/62803,2015-06-22,Hindi,Weekly,RAJEEV SHARMA,RAJEEV SHARMA,Uttar Pradesh,Saharanpur
AAJ KA SATYAWADI,MPHIN/2012/49082,2013-04-09,Hindi,Monthly,RAMDHUN,RAMDHUN,Madhya Pradesh,Bhopal
AAJ KA SAVERA,UPHIN/2008/26517,2014-06-05,Hindi,Daily,VIMLA CHAUDHARY,VIMLA CHAUDHARY,Uttar Pradesh,Lucknow
AAJ KA SAYANKAL,RAJHIN/2011/38420,2013-12-03,Hindi,Daily,SUMIT GOYAL,PRATAHKAL MULTIMEDIA LTD.,Rajasthan,Udaipur
AAJ KA SHABDH,UTTHIN/2023/86521,2024-02-22,Hindi,Weekly,MEENAKSHI,MEENAKSHI,Uttarakhand,Dehradun
AAJ KA SWATANTRA PRAKASH,UPHIN/2014/63016,2015-07-02,Hindi,Monthly,A. K. TRIPATHI,A. K. TRIPATHI,Uttar Pradesh,Lucknow
AAJ KA SWATANTRA PRAKASH,UPHIN/2020/85293,2023-08-23,Hindi,Weekly,A. K. TRIPATHI,A. K. TRIPATHI,Uttar Pradesh,Lucknow
AAJ KA SWATANTRA PRAKASH,UPHIN/2017/86025,2024-01-04,Hindi,Daily,A. K. TRIPATHI,A. K. TRIPATHI,Uttar Pradesh,Lucknow
AAJ KA TAHALKA,GUJGUJ/2014/58664,2014-11-29,Gujarati,Weekly,RAO ALKESHKUMAR SHIVAJI,RAO ALKESHKUMAR SHIVAJI,Gujarat,Banaskantha
AAJ KA TARA,UPHIN/2013/51237,2013-08-01,Hindi,Weekly,SARVENDRA ANGIHOTRI,SARVENDRA AGNIHOTRI,Uttar Pradesh,Etawah
AAJ KA TARANGA,58708,1994-04-21,Hindi,Weekly,,,Madhya Pradesh,Indore
AAJ KA TELANGANA,APTEL/2013/53409,2013-12-06,Telugu,Daily,VATTEMULA RAJITHA,SYED ASAD,Telangana,Hyderabad
AAJ KA TELANGANA,TELURD/2008/28300,2010-04-16,Urdu,Daily,SYED ASAD,SYED ASAD,Telangana,Nizamabad
AAJ KA TEVAR,MPHIN/26/A1975,2026-03-25,Hindi,Quarterly,HARISH CHANDRA YADAV,HARISH CHANDRA YADAV,Madhya Pradesh,Bhopal
AAJ KA TEVAR,MPHIN/26/A5368,2026-06-22,Hindi,Monthly,HARISH CHANDRA YADAV,HARISH CHANDRA YADAV,Madhya Pradesh,Bhopal
AAJ KA TIRANGA,MPHIN/2013/53105,2013-11-14,Hindi,Daily,DINESH KUMAR SALVI,DINESH KUMAR SALVI,Madhya Pradesh,Indore
AAJ KA TIRANGA,64518,2012-09-18,Hindi,Weekly,DINESH KUMAR SALVI,DINESH KUMAR SALVI,Madhya Pradesh,Indore
AAJ KA UNNAT MADHYA PRADESH,MPHIN/2015/70828,2017-04-05,Hindi,Monthly,RAJESH PANCHAL,RAJESH PANCHAL,Madhya Pradesh,Ujjain
AAJ KA VARCHASV,RAJHIN/2023/89789,2024-10-22,HINDI,Fortnightly,CHANDER SHEKHAR VERMA,CHANDER SHEKHAR VERMA,Rajasthan,Ganganagar
AAJ KA VICHAR RASHTRIYA VICHAR,UPHIN/2010/32233,2010-05-07,HINDI,Daily,ANAND SWAROOP TRIPATHI,ANAND SWAROOP TRIPATHI,Uttar Pradesh,Etawah
AAJ KA VICHAR RASHTRIYA VICHAR,58489,2005-12-12,Hindi,Weekly,ANAND SWARUP TRIPATHI,ANAND SWARUP TRIPATHI,Uttar Pradesh,Etawah
AAJ KA VYAPARI,UPHIN/2016/70111,2017-01-25,Hindi,Weekly,VIKAS GOEL,VIKAS GOEL,Uttar Pradesh,Ghaziabad
AAJ KA WAQT,MAHBIL/2023/88365,2024-08-03,BILINGUAL,Weekly,JAYSHRI SANTOSH JADHAV,JAYSHRI SANTOSH JADHAV,Maharashtra,Thane
AAJ KAL AGAMI,WBBEN/2008/24716,2008-07-23,Bengali,Monthly,PALASH PATRA,PALASH PATRA,West Bengal,Nadia
AAJ KAL EXPRESS,MPHIN/2014/57775,2014-10-17,Hindi,Weekly,KAUSHLENDRA PRATAP SINGH,KAUSHLENDRA PRATAP SINGH,Madhya Pradesh,Bhopal
AAJ KAL KI TASVEER,UPHIN/2008/24845,2008-07-23,Hindi,Daily,ARVIND PANDEY,ARVIND PANDEY,Uttar Pradesh,Fatehpur
AAJ KE BHARAT KI NAZAR,MPHIN/2018/76264,2018-10-17,Hindi,Weekly,TASNEEM KHAN,TASNEEM KHAN,Madhya Pradesh,Bhopal
AAJ KE HAALAAT,UTTHIN/2012/42415,2012-05-24,Hindi,Weekly,KANCHAN DHAUNDIYAL,KANCHAN DHAUNDIYAL,Uttarakhand,Dehradun
AAJ KE JANDHARA,58686,1992-09-18,Hindi,Daily,,,Chhattisgarh,Raipur
AAJ KE MIJAJ,MPHIN/2023/89051,2024-09-24,HINDI,Weekly,NAEEM KHAN,NAEEM KHAN,Madhya Pradesh,Bhopal
AAJ KE SITARE,MPHIN/2016/66178,2016-02-17,Hindi,Weekly,M. M. KHAN,M.M.KHAN,Madhya Pradesh,Bhopal
AAJ KEE SRSHTI,UPHIN/2021/83072,2023-01-11,Hindi,Monthly,DEEP SINGH,DEEP SINGH,Uttar Pradesh,Kasganj
AAJ KI AANKHEN,UPHIN/2009/31081,2010-02-23,Hindi,Weekly,PREETI PANDEY,PREETI PANDEY,Uttar Pradesh,Prayagraj
AAJ KI ADALAT,69219,1998-10-26,Hindi,Weekly,SYED SHAFIUDDIN SYED WAHEEDUDDIN,SYED SHAFIUDDIN SYED WAHEEDUDDIN,Maharashtra,Chhatrapati Sambhaji Nagar
AAJ KI ANDHI,56223,1992-12-18,Hindi,Fortnightly,RAJENDRA PRASAD KEN,RAJENDER PRASAD KEN,Rajasthan,Ajmer
AAJ KI AVASHYAKTA,HARHIN/2011/54192,2014-01-23,Hindi,Fortnightly,RAJENDRA KUMAR SAINI,RAJENDRA KUMAR SAINI,Haryana,Panipat
AAJ KI AWAJ,32018,1979-03-24,Urdu,Daily,HAMAD BIN ABDUL WAHED,HAMAD BIN ABDUL WAHED,Maharashtra,Chhatrapati Sambhaji Nagar
AAJ KI AZADHI,MAHMAR/2004/13566,2004-11-04,Marathi,Weekly,PRABHAKAR BABU KAMBLE,PRABHAKAR BABU KAMBLE,Maharashtra,Kolhapur
AAJ KI BOLI,MPHIN/2016/68502,2016-09-05,Hindi,Monthly,NIRMALA KUSHWAH,NIRMALA KUSHWAH,Madhya Pradesh,Gwalior
AAJ KI CHAAL,UPHIN/2009/31720,2010-04-01,Hindi,Daily,JAVAD KHAN,JAVED KHAN,Uttar Pradesh,Azamgarh
AAJ KI DAASTAN,UPHIN/2010/31079,2013-07-15,Hindi,Daily,MUKESH KUMAR GUPTA,MUKESH KUMAR GUPTA,Uttar Pradesh,Meerut
AAJ KI DAHAAD NEWS,CTHIN/25/A5168,2025-12-16,Hindi,Weekly,Manish Rathore,Manish Rathore,Chhattisgarh,Narayanpur
AAJ KI GHATNA,HARHIN/2001/05648,2011-06-27,"English, HINDI",Daily,THANESHWAR SHARMA,THANESHWAR SHARMA,Haryana,Fatehabad
AAJ KI GHOSHNA,MPHIN/2011/40933,2012-03-01,Hindi,Fortnightly,SYED ASIM HUSSAIN,SYED ASIM HUSSAIN,Madhya Pradesh,Bhopal
AAJ KI GUHAR,MPHIN/2021/80625,2021-12-01,Hindi,Monthly,FARHA KHAN,FARHA KHAN,Madhya Pradesh,Bhopal
AAJ KI HAQIQAT,MPHIN/2011/42529,2012-05-25,Hindi,Weekly,KOSAR JAHAN,KAUSAR JAHAN,Madhya Pradesh,Bhopal
AAJ KI HUKUMAT,DELURD/2006/19892,2007-05-28,Urdu,Weekly,NAUSHAD AHMED,NAUSHAD AHMED,Delhi,New Delhi
AAJ KI JANDHARA,DLHIN/26/A5453,2026-06-23,Hindi,Daily,Subhash Mishra,Abhivyakti Prakashan Private Limited,Delhi,South Delhi
AAJ KI JANDHARA,CTHIN/26/A4159,2026-05-25,Hindi,Daily,Subhash Mishra,Abhivyakti Prakashan Private Limited,Chhattisgarh,Bastar
AAJ KI JANDHARA,52143,2011-04-15,Hindi,Daily,SUBHASH MISHRA,M/S.ABHIVYKTI  PRAKASHAN PVT.LTD.,Chhattisgarh,Raipur
AAJ KI JANDHARA,CHHHIN/2021/80816,2021-12-28,Hindi,Daily,SUBHASH MISHRA,M/S.ABHIVYKTI  PRAKASHAN PVT.LTD.,Chhattisgarh,Bilaspur
AAJ KI JANDHARA,MPHIN/25/A3544,2025-10-29,Hindi,Daily,Subhash Mishra,Abhivyakti Prakashan Private Limited,Madhya Pradesh,Bhopal
AAJ KI JANKIRTI,UPHIN/25/A2525,2025-09-15,Hindi,Weekly,Shaziya Ansari,Shaziya Ansari,Uttar Pradesh,Moradabad
AAJ KI JANTA,25800,2005-12-12,Hindi,Weekly,SAROJ JAIN,SAROJ JAIN,Madhya Pradesh,Indore
AAJ KI JUNG,JKURD/2009/30827,2010-02-10,Urdu,Daily,TARIQ SALEEM,TARIQ SALEEM,Jammu and Kashmir,Srinagar
AAJ KI KALPANA,52136,1991-11-12,Hindi,Weekly,GOVIND PRASAD SHARMA,GOVIND PRASAD SHARMA,Madhya Pradesh,Bhopal
AAJ KI KHABAR AURANGABAD,MAHURD/2009/27805,2009-05-22,Urdu,Daily,KHALED KHAN MEHMOOD KHAN,KHALED KHAN MEHMOOD KHAN,Maharashtra,Chhatrapati Sambhaji Nagar
AAJ KI KHURAKH,64811,2012-06-21,Hindi,Weekly,SEVAK RAM CHATURVEDI,SEWAK RAM CHATURVEDI,Madhya Pradesh,Raisen
AAJ KI KIRAN,UTTHIN/2023/87123,2024-04-30,Hindi,Fortnightly,RAVI SHARMA,RAVI SHARMA,Uttarakhand,Dehradun
AAJ KI KIRAN,UTTHIN/2010/36356,2011-03-22,Hindi,Fortnightly,RAVI SHARMA,RAVI SHARMA,Uttarakhand,Udham Singh Nagar
AAJ KI KRANTI,DELHIN/2014/61577,2015-04-27,Hindi,Weekly,KRANTI,KRANTI,Delhi,New Delhi
AAJ KI LALKAR,GUJGUJ/2016/69914,2017-01-11,Gujarati,Weekly,SHAIKH SAKILAHMED BASHIRAHMED,SHAIKH SAKILAHMED BASHIRAHMED,Gujarat,Bharuch
AAJ KI MANAVTA,UTTHIN/2010/32679,2010-06-18,Hindi,Weekly,SUNITA SHARMA,SUNITA SHARMA,Uttarakhand,Dehradun
AAJ KI MANSI,MPHIN/25/A1720,2025-07-07,Hindi,Daily,SALONI CHATURVEDI,SALONI CHATURVEDI,Madhya Pradesh,Bhopal
AAJ KI MANSI,MPHIN/2016/70938,2017-04-03,Hindi,Monthly,SALONI CHATURVEDI,SALONI CHATURVEDI,Madhya Pradesh,Bhopal
AAJ KI NAVYUKTI,MPHIN/2021/80597,2021-12-20,Hindi,Quarterly,MAHARANI KOUSHAL,MAHARANI KOUSHAL,Madhya Pradesh,Bhopal
AAJ KI PEHAL,MPHIN/26/A1405,2026-02-25,Hindi,Daily,KRISHNA KUMARI SHAKYWAR,KRISHNA KUMARI SHAKYWAR,Madhya Pradesh,Bhopal
AAJ KI PEHAL,DLHIN/26/A5273,2026-06-17,Hindi,Daily,KRISHNA KUMARI SHAKYWAR,KRISHNA KUMARI SHAKYWAR,Delhi,West Delhi
AAJ KI PEHAL,MPHIN/2020/86367,2024-02-09,Hindi,Daily,KRISHNA KUMARI SHAKYWAR,KRISHNA KUMARI SHAKYWAR,Madhya Pradesh,Guna
AAJ KI PEHCHAN,UPHIN/2014/59579,2015-01-15,Hindi,Daily,SHALINI SINGH,SHALINI SINGH,Uttar Pradesh,Gautam Buddha Nagar
AAJ KI PUKAR,GUJGUJ/2020/78841,2020-07-29,Gujarati,Weekly,CHIRAG ASHOKBHAI  DARJI,CHIRAG ASHOKBHAI  DARJI,Gujarat,Surat
AAJ KI PUKAR,UPHIN/26/A6247,2026-07-28,Hindi,Daily,Krishan Gopal Sharma,Krishan Gopal Sharma,Uttar Pradesh,Ghaziabad
AAJ KI RAFTAAR,MPHIN/2008/27806,2009-05-22,Hindi,Weekly,MOHINI PRASAD,MOHINI PRASAD,Madhya Pradesh,Bhopal
AAJ KI RAJNITI,UPHIN/2008/26642,2008-12-24,Hindi,Weekly,MO. GULREZ KHAN,MOHD. GULREZ KHAN,Uttar Pradesh,Lucknow
AAJ KI REPORT,UPHIN/2009/31681,2010-04-01,Hindi,Daily,RACHNA DWIVEDI,RACHNA DWIVEDI,Uttar Pradesh,Hardoi
AAJ KI REPORT,UPHIN/2004/12685,2004-06-08,Hindi,Daily,RACHNA DWIVEDI,RACHNA DWIVEDI,Uttar Pradesh,Bara Banki
AAJ KI REPORT,64185,1996-09-30,Hindi,Daily,RACHNA DWIVEDI,RACHNA DWIVEDI,Uttar Pradesh,Lucknow
AAJ KI SANSKRITI,MPHIN/2010/37129,2011-05-11,Hindi,Monthly,VIJAY KUMAR VAISHNAV,VIJAY KUMAR VAISHNAV,Madhya Pradesh,Indore
AAJ KI SHOCH,55784,2012-07-26,Hindi,Monthly,DHARAMVEER ANAND,DHARAMVEER ANAND,Delhi,New Delhi
AAJ KI SIYASAT,UPHIN/2012/46172,2012-11-05,Hindi,Weekly,FAROOQ SAIFI,FAROOQ SAIFI,Uttar Pradesh,Ghaziabad
AAJ KI SUBAH,40221,1981-02-04,Hindi,Weekly,anjali kudiyal,ANJALI KUDIYAL,Uttarakhand,Dehradun
AAJ KI SURKHIYA,UPURD/2010/31543,2010-03-22,Urdu,Daily,SHARIF AHMAD,SHARIF AHMAD,Uttar Pradesh,Hardoi
AAJ KI SURKHIYA,UPURD/2008/23844,2008-05-06,Urdu,Daily,SHARIF AHMAD,SHARIF AHMAD,Uttar Pradesh,Lucknow
AAJ KI SURKHIYA,UPHIN/2007/23086,2008-02-26,Hindi,Daily,SHARIF AHMED,SHARIF AHMED,Uttar Pradesh,Lucknow
AAJ KI SURKHIYA,UPHIN/2005/15500,2005-10-26,Hindi,Weekly,SHARIF AHEMAD,SHARIF AHMED,Uttar Pradesh,Lucknow
AAJ KI SWATANTRATA,UPHIN/2010/44158,2012-07-19,Hindi,Weekly,FAZEEL AHMAD ANSARI,FAZEEL AHMAD ANSARI,Uttar Pradesh,Lucknow
AAJ KI TAJA NEWS,GUJGUJ/2016/69326,2016-11-16,Gujarati,Weekly,DHESLI FIRDOS A.RAUF,DHESLI FIRDOS A.RAUF,Gujarat,Panchmahal
AAJ KI TAQREER,UTTHIN/2012/42405,2012-05-24,Hindi,Weekly,PRIYANKA RANAKOTI,PRIYANKA RANAKOTI,Uttarakhand,Dehradun
AAJ KI TAYARI,MPHIN/26/A4337,2026-05-27,Hindi,Weekly,SANJEEV KUMAR SENGRIYA,SANJEEV KUMAR SENGRIYA,Madhya Pradesh,Bhopal
AAJ KI TEJASWINI,MPHIN/2016/70794,2017-04-10,Hindi,Monthly,HEMANT TIWARI,HEMANT TIWARI,Madhya Pradesh,Bhopal
AAJ KI UDAN,CTHIN/26/A4549,2026-06-03,Hindi,Monthly,Gopi Vansha Varti,Gopi Vansha Varti,Chhattisgarh,Raipur
AAJ KI UDAN,MPHIN/2023/91146,2025-08-13,Hindi,Fortnightly,G.V.VARTI,G.V.VARTI,Madhya Pradesh,Bhopal
AAJ KI UPAJ,56803,1993-07-13,Hindi,Weekly,RAJESH KUMAR TIWARI,RAJESH KUMAR TIWARI,Uttar Pradesh,Kanpur Nagar
AAJ KI VANI,66907,1997-01-01,Hindi,Weekly,AAFAQ HUSSAIN,AAFAQ HUSSAIN,Uttar Pradesh,Budaun
AAJ KI VIDHAN SABHA,61014,1994-04-25,Hindi,Weekly,RADHESHYAM,VINOD KUMAR GUPTA,Andhra Pradesh,Gonda
AAJ KI VISHWA PATRIKA,MAHHIN/2014/57360,2014-09-19,HINDI,Daily,RAJITA ANIL MEGHE,RAJITA ANIL MEGHE,Maharashtra,Nagpur
AAJ KI YUVA AUR RAJNITI,MPHIN/2015/63461,2015-07-31,Hindi,Monthly,DANISH KHAN,DANISH KHAN,Madhya Pradesh,Bhopal
AAJ NA CHUNTANI SAMACHAR,GUJGUJ/2017/73725,2017-11-07,Gujarati,Weekly,BUKHARI ASHIMA RAJAN ALI,BUKHARI ASHIMA RAJAN ALI,Gujarat,Junagadh
AAJ NI NARI,GUJGUJ/2015/60024,2015-02-05,Gujarati,Fortnightly,SANDHYABEN SOMABHAI MACHHI,SANDHYABEN SOMABHAI MACHHI,Gujarat,Bharuch
AAJ NI WATAN VANI,GUJGUJ/2016/66271,2016-03-03,Gujarati,Daily,PRASHASTI RAKESHBHAI PATEL,PRASHASTI RAKESHBHAI PATEL,Gujarat,Ahmedabad
AAJ NO ARUNODAY,GUJGUJ/2022/86217,2024-01-31,Gujarati,Monthly,SAKARIYA ARUNBHAI DHANJIBHAI,SAKARIYA ARUNBHAI DHANJIBHAI,Gujarat,Surat
AAJ NO SANDESH,GUJGUJ/2009/32110,2010-04-30,Gujarati,Daily,VASANTIBEN Y. CHAUHAN,VASANTI BEN Y CHAUHAN,Gujarat,Ahmedabad
AAJ NO SANDESH,GUJGUJ/2002/06468,2002-04-23,Gujarati,Fortnightly,VASANTIBEN Y. CHAUHAN,VASANTI BEN Y CHAUHAN,Gujarat,Ahmedabad
AAJ NO VIKAS,GJGUJ/26/A1268,2026-02-18,Gujarati,Weekly,Shukl Gulabdas Dharamdas,Shukl Gulabdas Dharamdas,Gujarat,Ahmedabad
AAJ SAMAJ,HARHIN/2022/83431,2023-02-10,Hindi,Daily,Rakesh Sharma,GOOD MORNING INDIA MEDIA PVT. LTD.,Haryana,Jhajjar
AAJ SAMAJ,CHHIN/26/A6906,2026-08-14,Hindi,Daily,Rakesh Sharma,Good Morning India Media Pvt Ltd,Chandigarh,Chandigarh
AAJ SAMAJ,HARHIN/2022/83573,2023-02-24,Hindi,Daily,Rakesh Sharma,GOOD MORNING INDIA MEDIA PVT. LTD.,Haryana,Gurugram
AAJ SAMAJ,HARHIN/2022/83429,2023-02-10,Hindi,Daily,Rakesh Sharma,GOOD MORNING INDIA MEDIA PVT. LTD.,Haryana,Rewari
AAJ SAMAJ,HARHIN/2022/83419,2023-02-10,Hindi,Daily,Rakesh Sharma,GOOD MORNING INDIA MEDIA PVT. LTD.,Haryana,Panipat
AAJ SAMAJ,HARHIN/2017/72026,2017-05-30,Hindi,Daily,Rakesh Sharma,GOOD MORNING INDIA MEDIA PVT. LTD.,Haryana,Ambala
AAJ SAMAJ,HARHIN/2022/83425,2023-02-10,Hindi,Daily,Rakesh Sharma,GOOD MORNING INDIA MEDIA PVT. LTD.,Haryana,Hisar
AAJ SAMAJ,HARHIN/2022/83412,2023-02-10,Hindi,Daily,Rakesh Sharma,GOOD MORNING INDIA MEDIA PVT. LTD.,Haryana,Palwal
AAJ SAMAJ,HARHIN/2022/83438,2023-02-10,Hindi,Daily,Rakesh Sharma,GOOD MORNING INDIA MEDIA PVT. LTD.,Haryana,Fatehabad
AAJ SAMAJ,HARHIN/2022/83409,2023-02-10,Hindi,Daily,Rakesh Sharma,GOOD MORNING INDIA MEDIA PVT. LTD.,Haryana,Yamunanagar
AAJ SAMAJ,HARHIN/2022/83417,2023-02-10,Hindi,Daily,Rakesh Sharma,GOOD MORNING INDIA MEDIA PVT. LTD.,Haryana,Panchkula
AAJ SAMAJ,HARHIN/2022/83420,2023-02-10,Hindi,Daily,Rakesh Sharma,GOOD MORNING INDIA MEDIA PVT. LTD.,Haryana,Karnal
AAJ SAMAJ,HARHIN/2022/83423,2023-02-10,Hindi,Daily,Rakesh Sharma,GOOD MORNING INDIA MEDIA PVT. LTD.,Haryana,Rohtak
AAJ SAMAJ,DELHIN/2007/23083,2013-03-13,Hindi,Daily,Rakesh Sharma,GOOD MORNING INDIA MEDIA PVT. LTD.,Delhi,New Delhi
AAJ SAMAJ,HARHIN/2022/83416,2023-02-10,Hindi,Daily,Rakesh Sharma,GOOD MORNING INDIA MEDIA PVT. LTD.,Haryana,Kurukshetra
AAJ SAMAJ,HARHIN/2022/83426,2023-02-10,Hindi,Daily,Rakesh Sharma,GOOD MORNING INDIA MEDIA PVT. LTD.,Haryana,Charki Dadri
AAJ SAMAJ,HARHIN/2022/83432,2023-02-10,Hindi,Daily,Rakesh Sharma,GOOD MORNING INDIA MEDIA PVT. LTD.,Haryana,Sirsa
AAJ SAMAJ,HARHIN/2022/83427,2023-02-10,Hindi,Daily,Rakesh Sharma,GOOD MORNING INDIA MEDIA PVT. LTD.,Haryana,Bhiwani
AAJ SE SHAM TAK,UPHIN/2006/22103,2007-12-10,Hindi,Daily,SHYAM PRAKASH CHAURASIYA,SHYAM PRAKASH CHAURASIYA,Uttar Pradesh,Lucknow
AAJ SHAAM,PUNHIN/2009/27345,2009-03-30,Hindi,Daily,SIMMI SURI,SIMMI SURI,Punjab,Jalandhar
AAJ SUBAH,DELHIN/2013/49507,2013-05-07,Hindi,Weekly,GULFAM,GULFAM,Delhi,New Delhi
AAJ TAK 24 SHAHAR KI NAZAR,MPHIN/2015/60715,2015-03-11,Hindi,Weekly,CHANDRA SHEKHAR,CHANDRA SHEKHAR,Madhya Pradesh,Dhar
AAJ TAK 24 SHAHAR KI NAZAR,MPHIN/2021/82688,2022-11-10,Hindi,Daily,CHANDRA SHEKHAR,CHANDRA SHEKHAR,Madhya Pradesh,Bhopal
AAJ TAK AAMNE SAAMNE,PUNHIN/2013/54688,2014-02-21,Hindi,Fortnightly,MANDEEP KAUR,MANDEEP KAUR,Punjab,Jalandhar
AAJ TAK EXPRESS,DELURD/2016/67517,2016-06-17,Urdu,Daily,URFI OBAID,URFI OBAID,Delhi,New Delhi
AAJ TAK FATEHABAD,HARHIN/2014/58436,2014-11-26,Hindi,Weekly,VIJAY KUMAR,VIJAY KUMAR,Haryana,Fatehabad
AAJ TAK GURGAON,HARHIN/2012/48353,2013-03-01,Hindi,Weekly,SATBIR BHARDWAJ,SATBIR BHARDWAJ,Haryana,Gurugram
AAJ TAK HARYANA,HARHIN/2011/38807,2011-09-06,Hindi,Monthly,ANJANI GOYAL,ANJANI GOYAL,Haryana,Sirsa
AAJ TAK TEHKIKAT,UPHIN/2014/58954,2014-12-13,Hindi,Fortnightly,MOHD SHADAB RIZVI,MOHD SHADAB RIZVI,Uttar Pradesh,Bijnor
AAJ TAK TRIVENI,HARHIN/2021/88208,2024-07-26,HINDI,Monthly,NARESH KUMAR,NARESH KUMAR,Haryana,Sirsa
AAJACHA JAN MAN,MAHMAR/2010/33705,2010-09-22,Marathi,Daily,SAVITA BALASAHEB BOTHEPATIL,SAVITA BALASAHEB BOTHEPATIL,Maharashtra,Pune
AAJACHA LOKPRASHNA,MAHMAR/2006/19615,2007-05-04,Marathi,Daily,MANE DEELIP RAMCHANDRA,MANE DEELIP RAMCHANDRA,Maharashtra,Parbhani
AAJACHA MAHARASHTRA TOP 10 NEWS,MAHMAR/2023/89424,2024-10-08,MARATHI,Weekly,PRASHANT GANPAT MORE,PRASHANT GANPAT MORE,Maharashtra,Raigad
AAJACHA MAWALA,MAHMAR/2023/87578,2024-06-20,MARATHI,Weekly,RAHUL BALASAHEB SONAWANE,RAHUL BALASAHEB SONAWANE,Maharashtra,Satara
AAJACHA MUMBAI MITRA,MAHMAR/2007/22233,2007-12-20,Marathi,Daily,ABHIJEET ASHOK RANE,VAST MEDIA NETWORK PVT. LTD.,Maharashtra,Mumbai
AAJACHA SATARA SANGLI,MAHMAR/2016/67105,2016-05-30,Marathi,Weekly,MOHAN AKARAM WAGHMARE,MOHAN AKARAM WAGHMARE,Maharashtra,Thane
AAJACHI RANRAGINI,MHMAR/26/A5365,2026-06-19,Marathi,Weekly,REKHA BASGONDA PATIL,REKHA BASGONDA PATIL,Maharashtra,Kolhapur
AAJAD HIND TIMES,UTTHIN/2014/57581,2014-10-01,Hindi,Weekly,RAJESHWARI,RAJESHWARI,Uttarakhand,Garhwal
AAJAKO SANDESH,SIKNEP/2008/23509,2008-04-07,Nepali,Weekly,PEMPA MOKTAN,PEMPA MOKTAN,Sikkim,East Sikkim
AAJCHA DINKAR,MAHMAR/2003/12411,2004-05-07,Marathi,Daily,NITIN SHYAM JOSHI,NITIN SHYAM JOSHI,Maharashtra,Nashik
AAJCHA PRAKASHDOOT,MHMAR/26/A3455,2026-05-11,Marathi,Daily,Vaishali Nilesh Shimpi,Vaishali Nilesh Shimpi,Maharashtra,Nashik
AAJCHA TATRAKSHAK,MAHMAR/2001/11206,2003-11-13,Marathi,Weekly,PRAVIN N. DAVANE,PRAVIN N. DAVANE,Maharashtra,Thane
AAJCHAA PANCHNAAMAA,MHMAR/26/A3274,2026-05-07,Marathi,Weekly,sangita nandkumar kamble,sangita nandkumar kamble,Maharashtra,Nanded
AAJCHE PRAVACHANKAR,MHMAR/25/A0785,2025-05-30,Marathi,Weekly,Gangadhar Gulabrao Jamnik,Gangadhar Gulabrao Jamnik,Maharashtra,Palghar
AAJCHE RAJKARAN,MHBIL/26/A3793,2026-05-15,"Hindi, Marathi",Weekly,Ramesh Pandit Sonwane,Ramesh Pandit Sonwane,Maharashtra,Jalgaon
AAJCHI BATMAY,MAHMAR/2020/83303,2023-01-31,Marathi,Daily,NARENDRA CHINTAMANRAO DESHPANDE,NARENDRA CHINTAMANRAO DESHPANDE,Maharashtra,Amravati
AAJCHI KHANDESH UNNATI,MAHMAR/2018/76625,2018-12-31,Marathi,Monthly,UJJWALA SHIVAJIRAO THORAT,UJJWALA SHIVAJIRAO THORAT,Maharashtra,Dhule
AAJCHI NAVI MUMBAI,57139,2013-02-21,MARATHI,Weekly,SANJAY KUMAR DAMODAR SURVE,SANJAY KUMAR DAMODAR SURVE,Maharashtra,Mumbai
AAJEEVIKA SAHARA,MPHIN/2016/68830,2016-09-28,Hindi,Monthly,SWARNIMA,SWARNIMA,Madhya Pradesh,Bhopal
AAJI PARJYANTA,ORORI/25/A0332,2025-05-22,Oriya,Weekly,CHITTARANJAN MOHANTY,CHITTARANJAN MOHANTY,Odisha,Puri
AAJKAAL,37263,2010-06-18,Bengali,Daily,JYOTI PRAKASH KHAN,M/S AAJ KAL PUBLISHERS LTD,West Bengal,Kolkata
AAJKAAL SUSTHA,70329,1999-03-31,Bengali,Monthly,PRATAP KUMAR ROY,AAJKAAL PUBLISHER LTD.,West Bengal,Kolkata
AAJKAL GUJARAT,GJGUJ/26/A6667,2026-08-11,Gujarati,Weekly,Chavda Ajay,Chavda Ajay,Gujarat,Ahmedabad
AAJKAL SAFAR,WBBEN/2000/02132,2000-10-24,Bengali,Monthly,PRATAP KUMAR ROY,AAJKAL PUBLISHERS LTD.,West Bengal,Kolkata
AAJKER BARRACKPORE,WBBEN/2001/05218,2012-02-21,Bengali,Fortnightly,KAKALI BHATTACHARJEE,KAKALI BHATTACHARJEE,West Bengal,North 24 Parganas
AAJKER BASUNDHARA,WBBEN/2011/41525,2012-04-11,Bengali,Monthly,BISWAJIT MAHAKUR,JOYGOPALPUR GRAM VIKASH KENDRA,West Bengal,North 24 Parganas
AAJKER DARPAN,WBBEN/26/A4362,2026-05-27,Bengali,Weekly,GULAM ASHIQUE,GULAM ASHIQUE,West Bengal,Paschim Medinipur
AAJKER DIN,WBBEN/2010/33403,2010-08-25,Bengali,Fortnightly,SUBHADEEP DEBNATH,SUBHADEEP DEBNATH,West Bengal,North 24 Parganas
AAJKER DUM DUM TIMES,WBBEN/2015/64800,2015-11-17,Bengali,Monthly,BISWANATH BANIK,BISWANATH BANIK,West Bengal,North 24 Parganas
AAJKER KAGAJ,TRIBEN/2015/62921,2015-06-25,BENGALI,Daily,DEBASISH MAJUMDER,DEBASISH MAJUMDER,Tripura,West Tripura
AAJKER NARI,WBBEN/2012/50068,2013-06-03,Bengali,Fortnightly,DILIP SARKAR,DILIP SARKAR,West Bengal,North 24 Parganas
AAJKER SALT LAKE,WBBIL/26/A6700,2026-08-12,"Bengali, English",Fortnightly,Gourishankar Pal,Gourishankar Pal,West Bengal,North 24 Parganas
AAJKER SHREE,WBBEN/2013/55511,2014-05-02,Bengali,Bimonthly (Once in two months),SUBHADEEP BAKSI,SUBHADEEP BAKSI,West Bengal,North 24 Parganas
AAJKER SWARUPNAGAR,WBBEN/2020/80162,2021-09-13,Bengali,Fortnightly,SYED REZWENUL HABIB,SYEDA DILSABIYA HABIB,West Bengal,North 24 Parganas
AAJNO YUG,GUJGUJ/2006/18483,2014-07-25,Gujarati,Weekly,FALGUN M. THAKKAR,FALGUN M. THAKKAR,Gujarat,Ahmedabad
AAJNO YUG,GUJGUJ/2013/52866,2013-10-30,Gujarati,Daily,FALGUN M. THAKKAR,FALGUN M. THAKKAR,Gujarat,Rajkot
AAJNO YUG,GUJGUJ/2009/32579,2014-07-25,Gujarati,Daily,FALGUN M. THAKKAR,FALGUN M. THAKKAR,Gujarat,Ahmedabad
AAJTALAK,DELHIN/2013/51789,2013-09-03,Hindi,Fortnightly,SUKHVINDER SINGH JAURA,SUKHVINDER SINGH JAURA,Delhi,New Delhi
AAKALAN,MAHMAR/2014/59985,2015-02-03,Marathi,Quarterly,BHONGLE RANGRAO JANGLAJI,BHONGLE RANGRAO JANGLAJI,Maharashtra,Mumbai
AAKANKSHA TIMES,UPHIN/2008/24045,2008-05-23,Hindi,Weekly,RAMAKANT TRIPATHI,RAMAKANT TRIPATHI,Uttar Pradesh,Prayagraj
AAKANSHA SAMWAD,57499,1993-11-10,Hindi,Fortnightly,LAXMI RANA,SMT. LAXMI  RANA,Uttar Pradesh,Kanpur Nagar
AAKARSH BULLETIN,UPHIN/2015/62304,2015-06-01,Hindi,Weekly,VINEETA RANI GUPTA,VINEETA RANI GUPTA,Uttar Pradesh,Lucknow
AAKARSHAN,MAHMAR/2021/84322,2023-05-18,Marathi,Daily,VIJAY SHAMRAO SANGLE,VIJAY SHAMRAO SANGLE,Maharashtra,Ahilyanagar
AAKARTI PATH,MPHIN/26/A6922,2026-08-14,Hindi,Monthly,PRAYAG PARASHAR,PRAYAG PARASHAR,Madhya Pradesh,Bhopal
AAKASH BRISTI,WBBEN/2015/74587,2018-02-08,Bengali,Monthly,SANKALITA BANERJEE,SANKALITA BANERJEE,West Bengal,North 24 Parganas
AAKASH CRIME INDIA,UPHIN/2015/64697,2015-11-09,Hindi,Weekly,SHRIKANT DWIVEDI,SHRIKANT DWIVEDI,Uttar Pradesh,Lucknow
AAKASH DEEP,MAHMAR/2013/48542,2013-03-12,Marathi,Weekly,SHRIDHAR VITTHAL YELMAR,SHRI SHRIDHAR VITTHAL YELMAR,Maharashtra,Solapur
AAKASH KA SITARA,63074,1996-02-02,Hindi,Fortnightly,ABDUL KADER,ABDUL KADER,Rajasthan,Kota
AAKASH KI LAHAR,MPHIN/2021/80736,2021-12-14,Hindi,Monthly,LAXMI AHIRVAR,LAXMI AHIRVAR,Madhya Pradesh,Bhopal
AAKASH MAIL,MPHIN/2010/36078,2011-03-10,Hindi,Daily,NITIN DESHMUKH,NITIN DESHMUKH,Madhya Pradesh,Bhopal
AAKASH MARG,38609,1979-11-14,Hindi,Weekly,,JWALA PRASAD PANDEY,,
AAKASH NEWS,DELHIN/2012/47625,2013-01-24,Hindi,Weekly,BRIJ RAJ MAURYA,BRIJ RAJ MAURYA,Delhi,New Delhi
AAKASH SPORTS,DELENG/2010/34936,2010-12-28,English,Monthly,ISHWAR SINGH,ISHWAR SINGH,Delhi,New Delhi
AAKASHAM,TELTEL/2015/62885,2015-06-25,Telugu,Daily,Anu Sharma,Anu Sharma,Telangana,Hyderabad
AAKHAR SAMACHAR,UTTHIN/2005/15769,2010-09-08,Hindi,Fortnightly,BHANU KALA,BHANU KALA,Uttarakhand,Dehradun
AAKHIR KAB TAK,UPHIN/2002/08870,2003-02-03,Hindi,Monthly,JAGDISH NARAIN SHUKLA,KIDS KINGDOM SOCIETY,Uttar Pradesh,Lucknow
AAKHIRI DUNIYA,57487,1993-11-01,Hindi,Fortnightly,SHAKIL AHMED AYYUBI,SHAKIL AHMED AYYUBI,Uttar Pradesh,Lakhimpur Kheri
AAKHIRI SAUGAT,68379,1998-05-27,Hindi,Weekly,DEVI SINGH,DEVI SINGH,Madhya Pradesh,Bhopal
AAKHIRI SUTRA,UPHIN/2008/26709,2009-01-05,Hindi,Daily,RAJEEV SHUKLA,RAJEEV SHUKLA,Uttar Pradesh,Lucknow
AAKHIRI SUTRA,UPHIN/2004/14694,2005-06-07,Hindi,Monthly,RAJIV SHUKLA,RAJEEV SHUKLA,Uttar Pradesh,Lucknow
AAKHRI AANSU,UPHIN/2010/32005,2010-04-22,Hindi,Monthly,VIVEK SRIVASTAVA,VIVEK SRIVASTAVA,Uttar Pradesh,Fatehpur
AAKHRI ANJAM,UPHIN/2011/44063,2012-07-13,Hindi,Daily,RAFIQ R. RASHIDI,RAFIQ R. RASHIDI,Uttar Pradesh,Lucknow
AAKHRI ANJAM,UPHIN/2011/36822,2012-07-24,Hindi,Monthly,RAFIQ R. RASHIDI,RAFIQ R. RASHIDI,Uttar Pradesh,Lucknow
AAKHRI CHATTAN,DELHIN/2011/36689,2011-04-08,Hindi,Fortnightly,S.H. SHAMS HIJAZI,S.H. SHAMS HIJAZI,Delhi,New Delhi
AAKHRI CHATTAN,71583,1999-09-08,Urdu,Fortnightly,S.H. SHAMS HIJAZI,S.H.SHAMS HIJAZI,Delhi,New Delhi
AAKHRI DAAV,CTHIN/25/A4097,2025-11-19,Hindi,Weekly,Vijay tiwari,Vijay tiwari,Chhattisgarh,Rajnandgaon
AAKHRI SAHARA,UPHIN/2013/52921,2013-11-04,Hindi,Weekly,MOHD. TAUFEEQ KHAN,MOHD. TAUFEEQ KHAN,Uttar Pradesh,Lucknow
AAKHU AVALOKAN,GJGUJ/25/A1801,2025-07-11,Gujarati,Weekly,JADEJA SHUBHRAJSINH DANUBHA,JADEJA SHUBHRAJSINH DANUBHA,Gujarat,Jamnagar
AAKIF KI MEHFIL,68857,2012-12-10,Urdu,Monthly,RASHEEDA ZAFAR,RASHEEDA ZAFAR,Delhi,New Delhi
AAKLAN,40681,1983-09-20,Hindi,Weekly,VIRENDRA KUMAR THAKUR,VINRENDRA KUMAR,Delhi,New Delhi
AAKRAMAN TIMES,MHMAR/26/A5623,2026-07-01,Marathi,Weekly,NILESH LAXMANRAO MESHRAM,NILESH LAXMANRAO MESHRAM,Maharashtra,Amravati
AAKRITI TIME,MPHIN/2017/73038,2017-08-24,Hindi,Quarterly,SAPNA SHARMA,SAPNA SHARMA,Madhya Pradesh,Bhopal
AAKRITI VICHAR,UPHIN/2021/83212,2023-01-31,Hindi,Weekly,GYANWATI DIXIT,GYANWATI DIXIT,Uttar Pradesh,Lucknow
AAKROSH,DNHHIN/2013/59168,2014-12-24,Hindi,Weekly,RAJAN KUMAR,RAJAN KUMAR,Dadra & Nagar Haveli,Dadra & Nagar Haveli
AAKSHAT PATRIKA,WBHIN/2021/81708,2022-08-03,Hindi,Bimonthly (Once in two months),SUREENDRA BOTHRA,SUREENDRA BOTHRA,West Bengal,Paschim Bardhaman
AALAM EXPRESS,UPHIN/2014/57362,2014-09-19,Hindi,Weekly,EJAJ ALAM KHAN,EJAJ ALAM KHAN,Uttar Pradesh,Basti
AALAM KI PUKAR,UPHIN/2009/29896,2009-12-02,Hindi,Weekly,JAVED ALAM KHAN,JAVED ALAM KHAN,Uttar Pradesh,Basti
AALAM-E-JADEED,MAHURD/2023/87327,2024-05-20,Urdu,Weekly,SHAIKH ABDUL MAJED,SHAIKH ABDUL MAJED,Maharashtra,Chhatrapati Sambhaji Nagar
AALAM-E-TASVEER,UTTBIL/2009/32571,2010-06-07,"Hindi, Urdu",Daily,JUNED HASAN,JUNED HASAN,Uttarakhand,Dehradun
AALAMI AWAAZ,DELURD/2011/38785,2011-09-06,Urdu,Monthly,MOHD. NAQI,MOHD. NAQI,Delhi,New Delhi
AALAMI MANZAR,MPURD/2020/79133,2020-12-03,Urdu,Monthly,SHAZIA AKHTAR,SHAZIA AKHTAR,Madhya Pradesh,Bhopal
AALAMI SAFEER,DELURD/2013/50782,2013-07-10,Urdu,Daily,AFSHEEN,AFSHEEN,Delhi,New Delhi
AALAMI SAHAFAT,DELURD/2012/61825,2015-05-07,Urdu,Daily,SYED AFZAL HUSAIN,SYED AFZAL HUSAIN,Delhi,New Delhi
AALAMI WAQAR,BHURD/25/A3639,2025-10-30,Urdu,Daily,Md Afzal Alam,Md Afzal Alam,Bihar,Patna
AALAMI ZUBAAN,MPURD/2016/71568,2017-05-05,Urdu,Fortnightly,SHABNAM,AFAQ SAFI,Madhya Pradesh,Vidisha
AALAMI-WUJOOD,DELURD/2007/21861,2007-11-13,Urdu,Daily,SOHAIL KHAN,SOHAIL KHAN,Delhi,New Delhi
AALAP,32905,1978-03-02,Bengali,Quarterly,SWAPAN RAY,RENU CHAKRABORTY,West Bengal,Kolkata
AALAYADARSHINI,APTEL/2012/44604,2012-08-08,Telugu,Monthly,M. VENKATA RATNAM,M. VENKATA RATNAM,Telangana,Rangareddy
AALEKH SAMACHAR,GJGUJ/26/A5511,2026-06-25,Gujarati,Weekly,PATANVADIYA ANKITA KIRANBHAI,PATANVADIYA ANKITA KIRANBHAI,Gujarat,Bharuch
AALEKH VICHAR,UPHIN/2021/82012,2022-09-05,Hindi,Daily,ANURAG TIWARI,ANURAG TIWARI,Uttar Pradesh,Lucknow
AALEKHAN GUJARAT,GJGUJ/26/A3665,2026-05-13,Gujarati,Weekly,Pandit Mukeshkumar Chandulal,Pandit Mukeshkumar Chandulal,Gujarat,Bhavnagar
AALIMI NATION,JKBIL/26/A4603,2026-06-03,"English, Urdu",Monthly,Tariq Ahmad Bhat,AALIMI NEWS NETWORK PRIVATE LIMITED,Jammu and Kashmir,Srinagar
AALISHAN DHWAJ,MPHIN/2014/62190,2015-05-27,Hindi,Weekly,SHOHARAB HUSAIN SIDDIKI,SHOHARAB HUSAIN SIDDIKI,Madhya Pradesh,Mandsaur
AALISHAN TIME,DELHIN/2006/18109,2007-01-09,Hindi,Half Yearly,YASH PAL CHAUHAN,YASH PAL CHAUHAN,Delhi,New Delhi
AALLA SANDESH,DELHIN/2003/13117,2004-09-03,Hindi,Daily,HARJEET KAUR,HARJEET KAUR,Delhi,New Delhi
AALMI DARPAN,BIHURD/2013/51212,2013-07-31,URDU,Daily,MOHAMMAD ZAKIR HUSSAIN,MOHAMMAD ZAKIR HUSSAIN,Bihar,Patna
AALMI JUNG,DELURD/2008/24986,2008-08-12,Urdu,Weekly,SADAF AKHTAR,KAPHY VOICE MEDIA PRIVATE LIMITED,Delhi,New Delhi
AALMI JUNG,UPURD/2010/30580,2010-01-22,Urdu,Daily,SADAF AKHTAR,KAPHY VOICE MEDIA PRIVATE LIMITED,Uttar Pradesh,Aligarh
AALMI JUNG,HARURD/2009/27487,2009-04-17,Urdu,Daily,SADAF AKHTAR,KAPHY VOICE MEDIA PRIVATE LIMITED,Haryana,Sonipat
AALMI JUNG,HARURD/2012/47340,2013-01-07,Urdu,Daily,SADAF AKHTAR,KAPHY VOICE MEDIA PRIVATE LIMITED,Haryana,Panipat
AALMI MEERAS,MAHURD/2019/81467,2022-05-09,Urdu,Quarterly,SUBHASH CHANDER AIMA,SUBHASH CHANDER AIMA,Maharashtra,Pune
AALMI NAZAARA,UPURD/2016/69460,2016-12-06,Urdu,Daily,S.M. AFROZ WASI RIZVI,SM AFROZ WASI RIZVI,Uttar Pradesh,Lucknow
AALMI QAYADAT,DELURD/2013/52599,2013-10-15,Urdu,Daily,TANWEER AHMAD,TANWEER AHMAD,Delhi,New Delhi
AALMI RUKH,UPURD/2015/67346,2016-06-03,Urdu,Daily,DEEPA SONKAR,MOHAMMAD ZAHID AKHTAR,Uttar Pradesh,Lucknow
AALMI RUKH,UPHIN/2010/36005,2011-03-07,Hindi,Monthly,MOHD. ZAHID AKHTAR,MOHD. ZAHID AKHTAR,Uttar Pradesh,Lucknow
AALMI SAIYYARA,UPURD/2016/67160,2016-06-03,Urdu,Weekly,IRSHAD BEG,IRSHAD BEG,Uttar Pradesh,Lucknow
AALMI SAIYYARA,UPHIN/2016/67163,2016-06-01,Hindi,Weekly,IRSHAD BEG,IRSHAD BEG,Uttar Pradesh,Lucknow
AALMI SITARA,UPURD/2015/61957,2015-05-19,Urdu,Daily,ASMA KALAM,ASMA KALAM,Uttar Pradesh,Lucknow
AALMI WAJOOD,DELURD/2003/10957,2003-10-13,Urdu,Monthly,SOHAIL KHAN,SOHAIL KHAN,Delhi,New Delhi
AALMI WAQAYAT,APURD/2010/33129,2010-08-02,Urdu,Daily,GULAM ABBAS KHAN,GULAM ABBAS KHAN,Andhra Pradesh,Hyderabad
AALOCHINCHU,APTEL/2016/69860,2017-01-02,Telugu,Daily,PADALA SRIHARI REDDY,PADALA SRIHARI REDDY,Andhra Pradesh,East Godavari
AALOK PRAVANJYAN,ASSASS/2010/34213,2010-11-11,Assamese,Twice a week,SANKAR GOHAIN,SANKAR GOHAIN,Assam,Kamrup
AALOMOYEE,WBBEN/2019/78426,2020-01-20,Bengali,Fortnightly,SUJAY KUMAR GUHA,SUJAY KUMAR GUHA,West Bengal,Kolkata
AALOO SANDESH,UPHIN/2018/78527,2020-03-04,Hindi,Weekly,SOHIT KUMAR KATIYAR,SOHIT KUMAR KATIYAR,Uttar Pradesh,Kanpur Nagar
AALUMAI SIRPI,TNBIL/2007/24249,2008-05-30,"English, Tamil",Monthly,M. GNANA SEKAR,M/S VITAL INNOVATIVE AND TRANSFORMATIVE ACTION FOR LIFE (TRUST),Tamil Nadu,Chennai
AALUMKATCHI ARASUU SEITHII,TNTAM/26/A6580,2026-08-10,Tamil,Fortnightly,Balachander K S,Balachander K S,Tamil Nadu,Chennai
AAM AADMEE EK AAM INSAAN KI SOCH,CHHHIN/2013/50684,2013-07-05,Hindi,Monthly,UMESH KUMAR BANSHI,UMESH KUMAR BANSHI,Chhattisgarh,Raipur
AAM AADMI DI TAQAT,PUNPUN/2021/84966,2023-06-09,Punjabi,Weekly,MAHESH JINDAL,MAHESH JINDAL,Punjab,Sangrur
AAM AADMI SAMACHAR,DLHIN/25/A3534,2025-10-28,Hindi,Daily,KAJAL KASHYAP,KAJAL KASHYAP,Delhi,New Delhi
AAM ADMI,KARKAN/2016/72314,2017-06-22,Kannada,Daily,M.S. ERSHAD UR RAHAMAN,M.S.ERSHAD UR RAHAMAN,Karnataka,Chitradurga
AAM ADMI KA SIPAHI,UPHIN/2010/34870,2011-05-16,Hindi,Weekly,NEERAJ SHARMA,NEERAJ SHARMA,Uttar Pradesh,Bara Banki
AAM AWAZ,DELBIL/2013/52542,2013-10-10,"Hindi, Urdu",Weekly,ASIF KHAN,ASIF KHAN,Delhi,New Delhi
AAM AWAZ TIMES,DELHIN/2016/66952,2016-05-19,Hindi,Daily,ASIF KHAN,ASIF KHAN,Delhi,New Delhi
AAM BOL CHAAL NEWS,UPHIN/2016/68454,2016-08-27,Hindi,Weekly,MOHD. IRSHAD,MOHD IRSHAD,Uttar Pradesh,Lucknow
AAM DHARA,UPHIN/26/A1565,2026-03-16,Hindi,Daily,PARTIMA,PARTIMA,Uttar Pradesh,Siddharthnagar
AAM FIKRA,UPHIN/2022/84151,2023-05-04,Hindi,Weekly,PARTIMA,PARTIMA,Uttar Pradesh,Siddharthnagar
AAM JANATA,46513,1988-03-16,Gujarati,Weekly,CHATURBHAI HIRALAL PATEL,CHATURBHAI HIRALAL PATEL,Gujarat,Patan
AAM JANATA,MHBIL/25/A0652,2025-05-29,"Marathi, Hindi",Weekly,CHAITALI HARSHAL KALE,CHAITALI HARSHAL KALE,Maharashtra,Wardha
AAM JANMANAS,MPHIN/2023/88332,2024-08-02,HINDI,Monthly,MANSVI SAHU,MANSVI SAHU,Madhya Pradesh,Bhopal
AAM JANMANAS,MPHIN/26/A2645,2026-04-17,HINDI,Quarterly,MANSVI SAHU,MANSVI SAHU,Madhya Pradesh,Bhopal
AAM JANTA KI BHUMIKA,MPHIN/2023/90284,2024-12-09,HINDI,Monthly,ARJUN SURYAVANSHI,ARJUN SURYAVANSHI,Madhya Pradesh,Ujjain
AAM MAT,RAJHIN/2013/47799,2013-02-01,Hindi,Fortnightly,VIJAY SHARMA,VIJAY SHARMA,Rajasthan,Jaipur
AAM NAAGRIK VICHAR,CHHHIN/2023/87493,2024-06-12,HINDI,Monthly,MMK AZAD,MMK AZAD,Chhattisgarh,Durg
AAM NAGRIK,MPHIN/2023/89636,2024-10-15,HINDI,Monthly,NIKKI SHAKYA,NIKKI SHAKYA,Madhya Pradesh,Gwalior
AAM PARIVARTAN,MPHIN/2014/57539,2014-10-01,Hindi,Daily,VIMAL KUMAR JAIN,AAM PARIVARTAN,Madhya Pradesh,Neemuch
AAM RAI,UTTHIN/2011/37254,2011-05-13,Hindi,Weekly,RAJENDRA SINGH NEGI,RAJENDRA SINGH NEGI,Uttarakhand,Dehradun
AAM RAI,UTTHIN/2014/59669,2015-01-20,Hindi,Weekly,RAJENDRA SINGH NEGI,RAJENDRA SINGH NEGI,Uttarakhand,Haridwar
AAM SABHA,58819,1994-12-14,Hindi,Daily,ARVIND SINGH,ARVIND SINGH,Madhya Pradesh,Bhopal
AAM SABHA,MPHIN/2019/77487,2019-06-17,Hindi,Daily,ARVIND SINGH,ARVIND SINGH,Madhya Pradesh,Gwalior
AAM SABHA,MPHIN/25/A3970,2025-11-17,Hindi,Daily,Arvind Singh,Arvind Singh,Madhya Pradesh,Hoshangabad
AAM SABHA,CTHIN/26/A5633,2026-07-01,Hindi,Daily,Arvind Singh,Arvind Singh,Chhattisgarh,Raipur
AAM SABHA,MPHIN/26/A5028,2026-06-12,Hindi,Daily,Arvind Singh,Arvind Singh,Madhya Pradesh,Ujjain
AAM SANGHARSH TIMES,67575,1998-01-22,Marathi,Daily,SAHURAJ AMBAJI SALUNKE,SALUNKE SHAHURAJ AMBAJI,Maharashtra,Dharashiv
AAM SANGHARSHSA TIMES,66356,1994-02-06,Marathi,Weekly,SALUNKE SHAHURAJ AMBAJIROA,SALUNKE SHAHURAJ AMBAJIROA,Maharashtra,Dharashiv
AAMA GARJAN,ORORI/26/A1769,2026-03-20,Oriya,Fortnightly,DINABANDHU MALLIK,DINABANDHU MALLIK,Odisha,Khordha
AAMA ODISHA,ORORI/25/A0663,2025-05-29,Oriya,Weekly,SOUMYA RANJAN PATNAIK,SOUMYA RANJAN PATNAIK,Odisha,Khordha
AAMA PANCHABATEE,ODIODI/2008/25381,2008-09-02,Oriya,Monthly,HEMANTA NAYAK,HEMANTA NAYAK,Odisha,Khordha
AAMACHI BATMI,MAHMAR/2021/80638,2022-03-29,Marathi,Weekly,SAPNA GULABCHANDRA YADAV,SAPNA GULABCHANDRA YADAV,Maharashtra,Thane
AAMACHO DANTEVADA,CTHIN/26/A3429,2026-05-11,Hindi,Monthly,SAMANT SAHU,SAMANT SAHU,Chhattisgarh,Raipur
AAMAR KAGAJ,WBBEN/2014/59852,2015-01-29,Bengali,Weekly,DEBASIS CHOWDHURY,DEBASIS CHOWDHURY,West Bengal,Paschim Medinipur
AAMAR KHABAR BIRBHUM,WBBEN/25/A2423,2025-09-08,Bengali,Fortnightly,MUNTAJ RAHAMAN,MUNTAJ RAHAMAN,West Bengal,Birbhum
AAMAR KOLKATA,WBBEN/25/A2070,2025-08-04,Bengali,Monthly,SWAPAN KUMAR MONDAL,SWAPAN KUMAR MONDAL,West Bengal,South 24 Parganas
AAMAR NALBARI,64204,1996-09-30,Assamese,Weekly,SMT.J.SWARGIARY,SMT.J. SWARGIARY,Assam,Nalbari
AAMAR PRAYAS,ORORI/26/A1298,2026-02-19,Oriya,Daily,Jyotirmaya Panda,Jyotirmaya Panda,Odisha,Khordha
AAMCHA ABHIMAN,MAHMAR/2015/65667,2016-01-20,Marathi,Daily,RAJENDRA KUMAR BABURAO HOLKAR,RAJENDRA KUMAR BABURAO HOLKAR,Maharashtra,Beed
AAMCHA DOLA,MAHMAR/2014/57959,2014-10-27,Marathi,Weekly,DILIP JAYRAM SALUNKE,DILIP JAIRAM SALUNKE,Maharashtra,Dhule
AAMCHA MAHA SANDESH,MHMAR/26/A3292,2026-05-08,Marathi,Weekly,GORAKH SHANTWAN KHANDARE,GORAKH SHANTWAN KHANDARE,Maharashtra,Chhatrapati Sambhaji Nagar
AAMCHA SHIVSURYA,MAHMAR/2023/89447,2024-10-14,MARATHI,Weekly,DHANVE SANGRAM SAMBHAJI,DHANVE SANGRAM SAMBHAJI,Maharashtra,Beed
AAMCHEE LOKASHAHI,MAHMAR/2023/87612,2024-06-25,MARATHI,Monthly,SYED SHAKIB SYED JAVED,SYED SHAKIB SYED JAVED,Maharashtra,Yavatmal
AAMCHI MUMBAI,MAHMAR/2011/40211,2011-12-28,Marathi,Daily,ARUN KUMAR SINGH,ARUN KUMAR SINGH,Maharashtra,Thane
AAMCHI RAJNEETI,MAHMAR/2023/87550,2024-06-19,MARATHI,Weekly,LAKHAN MUKESH WAGHELA,LAKHAN MUKESH WAGHELA,Maharashtra,Palghar
AAMCHO CHHATTISGARH,CHHMUL/2023/88534,2024-08-16,MULTILINGUAL,Monthly,SUDHIR AAZAAD TAMBOLI,SUDHIR AAZAAD TAMBOLI,Chhattisgarh,Raipur
AAMDWAR PRERNA,MPHIN/2019/77324,2019-05-10,Hindi,Daily,RAMAKANTA MEENA,RAMAKANTA MEENA,Madhya Pradesh,Bhopal
AAMHI BHARATIYA,MAHMAR/2022/84060,2023-05-01,Marathi,Weekly,DINESH SOMA BODHIRAJ,DINESH SOMA BODHIRAJ,Maharashtra,Mumbai
AAMHI CHIKHLIKAR,MAHMAR/2018/76495,2018-12-06,Marathi,Daily,CHHOTU SUDHAKAR KAMBLE,CHHOTU SUDHAKAR KAMBLE,Maharashtra,Buldhana
AAMHI PARLEKAR,54781,1992-08-10,Marathi,Monthly,D A CHANDEKAR,SANKET PRAKASHAN,Maharashtra,Mumbai
AAMHI SARE BRAHMAN,MAHMAR/2011/36080,2011-03-10,Marathi,Fortnightly,BHALCHANDRA KULKARNI,OEM EKVIRA MEDIA PVT.LTD.,Maharashtra,Pune
AAMHI UDYOJIKA,MAHMAR/2007/18973,2007-04-02,Marathi,Monthly,ABDULRAJAK IBRAHIM MUJAWAR,ABDULRAJAK IBRAHIM MUJAWAR,Maharashtra,Sangli
AAMHI VATAN DAR,MHMAR/26/A0931,2026-02-06,Marathi,Twice a week,Deepak Kashinath Sonawane,Deepak Kashinath Sonawane,Maharashtra,Nashik
AAMI ASOMOR JANAGAN,ASSASS/2014/56968,2014-09-05,Assamese,Daily,SHYAM BABU SINHA,SHYAM KISHORE SINHA,Assam,Kamrup Metropolitan
AAMI ASOMOR JANAGAN,ASSASS/2017/74079,2017-12-06,Assamese,Daily,SHYAM BABU SINHA,SHYAM KISHORE SINHA,Assam,Jorhat
AAMIN,GUJGUJ/2000/03146,2001-03-28,Gujarati,Monthly,PATHAN FIROZKHAN,FORUM FOR SOCIAL JUSTICS,Gujarat,Ahmedabad
AAMIR EXPRESS,67913,1998-03-18,Hindi,Daily,SAYED HAMEED ALI,SYED HAMID ALI,Delhi,New Delhi
AAMJAN KI AWAZ,RAJHIN/2012/43252,2012-06-22,Hindi,Fortnightly,KULDEEP AGRWAL,KULDEEP AGRAWAL,Rajasthan,Chittorgarh
AAMJAN MINDS,DLHIN/26/A3672,2026-05-13,Hindi,Monthly,amiya kumar sabat,AAM JAN MEDIA PRIVATE LIMITED,Delhi,West Delhi
AAMJAN NEWS,UPHIN/2011/38174,2011-07-11,Hindi,Weekly,RAMESH KUMAR,RAMESH KUMAR,Uttar Pradesh,Lalitpur
AAMNA SAMNA,UPURD/2015/60306,2015-02-19,Urdu,Daily,BINTE ZEHRA,BINTE ZAHRA,Uttar Pradesh,Lucknow
AAMNE SAMNE,MAHMAR/2021/81386,2022-04-13,Marathi,Weekly,YASH PRASHANT PALVE,YASH PRASHANT PALVE,Maharashtra,Jalgaon
AAMON DHAN,WBBEN/25/A2650,2025-09-18,Bengali,Bi-Annual,Sanjoy Kumar Sarkar,Sanjoy Kumar Sarkar,West Bengal,Kolkata
AAMRAVAN TIMES,UPHIN/2002/06882,2002-06-24,Hindi,Weekly,ANITA SAINI,ANITA SAINI,Uttar Pradesh,Lucknow
AAMSABHA,MAHMAR/2012/47070,2012-12-18,Marathi,Weekly,PRAVEEN GOPALRAO GATHE,PRAVEEN GOPALRAO GATHE,Maharashtra,Wardha
AAMUKH,MPHIN/2023/84964,2023-06-14,Hindi,Monthly,PREETI SINGH,PREETI  SINGH,Madhya Pradesh,Bhopal
AAMUKH,MPHIN/2023/90631,2025-04-09,Hindi,Quarterly,PREETI SINGH,PREETI SINGH,Madhya Pradesh,Bhopal
AAMUKHAM MALAYALAM,KLMAL/26/A1552,2026-03-16,Malayalam,Monthly,BABU K V,BABU K V,Kerala,Kottayam
AANAND APRADH,UPHIN/2009/31759,2010-04-01,Hindi,Monthly,ADARSH KUMAR SINHA,ADARSH KUMAR SINHA,Uttar Pradesh,Azamgarh
AANAND PUBLIC,UPHIN/2009/32389,2010-05-26,Hindi,Daily,RAJESH VERMA,RAJESH VERMA,Uttar Pradesh,Mahrajganj
AANANDA BANGLA,WBBEN/2012/49533,2013-05-08,Bengali,Daily,MD. FARIDUL ZAMAN,MD. FARIDUL ZAMAN,West Bengal,Purba Bardhaman
AANANDA BRUNDA,32330,1977-03-22,Telugu,Monthly,,,,
AANANDA ILLAM,TNTAM/2021/88046,2024-07-25,TAMIL,Monthly,V.R.MANOGAREN,V.R.MANOGAREN,Tamil Nadu,Chennai
AANANDI DARPAN,UPHIN/2009/30311,2010-01-07,Hindi,Weekly,ABHAY KUMAR SRIVASTAVA,ABHAY KUMAR SRIVASTAVA,Uttar Pradesh,Lucknow
AANANT ANAADI,UPHIN/26/A0189,2026-01-02,Hindi,Quarterly,Sumit Rai,Sumit Rai,Uttar Pradesh,Deoria
AANANT AVINAASHEE,UPHIN/25/A3376,2025-10-21,Hindi,Daily (Monday To Friday),KUSUM YADAV,KUSUM YADAV,Uttar Pradesh,Azamgarh
AANANTHA BAIRAVI,TNTAM/2023/87605,2024-06-20,TAMIL,Monthly,M.SIVA,M.SIVA,Tamil Nadu,Perambalur
AANCHAL KI DAIRY,MPHIN/2009/28486,2012-07-05,Hindi,Weekly,SANJAY JAIN,SANJAY JAIN,Madhya Pradesh,Raisen
AANCHALIK PATRAKAR,MPHIN/2004/12178,2004-03-22,Hindi,Monthly,VIJAYDUTT SRIDHAR,VIJAYDUTT SRIDHAR,Madhya Pradesh,Bhopal
AANCHALIK SACH,UPHIN/2022/86084,2024-01-11,Hindi,Weekly,ANISHA MISHRA,ANISHA MISHRA,Uttar Pradesh,Ballia
AANCHALIK SANDESH,DELHIN/2017/72466,2017-07-11,Hindi,Weekly,PAWAN YADAV,DINESH YADAV,Delhi,New Delhi
AANCHALIK SHABD VARTA,MPHIN/1998/01341,2000-07-10,Hindi,Daily,PRADEEP SAMADHIYA,PRADEEP SAMADHIYA,Madhya Pradesh,Sehore
AANDATA KI SAMRIDHI,CHHHIN/2023/88494,2024-08-27,HINDI,Monthly,ANURAG SHRIVASTAVA,ANURAG SHRIVASTAVA,Chhattisgarh,Raipur
AANDATA KI SAMRIDHI,MPHIN/26/A4238,2026-05-25,Hindi,Monthly,ANURAG SHRIVASTAVA,ANURAG SHRIVASTAVA,Madhya Pradesh,Bhopal
AANDHI,35304,1979-01-01,Hindi,Weekly,MANITA KAUR,MANITA KAUR,Rajasthan,Jhalawar
AANDHI AUR TOOFAN,GUJGUJ/2011/49780,2013-05-21,Gujarati,Daily,Vyas Kirtikumar Amrishbhai,Vyas Kirtikumar Amrishbhai,Gujarat,Ahmedabad
AANDHI AUR TOOFAN,GUJGUJ/2000/02466,2012-01-31,Gujarati,Weekly,KIRTIKUMAR A.VYAS,KIRTIKUMAR A.VYAS,Gujarat,Ahmedabad
AANDHI EXPRESS,MPHIN/2016/69655,2016-12-21,Hindi,Weekly,SACHIN VISHWAKARMA,SACHIN VISHWAKARMA,Madhya Pradesh,Jabalpur
AANDOLAN BHARAT,MAHMAR/2013/50130,2013-06-04,Marathi,Monthly,SUNIL TATYARAO TATE,SUNIL TATYARAO TATE,Maharashtra,Mumbai
AANE WALA SAMAY,MPHIN/26/A4679,2026-06-04,Hindi,Monthly,PRADOSH,PRADOSH,Madhya Pradesh,Jabalpur
AANGANWADI SANDESH,MPHIN/2018/75523,2018-06-15,Hindi,Fortnightly,ASHUTOSH DEVI,ASHUTOSH DEVI,Madhya Pradesh,Bhopal
AANGI NEWS,GUJGUJ/2021/82070,2022-09-07,Gujarati,Fortnightly,NIDHI ARIHANT,NIDHI ARIHANT,Gujarat,Ahmedabad
AANJANYA DARPAN,UTTHIN/2012/43292,2012-06-23,Hindi,Weekly,BAL KRISHAN GOYAL,BAL KRISHAN GOYAL,Uttarakhand,Dehradun
AANKHE,MPHIN/2003/09150,2003-02-27,Hindi,Other,SAWAI SINGH SISODIA,SAWAI SINGH SISODIA,Madhya Pradesh,Bhopal
AANKHEN CRIME PAR,MPHIN/2015/65147,2015-12-08,Hindi,Weekly,VIJAY KUMAR PANDEY,VIJAY KUMAR PANDEY,Madhya Pradesh,Sehore
AANKHEN TIMES,UPBIL/2014/61669,2015-04-30,"English, HINDI",Weekly,HARI BAHADUR SRIVASTAVA,HARI BAHADUR SRIVASTAVA,Uttar Pradesh,Kanpur Nagar
AANKHO DEKHA SACH,MPHIN/2008/27630,2009-09-29,Hindi,Weekly,DIGVIJAY SINGH,DIGVIJAY SINGH,Madhya Pradesh,Bhopal
AANKHODEKHI GUJARAT,GUJGUJ/2011/41351,2013-07-22,Gujarati,Fortnightly,HET GAURANG PANDYA,HET GAURANG PANDYA,Gujarat,Ahmedabad
AANKHON DEKHE APRADH,UPHIN/2010/34301,2010-11-15,Hindi,Weekly,MANOJ PANWAR,MANOJ PANWAR,Uttar Pradesh,Muzaffarnagar
AANKHON KA TAARA,UPHIN/2023/90168,2024-11-14,HINDI,Weekly,ABDULLA,ABDULLA,Uttar Pradesh,Saharanpur
AANKHON KA UJALA,MPHIN/2021/85510,2023-10-12,Hindi,Monthly,VISHAL PAL,VISHAL PAL,Madhya Pradesh,Bhopal
AANKHON KE SAAMNE,UPHIN/2008/25241,2008-08-13,Hindi,Weekly,GIRISH SINGH,GIRISH SINGH,Uttar Pradesh,Lucknow
AANKHON KI KHOJ,UPHIN/2009/28504,2009-07-29,Hindi,Weekly,DEEPAK KUMAR,DEEPAK KUMAR,Uttar Pradesh,Ghaziabad
AANKO AALO,WBBEN/2000/02536,2000-12-18,Bengali,Fortnightly,MANJU RANI MAITI,SMT. MANJURANI MAITI,West Bengal,Purba Medinipur
AANMA NALAM,TNBIL/2017/74142,2017-12-13,"English, Tamil",Monthly,MATHEW JOSEPH,MATHEW JOSEPH,Tamil Nadu,Thiruvallur
AANMAA THEDAL,TNTAM/2016/67949,2016-07-28,Tamil,Monthly,A.B. MUGHAN,AB.MUGHAN,Tamil Nadu,Chennai
AANMEGA SIGARAM,TNTAM/2017/75122,2018-05-09,Tamil,Monthly,G. SASIREKA,G. SASIREKA,Tamil Nadu,Chennai
AANMIGA SANGAMAM,TNTAM/2014/61964,2015-05-19,Tamil,Monthly,C.VIMALESWARAN,C. VIMALESWARAN,Tamil Nadu,Chennai
AANMIGA SUTRULA MALAR,TNTAM/2010/39901,2011-12-08,Tamil,Monthly,GANESAN,GANESAN,Tamil Nadu,Chennai
AANTHAHAPURAM,APTEL/2003/11229,2003-11-17,Telugu,Weekly,KANIGALLA LEELA SIVA NAGADHANA RAJU,KANIGALLA LEELA SIVA NAGADHANA RAJU,Telangana,Medak
AANTHAI REPORTER,TNTAM/2012/45305,2012-09-19,Tamil,Weekly,V. SANKARA SUNDARA KUMAR,V. SANKARASUNDARAKUMAR,Tamil Nadu,Chennai
AANTHOKATHA,WBBEN/2020/86933,2024-04-18,Bengali,Fortnightly,MANJIT BASU,MANJIT BASU,West Bengal,Purba Bardhaman
AANTRARASHTRIYA AAWAAJ,MHMAR/25/A2434,2025-09-08,Marathi,Weekly,Sureshkumar Jawahar Chaurasiya,Sureshkumar Jawahar Chaurasiya,Maharashtra,Mumbai
AANYA EXPRESS,UPHIN/2020/79313,2021-02-04,Hindi,Weekly,SHIRISH KUMAR SINGH,SHIRISH KUMAR SINGH,Uttar Pradesh,Varanasi
AAO FARZ NIBHAYEN,UPHIN/2023/89632,2024-10-15,HINDI,Monthly,RAJENDRA SACHDEVA,HUMAN DUTIES FOUNDATION,Uttar Pradesh,Agra
AAO SAMBHALAIN BHARAT,UPHIN/2023/86705,2024-03-28,Hindi,Weekly,RAJ KUMAR,RAJ KUMAR,Uttar Pradesh,Mainpuri
AAO SAMBHALAIN BHARAT,UPHIN/26/A4167,2026-05-25,Hindi,Daily,RAJ KUMAR,RAJ KUMAR,Uttar Pradesh,Mainpuri
AAP ABHI TAK,UPHIN/2011/41550,2012-04-12,Hindi,Daily,IMRAN KHAN,IMRAN KHAN,Uttar Pradesh,Ghaziabad
AAP ANE AME,GUJGUJ/2007/21438,2007-10-22,Gujarati,Daily,BIPIN JAGDISHCHANDRA UPADHYAY,BIPIN JAGDISHCHANDRA UPADHYAY,Gujarat,Bharuch
AAP ANE AME,GUJGUJ/2009/32381,2010-05-20,GUJARATI,Daily,BIPIN JAGDISHCHANDRA UPADHYAY,BIPIN JAGDISHCHANDRA UPADHYAY,Gujarat,Ahmedabad
AAP AUR HUM LOG,UPHIN/2014/57855,2014-10-20,Hindi,Weekly,VIMAL KUMAR PANDEY,VIMAL KUMAR PANDEY,Uttar Pradesh,Lucknow
AAP BEETI JAG BEETI,59801,1993-07-27,Hindi,Weekly,MANJU TIWARI,MANJU TIWARI,Uttar Pradesh,Lucknow
AAP BHALE TO JAG BHALA,UPHIN/2013/54101,2014-01-21,Hindi,Weekly,KHALID HUSSAIN,KHALID HUSSAIN,Uttar Pradesh,Bijnor
AAP JAANE,MPHIN/2003/12262,2004-04-19,Hindi,Monthly,BRIJ BHUSHAN SHARMA,BRIJ BHUSHAN SHARMA,Madhya Pradesh,Bhopal
AAP JANE,65313,1997-03-03,Hindi,Weekly,BRIJBHUSHAN SHARMA,BRIJBHUSHAN SHARMA,Madhya Pradesh,Bhopal
AAP KA AGENDA,MPHIN/2011/38985,2011-09-23,Hindi,Daily,MOHAMMAD ARBAZ,MOHAMMED ARBAZ,Madhya Pradesh,Bhopal
AAP KA FAISLA,TELURD/2019/78344,2019-12-30,Urdu,Weekly,MIRZA AKBAR BAIG,MIRZA AKBAR BAIG,Telangana,Nizamabad
AAP KA HIND,UPHIN/2017/71388,2017-04-28,Hindi,Weekly,MOHD. NASEEM,MOHD NASEEM,Uttar Pradesh,Muzaffarnagar
AAP KA SAAMNA,HPHIN/2010/41180,2012-03-16,Hindi,Weekly,SANTOSH KUMR SHUSHTA,SANTOSH KUMAR SHUSHTA,Himachal Pradesh,Shimla
AAP KA SANDESH,HARHIN/2004/12009,2004-03-01,Hindi,Weekly,HAWA SINGH CHAHAL,HAWA SINGH CHAHAL,Haryana,Hisar
AAP KA SANKALP,DELHIN/2016/70548,2017-03-02,Hindi,Daily,AMIT KUMAR,AMIT KUMAR,Delhi,New Delhi
AAP KA SATHI,29009,1988-09-09,Urdu,Fortnightly,MOHD.. NASEEM,MOHD NASEM,Delhi,New Delhi
AAP KA UJALA,UPHIN/2021/84189,2023-05-16,Hindi,Weekly,MOHAMMAD HAROON,MOHAMMAD HAROON,Uttar Pradesh,Moradabad
AAP KE DWAR,DELHIN/2004/13020,2004-08-17,Hindi,Weekly,JAGDISH BHATIA,JAGDISH BHATIA,Delhi,New Delhi
AAP KE PUSHP,43174,1984-09-22,Hindi,Fortnightly,ANJU GOYAL,ANJU GOYAL,Uttar Pradesh,Hapur
AAP KE SATH,GUJGUJ/2014/57880,2014-10-22,Gujarati,Weekly,RAMESH JIVARAJBHAI VORA,RAMESH JIVARAJBHAI VORA,Gujarat,Ahmedabad
AAP KE SHABD,DELBIL/2012/44915,2012-08-29,"English, HINDI",Monthly,RAKESH KUMAR SHRIVASTAVA,RAKESH KUMAR SHRIVASTAV,Delhi,New Delhi
AAP KI AAWAAZ,JHURD/26/A3717,2026-05-14,Urdu,Daily,BABY AFSANA,BABY AFSANA,Jharkhand,Ranchi
AAP KI ADALAT,39712,2009-12-09,Hindi,Fortnightly,HEMLATA GUPTA,HEMLATA GUPTA,Rajasthan,Jaipur
AAP KI AMANAT,UPHIN/2015/66150,2016-02-15,Hindi,Weekly,MUBEEN BEG,MUBEEN BEG,Uttar Pradesh,Kanpur Nagar
AAP KI BAAT SACH KE SATH,MPHIN/25/A3453,2025-10-27,Hindi,Quarterly,mahak kushwah,mahak kushwah,Madhya Pradesh,Bhopal
AAP KI BHASHA SAMACHAR,MPHIN/2014/54069,2014-01-20,Hindi,Weekly,SMT. JYOTI CHHATWANI,JYOTI CHHATWANI,Madhya Pradesh,Bhopal
AAP KI INDIA,DELHIN/2016/66504,2016-03-26,Hindi,Weekly,SAPNA GROVER,SAPNA GROVER,Delhi,New Delhi
AAP KI KRANTI,UTTHIN/2013/52629,2013-10-21,Hindi,Weekly,KRISHNA VAILWAL,KRISHNA VAILWAL,Uttarakhand,Dehradun
AAP KI PUKAR,MAHHIN/2015/62838,2015-06-23,Hindi,Weekly,RAZA AHMED MD. SALAUDDIN SHAIKH,RAZA AHMED MD. SALAUDDIN SHAIKH,Maharashtra,Mumbai
AAP KI PUKAR,MAHURD/2011/42919,2012-06-13,Urdu,Weekly,RAZA AHMED MD. SALAUDDIN SHAIKH,RAZA AHMED MD. SALAUDDIN SHAIKH,Maharashtra,Mumbai
AAP KI REPORT,UPHIN/2010/31229,2010-03-09,Hindi,Weekly,HARISHCHANDRA URF PREM BABA,HARISHCHANDRA URF PREM BABA,Uttar Pradesh,Gautam Buddha Nagar
AAP KI SOCH,71277,1999-07-30,Hindi,Weekly,SURESH SINGH CHOHAN,SURESH SINGH CHAUHAN,Madhya Pradesh,Gwalior
AAP KI TALASH,MAHHIN/2014/59677,2015-01-20,Hindi,Daily,RAJENDRA DINKAR CHAUDHARY,RAJENDRA DINKAR CHAUDHARY,Maharashtra,Jalgaon
AAP PEHREDAR SAMACHAR,DELHIN/2016/71285,2017-05-01,Hindi,Monthly,SUDARSHAN KUMAR SHARMA,SUDARSHAN KUMAR SHARMA,Delhi,New Delhi
AAP SE AWAZ,UPHIN/2016/68450,2016-08-27,Hindi,Weekly,RAJESH KUMAR,RAJESH KUMAR,Uttar Pradesh,Gautam Buddha Nagar
AAP SE MULAKAT,KARHIN/2015/64812,2015-11-17,Hindi,Weekly,SHAKIL SAIFODDIN MARIHAL,SHAKIL SAIFODDIN MARIHAL,Karnataka,Belgaum
AAP TAK,49006,2005-12-12,Hindi,Daily,RANDHIR KUMAR SHARMA,RANDHIR KUMAR SHARMA,Bihar,Samastipur
AAP TAK PRATIDIN,UPURD/2014/56053,2014-06-26,Urdu,Weekly,JYOTI YADAV,JYOTI YADAV,Uttar Pradesh,Lucknow
AAP TAK PRATIDIN,UPHIN/2010/31859,2010-04-08,Hindi,Weekly,JYOTI YADAV,JYOTI YADAV,Uttar Pradesh,Lucknow
AAP TAK PRATIDIN,UPHIN/2009/30451,2010-01-15,Hindi,Daily,JYOTI YADAV,JYOTI YADAV,Uttar Pradesh,Lucknow
AAP TAK PRATIDIN,UPURD/2013/54149,2014-01-23,Urdu,Daily,JYOTI YADAV,JYOTI YADAV,Uttar Pradesh,Lucknow
AAPAKA MUMBAI MITRA,MAHHIN/2007/21702,2007-11-05,Hindi,Daily,ABHIJEET ASHOK RANE,VAST MEDIA NETWORK PVT. LTD.,Maharashtra,Mumbai
AAPAKA TEESTA HIMALAYA,WBHIN/2010/34186,2010-11-09,Hindi,Monthly,RANJU SINGH,RANJU SINGH,West Bengal,Darjiling
AAPAL DHAIRYA TIMES,MAHMAR/2011/48646,2013-03-18,Marathi,Weekly,SACHIN SAMPAT MORE,SACHIN SAMPATRAO MORE,Maharashtra,Satara
AAPAL KARJAT,MAHMAR/2013/54610,2014-02-12,Marathi,Weekly,VIDYANAND GOPINATH OVHAL,VIDYANAND GOPINATH OVHAL,Maharashtra,Raigad
AAPAL MALKAPUR,MAHMAR/2023/88100,2024-07-29,MARATHI,Weekly,NILESH BALU CHOPADE,NILESH BALU CHOPADE,Maharashtra,Buldhana
AAPALA JANTECHA AARSA,MHMAR/26/A5154,2026-06-15,Marathi,Weekly,Satish Pralhad Mandale,Satish Pralhad Mandale,Maharashtra,Washim
AAPALA MATDAR SANGH,MAHMAR/2011/43052,2012-06-20,Marathi,Daily,PRABHAKAR SHUDHAKAR JADHAV,JADHAV PRABHAKAR SUDHAKAR,Maharashtra,Jalgaon
AAPALA MUMBAI MITRA,MAHMAR/2007/21703,2007-11-05,Marathi,Daily,ABHIJEET ASHOK RANE,VAST MEDIA NETWORK PVT. LTD.,Maharashtra,Mumbai
AAPALA NAVRAJYA,MAHMAR/2009/32008,2010-04-22,Marathi,Daily,SUNIL BHAGWAN PATIL,SUNIL BHAGWAN PATIL,Maharashtra,Dhule
AAPALA SANGHARSH NEWS,MAHMAR/2023/89310,2024-10-01,MARATHI,Half Yearly,BHAGYASHRI GANESH JADHAO,BHAGYASHRI GANESH JADHAO,Maharashtra,Mumbai
AAPALA SHAHARANAMA,MAHMAR/2016/68474,2016-09-02,Marathi,Weekly,DNYANESHWAR BABU MUNDE,DNYANESHWAR BABU MUNDE,Maharashtra,Thane
AAPALI JANTA NEWS,MAHMAR/2020/90700,2025-05-10,MARATHI,Weekly,RAKESH RAJU WAGHMARE,RAKESH RAJU WAGHMARE,Maharashtra,Pune
AAPALI MATRUBHAKTI,MAHBIL/2016/76131,2018-09-26,"Marathi, Hindi",Weekly,GAJANAN RAMRAO DESHMUKH,GAJANAN RAMRAO DESHMUKH,Maharashtra,Buldhana
AAPAN MAATI-AAPAN BAAT,UPHIN/2008/28166,2009-07-02,Hindi,Weekly,DR. ASHOK KUMAR SINGH,ASHOK KUMAR SINGH,Uttar Pradesh,Varanasi
AAPAN MAHARAJGANJ,DLHIN/26/A5272,2026-06-17,Hindi,Fortnightly,Tabrez Khan,Tabrez Khan,Delhi,New Delhi
AAPAN SAGLE BRAMHAN,MAHMAR/2016/66908,2016-05-09,Marathi,Fortnightly,BHALCHANDRA KULKARNI,BHALCHANDRA KULKARNI,Maharashtra,Pune
AAPANO BIKANO CHOKHO SAHAR,RJBIL/26/A0919,2026-02-06,"Hindi, English",Fortnightly,Mukesh Pooniya,Mukesh Pooniya,Rajasthan,Bikaner
AAPANU GUJARAT,GUJGUJ/2023/86947,2024-04-18,Gujarati,Weekly,AANAND PRAHLADBHAI VADECHA,CHHATRAPALSINH JAGATSINH JADEJA,Gujarat,Rajkot
AAPAS KI BAAT,MPHIN/2017/77239,2019-05-02,Hindi,Weekly,SANTOSH KUMAR,SANTOSH KUMAR,Madhya Pradesh,Bhopal
AAPDU JUNAGADH,GUJGUJ/2023/87336,2024-05-17,Gujarati,Weekly,DHULESIA PARTH NILESHKUMAR,VISHAL NARANBHAI SOLANKI,Gujarat,Junagadh
AAPKA ADHIKAR TIMES,DELBIL/2002/08802,2009-07-02,"English, HINDI",Fortnightly,LAKHAN SINGH,LAKHAN SINGH,Delhi,New Delhi
AAPKA ANGARA,TELURD/2014/59671,2015-01-20,Urdu,Daily,SYED MOHAMMED QUADRI,SYED MOHAMMED QUADRI,Telangana,Hyderabad
AAPKA FAISLA,HPHIN/2007/25050,2012-07-12,Hindi,Daily,SURESH THAKUR,M/S. AAPKA FAISLA PRAKASHAN PRIVATE LTD.,Himachal Pradesh,Shimla
AAPKA HAK,HARBIL/2023/86635,2024-02-29,"English, HINDI",Monthly,SIDHARTH NARULA,SIDHARTH NARULA,Haryana,Faridabad
AAPKA HAMDARD,38546,1987-09-10,Hindi,Weekly,DR. TALAT KHAN,DR. TALAT KHAN,Madhya Pradesh,Bhopal
AAPKA HAMRAHI,56069,1993-01-22,Hindi,Weekly,DILIP KUMAR,DILIP KUMAR,Uttar Pradesh,Meerut
AAPKA HAMRAHI,UPHIN/2019/78862,2020-08-04,Hindi,Quarterly,DILIP KUMAR,DILIP KUMAR,Uttar Pradesh,Meerut
AAPKA KADAM,UPHIN/2001/06537,2002-04-30,Hindi,Weekly,MOHAMMAD MUJAMMIL KHAN,MOHAMMAD MUJAMMIL KHAN,Uttar Pradesh,Ghaziabad
AAPKA KHABARIYA,UAHIN/25/A4613,2025-12-03,Hindi,Fortnightly,TARA CHANDRA JOSHI,TARA CHANDRA JOSHI,Uttarakhand,Nainital
AAPKA METRO,UPHIN/2014/60057,2015-02-05,Hindi,Daily,RAMASHANKAR PRASAD SINGH,MAA SHITLA CHIKITSA SHIKSHA AWAM DHARMIK TRUST,Uttar Pradesh,Lucknow
AAPKA NASEEB,MPHIN/2003/11259,2003-11-20,Hindi,Daily,HASIB MOHAMMAD,HASIB MOHAMMAD,Madhya Pradesh,Bhopal
AAPKA NEWS STAR,MPBIL/25/A2249,2025-08-21,"English, Hindi",Weekly,Rajesh Kumar Patel,Rajesh Kumar Patel,Madhya Pradesh,Panna
AAPKA PRAHAR TIMES,MAHHIN/2015/60803,2015-03-19,Hindi,Weekly,MOHAMMED WASIM SYED,MOHAMMED WASIM SYED,Maharashtra,Thane
AAPKA RAJ,RAJHIN/2002/9430,2003-03-24,Hindi,Daily,DAULAT RAM TAK,DAULAT RAM TAK,Rajasthan,Jodhpur
AAPKA RAJGARH,MPHIN/26/A6352,2026-08-03,Hindi,Bimonthly (Once in two months),babu verma,babu verma,Madhya Pradesh,Rajgarh
AAPKA REHBAR,UPHIN/2010/31903,2010-05-14,Hindi,Weekly,ASHRAF ALI,ASHRAF ALI,Uttar Pradesh,Moradabad
AAPKA SAMAY,MAHHIN/2017/75131,2018-05-09,Hindi,Weekly,ANIL PRASAD S NAUTIYAL,ANIL PRASAD S NAUTIYAL,Maharashtra,Thane
AAPKA SAPNA,MPHIN/2013/57021,2014-09-06,Hindi,Weekly,YOGESH D. PARMAR,YOGESH D. PARMAR,Madhya Pradesh,Indore
AAPKA SATHI,UPHIN/2003/09869,2003-05-14,Hindi,Daily,MAMTA CHANDANI,MAMTA CHANDANI,Uttar Pradesh,Lucknow
AAPKA SATHI,56857,1993-08-27,Hindi,Weekly,MAMTA CHANDANI,MAMTA CHANDANI,Uttar Pradesh,Lucknow
AAPKA SHAHAR,MAHHIN/2010/33451,2010-08-31,Hindi,Weekly,SINGH OMPRAKASH BHAGWATI,SINGH OMPRAKASH BHAGWATI,Maharashtra,Thane
AAPKA VIEW,UAHIN/25/A2663,2025-09-18,Hindi,Weekly,Rahul kumar verma,Rahul kumar verma,Uttarakhand,Haridwar
AAPKA VIEW,UAHIN/26/A1488,2026-03-13,Hindi,Monthly,Rahul kumar verma,Rahul kumar verma,Uttarakhand,Haridwar
AAPKA VIEW,DELHIN/2014/54250,2014-01-28,Hindi,Weekly,RAHUL KUMAR VERMA,RAHUL KUMAR VERMA,Delhi,New Delhi
AAPKI AWAAZ JANTA TAK,UPHIN/25/A5231,2025-12-17,Hindi,Daily,RAJWALA,RAJWALA,Uttar Pradesh,Budaun
AAPKI BAAT,MPHIN/2001/06837,2002-06-19,Hindi,Monthly,JITENDER RICHHARIA,JITENDER RICHARIA,Madhya Pradesh,Chhatarpur
AAPKI BAAT,UPURD/2016/67420,2016-06-06,Urdu,Daily,SHABIHUL HASAN,SHABIHUL HASAN,Uttar Pradesh,Lucknow
AAPKI BAAT HAMARA SATH,MAHHIN/2023/89389,2024-10-10,HINDI,Daily,RAKESH DASHRATH LAHORI,RAKESH DASHRATH LAHORI,Maharashtra,Thane
AAPKI BAAT KHABRON KE SATH,MPHIN/25/A3291,2025-10-16,Hindi,Quarterly,MINI KUSHWAH,MINI KUSHWAH,Madhya Pradesh,Gwalior
AAPKI CHAHAT NEWS,MPHIN/2021/83392,2023-02-23,Hindi,Weekly,ANIL KUMAR,ANIL KUMAR,Madhya Pradesh,Raisen
AAPKI CHHAYA,MPHIN/25/A4302,2025-11-25,Hindi,Daily,JUHI MISHRA,JUHI MISHRA,Madhya Pradesh,Jabalpur
AAPKI CHHAYA,MPHIN/2015/70749,2017-03-20,Hindi,Monthly,JUHI MISHRA,JUHI MISHRA,Madhya Pradesh,Bhopal
AAPKI DASTAK,UPHIN/2013/52048,2013-09-17,Hindi,Weekly,ARCHANA YADAV,ARCHANA YADAV,Uttar Pradesh,Lucknow
AAPKI DRISHTI,UPHIN/2016/68638,2016-09-07,Hindi,Weekly,REENA DEVI,REENA DEVI,Uttar Pradesh,Lucknow
AAPKI DRISHTI,UPHIN/2024/90720,2025-05-19,Hindi,Monthly,REENA DEVI,REENA DEVI,Uttar Pradesh,Lucknow
AAPKI JUNG,MAHHIN/2012/42373,2012-05-18,Hindi,Weekly,MUNNA HAKIM MIYAN,MUNNA HAKIM MIYAN,Maharashtra,Thane
AAPKI KHABAR,DELHIN/2001/05619,2012-10-03,Hindi,Weekly,RAM PRAKASH,RAM PRAKASH,Delhi,New Delhi
AAPKI NEWS,DELHIN/2007/22271,2007-12-26,Hindi,Fortnightly,SHYAM SUNDER,SHYAM SUNDER,Delhi,New Delhi
AAPKI NIRBHAYA,MPBIL/2016/67108,2016-05-30,"English, HINDI",Monthly,NADIYA,NADIYA,Madhya Pradesh,Bhopal
AAPKI PATRIKA,RAJHIN/2009/27175,2009-03-05,Hindi,Weekly,MUKESH MITTAL,MUKESH MITTAL,Rajasthan,Hanumangarh
AAPKI PEHCHAN,HRHIN/25/A2938,2025-09-30,Hindi,Monthly,preeta,preeta,Haryana,Faridabad
AAPKI SEHAT,DELHIN/2013/53582,2013-12-17,Hindi,Monthly,TARUN KUMAR,TARUN KUMAR,Delhi,New Delhi
AAPKI TAKAT,UPURD/2013/48902,2013-04-01,Urdu,Daily,SAYED MANZAR MEHDI,SAYED MANZAR MEHDI,Uttar Pradesh,Faizabad
AAPKI TAKAT,UPBIL/2006/21594,2007-10-31,"Hindi, Urdu",Weekly,SYED MANZOR MEHDI,SAYED MANZAR MEHDI,Uttar Pradesh,Faizabad
AAPKI TALASH,GUJHIN/2013/50672,2013-07-05,Hindi,Daily,RAJENDRA DINKAR CHAUDHARI,RAJENDRA DINKAR CHAUDHARI,Gujarat,Surat
AAPKI TALASH,GUJHIN/2014/55479,2014-04-30,Hindi,Weekly,RAJENDRA DINKAR CHAUDHARI,RAJENDRA DINKAR CHAUDHARI,Gujarat,Surat
AAPKI TALASH,DNHHIN/2013/52586,2013-10-15,Hindi,Daily,RAJENDRA DINKAR CHAUDHARI,RAJENDRA DINKAR CHAUDHARI,Dadra & Nagar Haveli,Dadra & Nagar Haveli
AAPKI TALASH,MPHIN/2014/55608,2014-05-14,Hindi,Daily,RAJENDRA DINKAR CHAUDHARI,RAJENDRA DINKAR CHAUDHARI,Madhya Pradesh,Indore
AAPKI TALASH,GUJHIN/2013/52410,2013-10-04,Hindi,Daily,RAJENDRA DINKAR CHAUDHARI,RAJENDRA DINKAR CHAUDHARI,Gujarat,Navsari
AAPKI TALASH,GUJHIN/2015/62607,2015-06-15,Hindi,Daily,RAJENDRA DINKAR CHAUDHARI,RAJENDRA DINKAR CHAUDHARI,Gujarat,Bharuch
AAPKI TALASH,GUJHIN/2014/55467,2014-04-29,Hindi,Monthly,RAJENDRA DINKAR CHAUDHARI,RAJENDRA DINKAR CHAUDHARI,Gujarat,Surat
AAPKI TALASH,DDHIN/2013/52948,2013-11-05,Hindi,Daily,RAJENDRA DINKAR CHAUDHARI,RAJENDRA DINKAR CHAUDHARI,Daman & Diu,Daman & Diu
AAPKI TALASH,GUJHIN/2013/52409,2013-10-04,Hindi,Daily,RAJENDRA DINKAR CHAUDHARI,RAJENDRA DINKAR CHAUDHARI,Gujarat,Valsad
AAPKI TALASH,MAHHIN/2014/60712,2015-03-11,Hindi,Daily,RAJENDRA DINKAR CHAUDHARI,RAJENDRA DINKAR CHAUDHARI,Maharashtra,Buldhana
AAPL PHALTAN,MHMAR/25/A2491,2025-09-11,Marathi,Weekly,Popat Maruti Mind,Popat Maruti Mind,Maharashtra,Satara
AAPLA AWAJ,MAHMAR/2023/88012,2024-07-16,MARATHI,Weekly,AMOL MANIK SONAWANE,AMOL MANIK SONAWANE,Maharashtra,Nashik
AAPLA BALIRAJA,MAHMAR/2014/56844,2014-09-02,Marathi,Daily,SANKET SURESHRAO YERANDE,SANKET SURESHRAO YERANDE,Maharashtra,Beed
AAPLA BHAGWA,MAHMAR/2016/67068,2016-05-28,Marathi,Weekly,AMAR SHANTARAM SHINDE,AMAR SHANTARAM SHINDE,Maharashtra,Thane
AAPLA CAREER,MAHMAR/2012/47707,2013-01-29,Marathi,Weekly,MAHADEV B. TARAL,MAHADEV B. TARAL,Maharashtra,Kolhapur
AAPLA GOURAV MANDAL,MHBIL/26/A2382,2026-04-10,"Marathi, Hindi",Weekly,vilas ramniklal pujara,vilas ramniklal pujara,Maharashtra,Thane
AAPLA JANADESH,MAHMAR/2012/43177,2012-06-21,Marathi,Weekly,YOGITA PRAVIN SHIRKE,YOGITA PRAVIN SHIRKE,Maharashtra,Pune
AAPLA JANTACHE URJA,MAHBIL/2021/79667,2021-03-12,"Marathi, Hindi",Weekly,SHRIKANT BHAGWAN RANDIVE,SHRIKANT BHAGWAN RANDIVE,Maharashtra,Thane
AAPLA JILHA AAPLA MAHARASHTRA,MAHMAR/2023/87611,2024-06-24,MARATHI,Weekly,KURBAN SHAH MISKIN SHAH,KURBAN SHAH MISKIN SHAH,Maharashtra,Buldhana
AAPLA JOURNALIST,MHBIL/25/A3498,2025-10-27,"English, Marathi",Weekly,Pratik chandrakant Thakur,Pratik chandrakant Thakur,Maharashtra,Palghar
AAPLA KHANDESH,MAHMAR/1993/09809,2003-05-09,Marathi,Weekly,ASHOK VITHOBA SHRIRAM,ASHOK VITHOBA SHRIRAM,Maharashtra,Dhule
AAPLA MAHANAGAR,49802,2010-03-17,Marathi,Daily,SANJAY BHASKAR SAWANT,AKSHAR COMMUNICATIONS PVT. LTD.,Maharashtra,Mumbai
AAPLA MAHANAGAR,MAHMAR/2020/83543,2023-03-06,Marathi,Daily,SANJAY BHASKAR SAWANT,M/S AKSHAR COMMUNICATIONS PVT LTD,Maharashtra,Thane
AAPLA MAHANAGAR,62169,1995-09-13,Marathi,Daily,NIKHIL MANGESH WAGLE,M/S AKSHAR COMMUNICATIONS PVT LTD,Maharashtra,Chhatrapati Sambhaji Nagar
AAPLA MAHANAGAR,MAHMAR/2021/83542,2023-03-03,Marathi,Daily,SANJAY BHASKAR SAWANT,M/S AKSHAR COMMUNICATIONS PVT LTD,Maharashtra,Thane
AAPLA MAHANAGAR,MAHMAR/2022/90680,2025-04-30,Marathi,Daily,SANJAY BHASKAR SAWANT,M/S AKSHAR COMMUNICATIONS PVT LTD,Maharashtra,Palghar
AAPLA MAHANAGAR,MAHMAR/2020/79376,2021-01-29,Marathi,Daily,SANJAY BHASKAR SAWANT,M/S AKSHAR COMMUNICATIONS PVT LTD,Maharashtra,Nashik
AAPLA MAHARASHTRA DISHA PARIVARTANACHI,MHMAR/25/A4752,2025-12-05,Marathi,Weekly,VAIBHAV JITENDRA MUNDE,VAIBHAV JITENDRA MUNDE,Maharashtra,Amravati
AAPLA MAHARASHTRA MARATHI ADHYAPAK,MAHMAR/2023/88884,2024-09-10,MARATHI,Quarterly,VIJAYKUMAR NARAYAN LANDGE,VIJAYKUMAR NARAYAN LANDGE,Maharashtra,Satara
AAPLA MARATHA MAVALA,MHMAR/25/A2954,2025-09-30,Marathi,Weekly,desale Ramesh Ragho,desale Ramesh Ragho,Maharashtra,Nashik
AAPLA MARATHWADA CONNECT WARTA,MHMAR/26/A3991,2026-05-20,Marathi,Weekly,GAJANAN RUKHMAJI DANGATE,GAJANAN RUKHMAJI DANGATE,Maharashtra,Nanded
AAPLA NAGARSEVAK,MHMAR/26/A3936,2026-05-20,Marathi,Weekly,Prakash Barku Bhoi,Prakash Barku Bhoi,Maharashtra,Nandurbar
AAPLA NAVAPUR,MAHMAR/2024/91025,2025-07-08,Marathi,Weekly,HEMANT VIKRAM PATIL,HEMANT VIKRAM PATIL,Maharashtra,Nandurbar
AAPLA NETA,69209,1998-10-21,Marathi,Twice a week,SHEELA VASANT UMBARE,SHEELA VASANT UMBARE,Maharashtra,Dharashiv
AAPLA NIRBHID JYOT,MHMAR/26/A3365,2026-05-11,Marathi,Weekly (monday to friday),Yogeshwar Prabhakar Gholap,Yogeshwar Prabhakar Gholap,Maharashtra,Nashik
AAPLA RAJSTAMBH,MAHMAR/2023/89334,2024-10-01,MARATHI,Daily,BAPU SHAMRAO JADHAV,BAPU SHAMRAO JADHAV,Maharashtra,Pune
AAPLA SANJ SAHAYADRI TIMES,MAHMAR/2003/10715,2003-09-09,Marathi,Daily,ARCHANA SANDEEP KALE,ARCHANA SANDEEP KALE,Maharashtra,Chhatrapati Sambhaji Nagar
AAPLA SANJ SAHAYADRI TIMES,MAHMAR/2007/20939,2007-08-24,Marathi,Daily,ARCHANA SANDEEP KALE,ARCHANA SANDEEP KALE,Maharashtra,Mumbai
AAPLA TATKAL ACTION NEWS,MAHMAR/2023/89376,2024-10-10,MARATHI,Weekly,MANGAL NILESH SHINDE,MANGAL NILESH SHINDE,Maharashtra,Mumbai
AAPLA UPNAGAR,MAHMAR/2012/43641,2012-06-30,Marathi,Daily,ANITA ARUN GHAIWAT,ANITA ARUN GHAIWAT,Maharashtra,Thane
AAPLA VARTAHAR,59909,1994-01-01,Marathi,Daily,PRAVIN MURLIDHAR SHINGOTE,SHREE AMBIKA PRINTERS & PUBLICATIONS,Maharashtra,Mumbai
AAPLA VIDHARBH,MAHMAR/2023/88006,2024-07-16,MARATHI,Daily,DEVIDAS MADHAVRAO KHANPATE,DEVIDAS MADHAVRAO KHANPATE,Maharashtra,Buldhana
AAPLA VRUTTA PRAHAR,MAHHIN/2016/71352,2017-04-28,Hindi,Weekly,RAMESH GANPATI JADHAV,RAMESH GANPATI JADHAV,Maharashtra,Thane
AAPLA YASH,MPMAR/2003/13600,2004-11-05,Marathi,Fortnightly,SMT APARNA PATIL,AJAY PATIL,Madhya Pradesh,Gwalior
AAPLA ZILLA AAPLI BATMI,MAHMAR/2015/65817,2016-02-01,Marathi,Weekly,LUKMAN SHAH USMAN SHAH,LUKMAN SHAH USMAN SHAH,Maharashtra,Buldhana
AAPLA ZILLA AAPLI PRAGATI,MAHMAR/2016/69773,2016-12-27,Marathi,Weekly,HANIF KHAN BILAN KHAN,HANIF KHAN BILAN KHAN,Maharashtra,Buldhana
AAPLE LATUR SHAHAR,MAHBIL/2023/88363,2024-08-02,BILINGUAL,Daily,SANJAY RAMRAO UDARE,SANJAY RAMRAO UDARE,Maharashtra,Latur
AAPLE NAGAR CHAUFER,MAHMAR/2006/18381,2012-07-26,Marathi,Weekly,ABHAY RAMLAL LALWANI,ABHAY RAMLAL LALWANI,Maharashtra,Ahilyanagar
AAPLE NAVNAGAR,MHMAR/25/A3503,2025-10-27,Marathi,Daily,Bhausaheb Kisan Gund,Bhausaheb Kisan Gund,Maharashtra,Palghar
AAPLE PALGHAR,MHMAR/25/A3428,2025-10-24,Marathi,Weekly,VIKAS SHIVRAM PATIL,VIKAS SHIVRAM PATIL,Maharashtra,Palghar
AAPLE PARYAVARAN,MAHMAR/2004/14361,2005-04-15,Marathi,Monthly,VIDYADHAR A. WALAVALKAR,VIDYADHAR A. WALAVALKAR,Maharashtra,Thane
AAPLE RAIGAD,MAHMAR/2021/81366,2022-05-05,Marathi,Weekly,SUNIL JANU WARGADA,SUNIL JANU WARGADA,Maharashtra,Raigad
AAPLE SAMRAJYA,MAHMAR/2021/81699,2022-07-18,Marathi,Daily,SEEMA PRAMOD MORE,SEEMA PRAMOD MORE,Maharashtra,Mumbai
AAPLE SAMRAJYA,MAHMAR/2021/81685,2022-07-18,Marathi,Daily,SEEMA PRAMOD MORE,SEEMA PRAMOD MORE,Maharashtra,Palghar
AAPLE SAMRAJYA,MAHMAR/2021/81491,2022-05-17,Marathi,Daily,SEEMA PRAMOD MORE,SEEMA PRAMOD MORE,Maharashtra,Thane
AAPLE SAMRAJYA,MAHMAR/2016/67569,2016-06-24,Marathi,Daily,SEEMA PRAMOD MORE,SEEMA PRAMOD MORE,Maharashtra,Raigad
AAPLE SOLAPUR,MAHMAR/2003/09580,2003-04-09,Marathi,Weekly,P.P.KULKARNI,P.P.KULKARNI,Maharashtra,Solapur
AAPLE TAILCHITRA,MAHMAR/2013/52414,2013-10-04,Marathi,Monthly,LAXMAN BABURAO RAUT,LAXMAN BABURAO RAUT,Maharashtra,Jalna
AAPLE VANGMAYVRUTA,MAHMAR/2008/31756,2010-04-01,Marathi,Monthly,RAJAN VASANT BAWDEKAR,LOKVANGMAY GRIHA PVT. LTD.,Maharashtra,Mumbai
AAPLI BATAAMI,MAHMAR/2023/88688,2024-08-28,MARATHI,Weekly,DATTATRAY MAHADEV HIPPARKAR,DATTATRAY MAHADEV HIPPARKAR,Maharashtra,Sangli
AAPLI CHALWAL,MAHMAR/2015/61953,2015-05-19,Marathi,Weekly,GAIKWAD GORAKSH VILAS,GAIKWAD GORAKSH VILAS,Maharashtra,Pune
AAPLI MAHAWARTA,MHMAR/25/A1579,2025-07-03,Marathi,Weekly,Sanjay Pandurang Dudhane,Sanjay Pandurang Dudhane,Maharashtra,Pune
AAPLI MANAS AAPLA ROJGAR,MHBIL/26/A2612,2026-04-15,"Marathi, English",Monthly,Govind Guja Borse,Govind Guja Borse,Maharashtra,Nashik
AAPLI MARATHWADA BHOOMI,MAHMAR/2011/37354,2011-05-20,Marathi,Weekly,SHAIKH EFROZ MUZAMIL AHEMAD,SHAIKH EFROZ MUZAMIL AHEMAD,Maharashtra,Chhatrapati Sambhaji Nagar
AAPLYA LOKANCHA SATYAWADI,MHMAR/25/A4846,2025-12-05,Marathi,Daily,Shaikh Rehan Shaikh Feroz,Shaikh Rehan Shaikh Feroz,Maharashtra,Beed
AAPLYASATHI AAPANCH,MHMAR/25/A2634,2025-09-18,Marathi,Weekly,chinmay sanjay jagadle,chinmay sanjay jagadle,Maharashtra,Dharashiv
AAPNA ANDAJ,KARHIN/2009/31610,2010-03-30,Hindi,Weekly,SURENDRA K. MEHTA,SURENDRA K. MEHTA,Karnataka,Dharwad
AAPNI ARAS PARAS,GUJGUJ/2009/32382,2010-05-20,Gujarati,Fortnightly,M. N. LAXMIDHAR,M.N. LAXMIDHAR,Gujarat,Rajkot
AAPNI CITY,RAJHIN/2012/44749,2012-08-21,Hindi,Fortnightly,HARSH KUMAR,HARSH KUMAR,Rajasthan,Ganganagar
AAPNI HCG,GUJBIL/2015/69953,2017-01-18,"English, Gujarati",Monthly,DR. BHARAT GADHAVI,HCG MEDI- SURGE HOSPITALS PRIVATE LIMITED,Gujarat,Ahmedabad
AAPNO ADHIKAR,GUJGUJ/2009/30932,2010-02-12,Gujarati,Weekly,SONAL MUKESHBHAI PANDEY,S.M. PANDE,Gujarat,Navsari
AAPNO AGRANI PRADESH,RJHIN/26/A4749,2026-06-05,Hindi,Fortnightly,LOKESH KUMAR SHARMA,LOKESH KUMAR SHARMA,Rajasthan,Jaipur
AAPNO GRAMIN RAJASTHAN,RAJHIN/2017/74402,2018-01-18,Hindi,Weekly,PRADEEP KUMAR PRAJAPATI,PRADEEP KUMAR PRAJAPATI,Rajasthan,Jodhpur
AAPNU AHMEDABAD,GUJGUJ/2015/61858,2015-05-07,Gujarati,Fortnightly,TEJAS PRAVINCHANDRA PATEL,TEJAS PRAVINCHANDRA PATEL,Gujarat,Ahmedabad
AAPNU AMRELI,GUJGUJ/2009/31749,2010-04-01,Gujarati,Weekly,VIRAL JAYANTBHAI KAMDAR,VIRAL JAYANTBHAI KAMDAR,Gujarat,Amreli
AAPNU BHARUCH,GUJGUJ/2015/64453,2015-10-28,Gujarati,Fortnightly,"VASIMAKRAM GULAMALI MALEK,","VASIMAKRAM GULAMALI MALEK,",Gujarat,Bharuch
AAPNU GUJARAT,48879,2005-12-12,Gujarati,Weekly,DEVEN RATILAL VARMA,DEVEN RATILAL VARMA,Gujarat,Ahmedabad
AAPNU GUJARAT,GUJGUJ/2008/25225,2008-08-28,Gujarati,Daily,DEVEN RATILAL VARMA,DEVEN RATILAL VARMA,Gujarat,Ahmedabad
AAPNU MAHANAGAR,GUJGUJ/2012/46332,2012-11-12,Gujarati,Weekly,PATEL SUCHITA BHUPENDRABHAI,PATEL SUCHITA BHUPENDRABHAI,Gujarat,Surat
AAPNU SANDESH,GJGUJ/25/A3640,2025-10-30,Gujarati,Fortnightly,Ektodawala Firdosbanu,Ektodawala Firdosbanu,Gujarat,Ahmedabad
AAPNU VICHAR VALONUN,GUJGUJ/2013/49313,2013-04-23,Gujarati,Monthly,PRATIKSHA LAHERI,VICHAR VALONUN PARIVAR,Gujarat,Ahmedabad
AAPRI CHITTHI,RAJHIN/2016/70481,2017-02-27,Hindi,Fortnightly,MAYA GAUTAM,MAYA GAUTAM,Rajasthan,Kota
AAPSI PREM,MPHIN/2023/88566,2024-08-20,HINDI,Weekly,KIRAN THAKUR,KIRAN THAKUR,Madhya Pradesh,Bhopal
AAPSI VICHAR PARCHAR,43099,1987-03-05,BILINGUAL,Weekly,PARAMJIT KAUR,PARAMJIT KAUR,Delhi,
AAPTAK JALNA,MHHIN/26/A4235,2026-05-25,Hindi,Weekly,Syed Quadeer Syed Karim,Syed Quadeer Syed Karim,Maharashtra,Jalna
AAPTHA BANDHU,KARKAN/2023/88160,2024-07-29,KANNADA,Monthly,AMBARISH G,AMBARISH G,Karnataka,Bengaluru
AAPTUDU,APTEL/2010/35428,2011-01-24,Telugu,Weekly,RONANKI GOPALA RAO,RONANKI GOPALA RAO,Andhra Pradesh,Visakhapatnam
AARAAM PAARVAI,TNTAM/2018/77424,2019-05-30,Tamil,Daily,S. RAJESH KANNAN,S.RAJESH KANNAN,Tamil Nadu,Ramanathapuram
AARADHYA DARPAN TIMES,GUJHIN/2023/85399,2023-11-30,Hindi,Weekly,YADAV VINODKUMAR KAMLAPRASAD,YADAV VINODKUMAR KAMLAPRASAD,Gujarat,Surat
AARADHYA DARPAN TIMES,GUJGUJ/2022/83342,2023-02-24,Gujarati,Fortnightly,YADAV VINODKUMAR KAMLAPRASAD,YADAV VINODKUMAR KAMLAPRASAD,Gujarat,Surat
AARADHYA EXPRESS,MPBIL/2016/71107,2017-04-11,"English, HINDI",Monthly,GAURAV,GAURAV,Madhya Pradesh,Ratlam
AARADHYA KALYAN,KNKAN/26/A3304,2026-05-08,Kannada,Daily,VANITA ASHTAGI,VANITA ASHTAGI,Karnataka,Kalaburagi
AARADHYA NEWS,TGTEL/26/A4522,2026-06-02,Telugu,Monthly,GOGIREDDY BRAHMA REDDY,GOGIREDDY BRAHMA REDDY,Telangana,Rangareddy
AARAKSHAKA LAHARI,KARKAN/2021/80425,2021-09-29,Kannada,Monthly,DR. D.C.RAJAPPA,DR.D.C.RAJAPPA,Karnataka,Bengaluru
AARAKSHAKARE NAMMA RAKSHAKARU,KNKAN/26/A3686,2026-05-13,Kannada,Monthly,R PRAMILA,R PRAMILA,Karnataka,Bengaluru
AARAM VIRAL,TNTAM/2017/74328,2018-01-01,Tamil,Fortnightly,N RAMACHANDRAN,N RAMACHANDRAN,Tamil Nadu,Kanniyakumari
AARAMBAM MALAR,TNTAM/2021/82375,2022-10-17,Tamil,Weekly,MOORTHYGOVINDHAN,MOORTHYGOVINDHAN,Tamil Nadu,Coimbatore
AARAMBH AUR ANTH,55811,1992-07-16,Hindi,Weekly,RAJEEV VASHISHT,RAJEEV VASHISHT,Uttar Pradesh,Meerut
AARAMBH EK DASTAK,UPHIN/2016/70266,2017-01-31,Hindi,Quarterly,MEENAKSHI SHARMA,MEENAKSHI SHARMA,Uttar Pradesh,Ghaziabad
AARAMBH NEW NAGPUR YASHOGATHA,MHBIL/25/A0577,2025-05-28,"English, Marathi",Annual,Yash Sudesh Rajapure,Yash Sudesh Rajapure,Maharashtra,Nagpur
AARAMBH SHAKTI,MPHIN/2023/87215,2024-05-08,Hindi,Quarterly,SHADAB,SHADAB,Madhya Pradesh,Bhopal
AARAMBH THI AGRESAR GUJARAT,GJGUJ/26/A5577,2026-06-29,Gujarati,Fortnightly,Kayasth Jaydeep,Kayasth Jaydeep,Gujarat,Ahmedabad
AARAMBHA,KARKAN/2011/42220,2012-05-15,Kannada,Daily,RANJITH M.J.,RANJITH M.J.,Karnataka,Ramanagara
AARAMYA NEWS,MPHIN/26/A2732,2026-04-17,Hindi,Monthly,Kishan Swaroop Saxena,Kishan Swaroop Saxena,Madhya Pradesh,Vidisha
AARANI AGARATHAMIZH,TNTAM/26/A1794,2026-03-20,Tamil,Monthly,K KUMARESAN,K KUMARESAN,Tamil Nadu,Tiruvannamalai
AARAS PAARAS,72393,2012-06-18,Gujarati,Weekly,VASANT AMARSHI PURANI,MAHESH N. MANEK,Maharashtra,Mumbai
AARASA,71036,1999-06-29,Marathi,Weekly,CHANDRASHEKHAR VISHRAM BHISE,CHANDRASHEKHAR VISHRAM BHISE,Maharashtra,Ratnagiri
AARASA,20750,1972-02-22,Marathi,Weekly,C V BHISE,CHANDRASHEKHAR VISHRAM BHISE,Maharashtra,Ratnagiri
AARAV SEHER,HARHIN/2018/76547,2018-12-14,Hindi,Monthly,DEEPAK SHARMA,DEEPAK SHARMA,Haryana,Fatehabad
AARAV SOCH,UPHIN/2021/84383,2023-05-19,Hindi,Monthly,SUNEETA TIWARI,SUNEETA TIWARI,Uttar Pradesh,Lucknow
AARINI SAHITYA WARIDHI,MPBIL/2022/87375,2024-05-27,"English, HINDI",Half Yearly,MEENU PANDEY,MEENU PANDEY,Madhya Pradesh,Bhopal
AARNA TIMES,UTTHIN/2023/86846,2024-04-09,Hindi,Fortnightly,ASHA BHATT,ASHA BHATT,Uttarakhand,Dehradun
AAROGYA CHIKITSA,MAHMAR/2018/77651,2019-06-25,Marathi,Monthly,DR. JAYANT B. JAHAGIRDAR,DR.JAYANT B. JAHAGIRDAR,Maharashtra,Jalgaon
AAROGYA DARSHAN,MAHMAR/2017/74343,2018-01-01,Marathi,Weekly,PARAMESHWAR SHRIRAM JAMDHADE,PARAMESHWAR SHRIRAM JAMDHADE,Maharashtra,Washim
AAROGYA DARSHINI,TELTEL/2015/61261,2015-04-15,Telugu,Fortnightly,DR. PAVUSHETTY SREEDHAR,PAVUSHETTY SREEDHAR,Telangana,Warangal
AAROGYA GANGA,UTTHIN/2010/35665,2011-02-08,Hindi,Weekly,SAROJNI SAKLANI,SAROJNI SAKLANI,Uttarakhand,Dehradun
AAROGYA HARIVILLU,TELTEL/2016/69804,2016-12-29,Telugu,Monthly,P. NARESH,P.NARESH,Telangana,Hyderabad
AAROGYA LAKSHMI,APBIL/2013/54326,2014-01-31,"English, Telugu",Monthly,Rachamsetty Durga Sangameswara Prakash,Rachamsetty Durga Sangameswara Prakash,Andhra Pradesh,Hyderabad
AAROGYA POST,MPHIN/2018/77569,2019-06-20,Hindi,Monthly,DEEPALI MISHRA,DEEPALI MISHRA,Madhya Pradesh,Bhopal
AAROGYA SHASTRA,MAHMAR/2018/77296,2019-05-07,Marathi,Weekly,BABU VAJIR SHAIKH,BABU VAJIR SHAIKH,Maharashtra,Solapur
AAROGYA SPANDAN,MAHMAR/2008/27714,2010-04-07,Marathi,Monthly,SUDESH RAMKRISHNA BHOSLE,SUDESH RAMKRISHNA BHOSLE,Maharashtra,Satara
AAROGYA SUDHA,71734,1999-09-28,Hindi,Monthly,KULDEEP SINGH RAWAT,KULDEEP SINGH RAWAT,Madhya Pradesh,Bhopal
AAROGYA VARDHAN,DELHIN/2021/85650,2023-10-27,Hindi,Monthly,ANIL KUMAR,ANIL KUMAR,Delhi,New Delhi
AAROGYADOOT SAMACHAR,MHMUL/26/A4371,2026-05-27,"Hindi, Marathi, English",Weekly,NARSING SHESHRAO BHURE,NARSING SHESHRAO BHURE,Maharashtra,Jalgaon
AAROGYAM SWASTHYA PATRIKA,RJBIL/25/A1723,2025-07-07,"English, Hindi",Quarterly,Rakesh Kumar Sharma,Dr. Sarvepalli Radhakrishnan Rajasthan Ayurved University,Rajasthan,Jodhpur
AAROHI SAMBAD,UPHIN/2018/77212,2019-04-25,Hindi,Weekly,SUNEEL KUMAR,SUNEEL KUMAR,Uttar Pradesh,Pilibhit
AAROHI UDDGAR,RAJHIN/2010/30903,2010-02-16,Hindi,Fortnightly,ABHAY RAJ SINGH,ABHAY RAJ SINGH,Rajasthan,Jaipur
AAROKIYA ULAGAM,TNTAM/25/A0536,2025-05-28,Tamil,Monthly,ARUNACHALAM,ARUNACHALAM,Tamil Nadu,Chennai
AAROOP,65295,1996-01-01,Oriya,Weekly,MANORANJAN MISHRA,MANORANJAN MISHRA,Odisha,Sundargarh
AAROOP,ODIODI/2010/31361,2010-03-15,Oriya,Daily,MANORANJAN MISHRA,MANORANJAN MISHRA,Odisha,Jharsuguda
AAROP PATRA,MAHMAR/2008/25846,2008-10-14,Marathi,Weekly,SHAIKH ILIYAS,SHAIKH ILIYAS,Maharashtra,Jalna
AARSH JYOTI,UTTBIL/2008/23546,2008-04-11,"Santhali, Hindi",Monthly,ACHARYA DHANANJAY,ACHARYA DHANANJAY,Uttarakhand,Dehradun
AARTHIK AUR SAMAJIK REFORM,DELHIN/2006/26410,2008-12-04,Hindi,Monthly,RAM NARESH SINHA NASHWAR,RAM NARESH SINHANASHWAR,Delhi,New Delhi
AARTHIK CHARCHE,KARENG/2016/69380,2016-11-17,English,Half Yearly,PRACHI PANDEY,FISCAL POLICY INSTITUTE,Karnataka,Bengaluru
AARTHIK SAMVAD,UPHIN/2023/84181,2023-05-16,Hindi,Weekly,BIRENDRA KUMAR SHUKLA,BIRENDRA KUMAR SHUKLA,Uttar Pradesh,Lucknow
AARUSHI SAMACHAR,UTTHIN/2012/45438,2013-08-05,Hindi,Weekly,PRABHAKAR SINGH RAWAT,PRABHAKAR SINGH RAWAT,Uttarakhand,Dehradun
AARUTHALIN DEVAN,TNTAM/2016/69402,2016-12-07,Tamil,Monthly,T. DAVID SHANMUGAM,T.DAVID SHANMUGAM,Tamil Nadu,Thiruvallur
AARVI KI AVRATI,UTTHIN/2022/81757,2022-07-26,Hindi,Weekly,RAVI PANWAR,RAVI PANWAR,Uttarakhand,Dehradun
AARVI SANDESH,UPHIN/25/A4271,2025-11-21,Hindi,Monthly,TARUN JAISWAL,TARUN JAISWAL,Uttar Pradesh,Lucknow
AARVI SANDESH,UPHIN/25/A1751,2025-07-07,Hindi,Daily,TARUN JAISWAL,TARUN JAISWAL,Uttar Pradesh,Lucknow
AARVIKA TIMES,MPHIN/2023/88591,2024-08-20,HINDI,Weekly,SURAJ KAHAR,SURAJ KAHAR,Madhya Pradesh,Chhindwara
AARYA KARNATAKA,KARKAN/2022/89352,2024-10-03,KANNADA,Monthly,JAI JAGATH PRAKASH.S.K,JAI JAGATH PRAKASH S K,Karnataka,Bengaluru
AARYA PRAHAR,MAHMAR/2013/52161,2013-09-23,Marathi,Weekly,SUDHIR NAMDEO PATIL,SUDHIR NAMDEO PATIL,Maharashtra,Raigad
AARYA PUTRA,UTTHIN/2009/27699,2009-05-14,Hindi,Weekly,PRAMENDRA DESHWAL,PRAMENDRA DESHWAL,Uttarakhand,Haridwar
AARYA SAMAY,MPHIN/2020/79369,2021-02-17,Hindi,Weekly,RAGHUNANDAN SHUKLA,RAGHUNANDAN SHUKLA,Madhya Pradesh,Jabalpur
AARYA WRAT,MHMAR/25/A0711,2025-05-30,Marathi,Weekly,Anil Shivaji Kharge,Anil Shivaji Kharge,Maharashtra,Jalna
AARYANANDI SANDESH,MAHMAR/2021/81318,2022-04-05,Marathi,Monthly,DR. RAJESH RATILAL PHADKULE,DR. RAJESH RATILAL PHADKULE,Maharashtra,Solapur
AARYAVART KI KALAM,RAJHIN/2015/66686,2016-04-14,Hindi,Fortnightly,RAVI GAHLOT,RAVI GEHLOT,Rajasthan,Bikaner
AARYDIP KAMALAM,GJGUJ/26/A3690,2026-05-13,Gujarati,Weekly,Darji Jaydipkumar Amrutbhai,Darji Jaydipkumar Amrutbhai,Gujarat,Kheda
AAS PAAS INTERNATIONAL,KARBIL/2002/12456,2002-03-19,"English, Urdu",Bimonthly (Once in two months),V AHMED M FAROOQUI,V AHMED M FAROOQUI,Karnataka,Bengaluru
AASA VERSA,ODIODI/2016/67717,2016-06-30,Oriya,Fortnightly,SAILABALA SAHOO,SAILABALA SAHOO,Odisha,Khordha
AASHA GUJARAT KI,GUJGUJ/2021/80749,2021-12-28,Gujarati,Fortnightly,TADVI MITESHBHAI VIMALBHAI,TADVI MITESHBHAI VIMALBHAI,Gujarat,Vadodara
AASHA JYOTHI,APTEL/2006/18016,2006-12-26,Telugu,Daily,P. DILLI BABU REDDY,P.DILLI BABU REDDY,Telangana,Hyderabad
AASHA JYOTHI,APTEL/2016/70068,2017-01-19,Telugu,Daily,P. DILLI BABU REDDY,P.DILLI BABU REDDY,Andhra Pradesh,Sri Potti Sriramulu Nellore
AASHA JYOTHI,APTEL/2017/74188,2017-12-14,Telugu,Daily,P. DILLI BABU REDDY,P.DILLI BABU REDDY,Andhra Pradesh,Krishna
AASHA JYOTHI,TEL/2004/14879,2005-06-24,Telugu,Daily,P.DILLI BABU REDDY,P.DILLI BABU REDDY,Andhra Pradesh,Chittoor
AASHA JYOTHI,APTEL/2020/80295,2021-10-05,Telugu,Daily,P.DILLI BABU REDDY,P.DILLI BABU REDDY,Andhra Pradesh,East Godavari
AASHA JYOTHI,APTEL/26/A1362,2026-02-25,Telugu,Daily,P DILLI BABU REDDY,P DILLI BABU REDDY,Andhra Pradesh,Visakhapatnam
AASHA KI KIRAN,MPHIN/2014/59290,2014-12-29,Hindi,Monthly,FARHEEN KHAN,FARHEEN KHAN,Madhya Pradesh,Bhopal
AASHA SANDESHA,KARKAN/2019/78705,2020-06-22,Kannada,Weekly,MOHAMED ATHEEQ ULLA,MOHAMED ATHEEQ ULLA,Karnataka,Tumkur
AASHARA MUKTANGAN,MAHHIN/2012/45032,2012-09-05,Hindi,Monthly,MAHANANDA MOHAN SHIRKAR,MAHANANDA MOHAN SHIRKAR,Maharashtra,Thane
AASHAVADI EXPRESS,DELHIN/2004/14584,2005-05-24,Hindi,Weekly,RAJKUMAR,RAJKUMAR,Delhi,New Delhi
AASHAWADI,MAHMAR/2021/81970,2022-09-21,Marathi,Weekly,VIVEK JAYAJI RAUT,VIVEK JAYAJI RAUT,Maharashtra,Akola
AASHI EXPRESS,MPHIN/2016/68579,2016-09-06,HINDI,Monthly,KHWAHISH GYANCHANDANI,KHWAHISH GYANCHANDANI,Madhya Pradesh,Bhopal
AASHI EXPRESS,MPHIN/2019/78234,2019-11-29,HINDI,Daily,KHWAHISH GYANCHANDANI,KHWAHISH GYANCHANDANI,Madhya Pradesh,Bhopal
AASHI SAMACHAR PATRA,UPHIN/2013/51065,2013-07-25,Hindi,Weekly,VISHWA PAL SINGH,VISHWA PAL SINGH,Uttar Pradesh,Kannauj
AASHI SAMACHAR PATRA,UPHIN/2014/60163,2015-02-12,Hindi,Daily,VISHWA PAL SINGH,VISHWA PAL SINGH,Uttar Pradesh,Kannauj
AASHI TIMES,MPHIN/2009/30663,2010-01-29,Hindi,Monthly,AASHI ANWAR,AASHI ANWAR,Madhya Pradesh,Bhopal
AASHIRVADA VANI,KARKAN/2020/78861,2020-08-18,Kannada,Daily,SUDHARANI,SUDHARANI,Karnataka,Bidar
AASHIYANA,DELHIN/2008/23682,2008-04-29,Hindi,Monthly,ANSHU JAIN,ANSHU JAIN,Delhi,New Delhi
AASHNA TIMES,UTTHIN/2013/52300,2013-09-30,Hindi,Fortnightly,SHIV AVTAR SHARMA,SHIV AVTAR SHARMA,Uttarakhand,Udham Singh Nagar
AASHWI UPDATES,TGMUL/26/A2874,2026-04-29,"English, Telugu, Hindi",Daily,SHOBHA RANI KASOJU,SHOBHA RANI KASOJU,Telangana,Rangareddy
AASIM TIMES,UTTHIN/2010/34615,2010-12-06,Hindi,Fortnightly,PARVEJ AASIM,PARVEJ AASIM,Uttarakhand,Udham Singh Nagar
AASIRIYAR & MAANAVARGAL,TNBIL/2016/69423,2016-12-05,"English, Tamil",Monthly,V. SUNDARARAJAN,V.SUNDARARAJAN,Tamil Nadu,Chennai
AASIYAAN KHABAR AGAAZ SE ANJAM TAK,UPHIN/2010/32043,2010-04-22,Hindi,Fortnightly,JAVED MALIK,JAVED MALIK,Uttar Pradesh,Meerut
AASMAN,JKURD/2013/52192,2013-09-24,Urdu,Daily,TARUN BAHL,TARUN BAHL,Jammu and Kashmir,Jammu
AASMAN KA SANSAR,MPHIN/2019/78346,2019-12-30,Hindi,Fortnightly,SOHAN SINGH,SOHAN SINGH,Madhya Pradesh,Bhopal
AASMAN KA SANSAR,MPHIN/2017/72550,2017-07-07,Hindi,Quarterly,SOHAN SINGH,SOHAN SINGH,Madhya Pradesh,Bhopal
AASMAN KA SANSAR,MPHIN/2018/77496,2019-06-17,Hindi,Monthly,SOHAN SINGH,SOHAN SINGH,Madhya Pradesh,Bhopal
AASMAN KE SITARE,MPHIN/2017/71884,2017-05-22,Hindi,Monthly,SANDEEP GAUR,SANDEEP GAUR,Madhya Pradesh,Bhopal
AASMAN TAK,UPHIN/2014/58313,2014-11-18,Hindi,Weekly,SHAHZAD ALI,SHAHZAD ALI,Uttar Pradesh,Bareilly
AASPAAS,51554,1993-11-01,Punjabi,Monthly,KANWAR MANJIT SINGH,KANWAR MANJIT SINGH,Punjab,Patiala
AASRA DARPAN,MAHMAR/2014/60512,2015-03-02,Marathi,Weekly,DILIP NAMDEVRAO KHANDEKAR,DILIP NAMDEVRAO KHANDEKAR,Maharashtra,Amravati
AASRA NEWS INDIA,UPBIL/2017/73198,2017-09-12,"English, HINDI",Weekly,RAKESH BAHADUR,RAKESH BAHADUR,Uttar Pradesh,Moradabad
AASTEEN KE SAANP,MPHIN/2008/24262,2008-06-18,Hindi,Monthly,KRISHAN KANT SHARMA,KRISHAN KANT SHARMA,Madhya Pradesh,Bhopal
AASTHA,GUJGUJ/2011/49967,2013-05-28,Gujarati,Monthly,DAVE PRASHANT BHANUSHANKAR,DAVE PRASHANT BHANUSHANKAR,Gujarat,Rajkot
AASTHA DARPAN,MPHIN/2017/73542,2017-10-16,Hindi,Monthly,SHWETA SHRIVASTAV,SHWETA SHRIVASTAV,Madhya Pradesh,Jabalpur
AASTHA KA PATH,MPHIN/2023/87444,2024-06-10,Hindi,Monthly,MUNINDRA SINGH,MUNINDRA SINGH,Madhya Pradesh,Bhopal
AASTHA NAYAN,DELHIN/2018/75163,2018-05-10,Hindi,Monthly,ANJU DEVI,ANJU DEVI,Delhi,New Delhi
AASTHANJALI,MPHIN/2010/35821,2011-02-21,Hindi,Monthly,AVNEESH KUMAR TIWARI,AVNEESH KUMAR TIWARI,Madhya Pradesh,Bhopal
AAT PAT,45185,1986-09-09,Hindi,Weekly,MOHD. ARIF,MOHD. ARIF,Madhya Pradesh,Bhopal
AATACHEXPRESS,MAHMAR/2008/25866,2008-10-14,Marathi,Weekly,MUNDE SUGRIV SOPANRAO,MUNDE SUGRIV SOPANRAO,Maharashtra,Chhatrapati Sambhaji Nagar
AATAM SHUDHI PATH,HARHIN/2003/09646,2003-04-22,Hindi,Monthly,SWAMI DHARMA MUNI,SWAMI DHARMA MUNI,Haryana,Jhajjar
AATHARAM,TNBIL/2004/14004,2005-02-24,"English, Tamil",Monthly,DR.R.CHANDRASEKHAR,DR.R.CHANDRASEKHAR,Tamil Nadu,Vellore
AATHI THAMIZHAN,TNTAM/2009/28769,2009-08-20,Tamil,Daily,MANI NADESAN,MANI NADESAN,Tamil Nadu,Chennai
AATHMA,APTEL/2012/47543,2013-01-18,Telugu,Monthly,BETHAPUDI RAMESH,BETHAPUDI RAMESH,Andhra Pradesh,Krishna
AATHMA ANUBHAVAM,TNTAM/2015/65998,2016-02-05,Tamil,Monthly,SAKTHI SUBRAMANIAM,SAKTHI SUBRAMANIAM,Tamil Nadu,Thiruvallur
AATHMA GNANAM,TNTAM/2012/52855,2013-11-01,Tamil,Monthly,K. MUTHAIYAN,K. MUTHAIYAN,Tamil Nadu,Chennai
AATHMAARPANA,APTEL/2012/52885,2013-10-31,Telugu,Monthly,VENKUMAHANTHI SREENIVASA,VENKUMAHANTHI SREENIVASA,Andhra Pradesh,Visakhapatnam
AATHMANADAM,KERMAL/2023/88768,2024-09-02,MALAYALAM,Quarterly,GIREESH KUMAR P.K,GIREESH KUMAR P.K,Kerala,Thiruvananthapuram
AATHMEEYA YAATHRA MASIKA,KERMAL/2007/22855,2008-02-04,Malayalam,Monthly,ESAHAQUE  ESWARAMANGALAM,USHMA ULLAS,Kerala,Ernakulam
AATHVAN FALAK,65998,1997-05-27,Hindi,Monthly,NIKHIL RAJAK,NIKHIL RAJAK,Madhya Pradesh,Bhopal
AATHVAN LEKHANICHI,MAHBIL/2021/80364,2021-10-27,"Marathi, Hindi",Weekly,RAVINDRA NAVAL SONAWANE,RAVINDRA NAVAL SONAWANE,Maharashtra,Thane
AATM JAGRAN,MPBIL/2022/85310,2023-08-29,"English, HINDI",Weekly,ABHISHEK PRATAP SINGH,DR. ABHISHEK PRATAP SINGH,Madhya Pradesh,Gwalior
AATM JAGRAN,MPHIN/26/A4593,2026-06-03,HINDI,Quarterly,ABHISHEK PRATAP SINGH,ABHISHEK PRATAP SINGH,Madhya Pradesh,Gwalior
AATM KALYAN,MPHIN/2007/20570,2007-07-27,Hindi,Monthly,RAJESH SHASTRI,RAJESH SHASTRI,Madhya Pradesh,Ujjain
AATM NIRBHAR BETIYA,MPHIN/2022/84955,2023-06-12,Hindi,Quarterly,FAIZAN ANJUM,FAIZAN ANJUM,Madhya Pradesh,Bhopal
AATM UJALA,UTTHIN/2009/30841,2010-02-10,Hindi,Weekly,OM GAUTAM,OM GAUTAM,Uttarakhand,Haridwar
AATMA GAURAV,MPHIN/2004/14066,2005-03-02,Hindi,Monthly,MD.IMRAN,MD.IMRAN,Madhya Pradesh,Bhopal
AATMA KA TAANDAV,MPHIN/2007/22638,2008-01-21,Hindi,Daily,VINDESH KUMAR TIWARI,VINDESH KUMAR TIWARI,Madhya Pradesh,Betul
AATMA KATHA,33425,1979-12-29,Hindi,Daily,ABINASH CHANDRA MISHRA,SAKHRESHWAR PUBLICATIONS PVT LTD,Bihar,Patna
AATMA KI JWALA,56342,1993-09-09,Hindi,Daily,RISHABH JAIN,RISHABH JAIN,Rajasthan,Dungarpur
AATMA SAKSHI,KNKAN/26/A6040,2026-07-25,Kannada,Daily,SURESH,SURESH,Karnataka,Bengaluru
AATMADEEP,MPHIN/2020/79416,2021-02-17,Hindi,Weekly,DEVENDRA YADAV,DEVENDRA YADAV,Madhya Pradesh,Bhopal
AATMAGOURAVAM,APTEL/2015/66254,2016-02-26,Telugu,Monthly,BAYIKATI PRAHALLAD,BAYIKATI PRAHALLAD,Andhra Pradesh,Kurnool
AATMANIRBHAR KISAN,CHHHIN/2022/86427,2024-02-12,Hindi,Monthly,PRADEEP SAO,PRADEEP SAO,Chhattisgarh,Raipur
AATMAPARIKSHAN,MAHMAR/2014/58589,2014-11-27,Marathi,Weekly,MADHURI VISHWAS GAIKWAD,MADHURI VISHWAS GAIKWAD,Maharashtra,Ahilyanagar
AATMARAKSHA,MAHHIN/2010/35971,2011-03-01,Hindi,Weekly,SANDEEP SUBHASH FUKATE,SANDEEP SUBHASH FUKATE,Maharashtra,Amravati
AATMASHAKTI,MAHMAR/2016/76129,2018-09-26,Marathi,Weekly,VILAS PRABHAKARRAO DESHMUKH,VILAS PRABHAKARRAO DESHMUKH,Maharashtra,Buldhana
AATMBAL,UPHIN/2008/26071,2008-11-07,Hindi,Weekly,VINEET KUMAR,VINEET KUMAR,Uttar Pradesh,Gautam Buddha Nagar
AATMBHASHI,MPHIN/2023/88323,2024-08-02,HINDI,Bimonthly (Once in two months),HARI SHANKAR SARATHE,HARI SHANKAR SARATHE,Madhya Pradesh,Bhopal
AATMDRISHTI,HARHIN/2012/45275,2012-09-17,Hindi,Monthly,RAMESH KUMAR SHASTRI,RAMESH KUMAR SHASTRI,Haryana,Jind
AATMEEYA VAANI,APTEL/2014/74619,2018-02-12,Telugu,Monthly,ACHARY CHINTHARALA,ACHARY CHINTHARALA,Andhra Pradesh,N T R
AATMEEYATA,64948,1996-09-17,Hindi,Weekly,RAKESH JAISWAL,SUNITA JAISWAL,Uttar Pradesh,Kanpur Nagar
AATMIYA SABHA,MPHIN/2010/36116,2011-03-11,Hindi,Monthly,AMITABH PANDEY,AMITABH PANDEY,Madhya Pradesh,Bhopal
AATREYA TIMES,APTEL/25/A2416,2025-09-04,Telugu,Monthly,CHAITANYA ARAVAM,CHAITANYA ARAVAM,Andhra Pradesh,Guntur
AATTHUMA CHALLENGE,TNTAM/25/A1641,2025-07-04,Tamil,Monthly,Koilraj M,Koilraj M,Tamil Nadu,Chennai
AATUR,68995,2005-12-12,Gujarati,Weekly,HARISHKUMAR RAVIKANT TRIVEDI,HARISH KUMAR RAVIKANT TRIVEDI,Gujarat,Ahmedabad
AAUREUS PRIME,MHENG/26/A0915,2026-02-06,English,Weekly,Dr. Geet Sureshbhai Thakkar,Dr. Geet Sureshbhai Thakkar,Maharashtra,Mumbai Suburban
AAVAHN VADI,MPHIN/2022/87099,2024-05-01,Hindi,Quarterly,PRIYANKA MISHRA,PRIYANKA MISHRA,Madhya Pradesh,Rewa
AAVAJ PIYUSH CHA,MAHBIL/2022/81635,2022-07-07,"Marathi, Hindi",Daily,PUJA KAMALAKAR KHONDE,PUJA KAMALAKAR KHONDE,Maharashtra,Wardha
AAVAK JAAVAK,CHHHIN/2013/53497,2013-12-12,Hindi,Fortnightly,HALIMA BEGUM,HALIMA BEGUM,Chhattisgarh,Rajnandgaon
AAVARAM POO,TNTAM/26/A0782,2026-01-27,Tamil,Fortnightly,JOTHIRAJ,JOTHIRAJ,Tamil Nadu,Chennai
AAVARAN,GUJGUJ/2010/40754,2012-02-13,Gujarati,Fortnightly,GOSWAMI JAGDISHGIRI MOHANGIRI,GOSWAMI JAGDISHGIRI MOHANGIRI,Gujarat,Kutch
AAVASHYAKTA,MAHMAR/2006/24678,2008-07-16,Marathi,Weekly,SUBHASH ARJUNRAO KATKAMBLE,SUBHASH ARJUNRAO KATKAMBLE,Maharashtra,Nanded
AAVEG PULSE,MPENG/25/A4115,2025-11-19,English,Monthly,MINI SHARMA,MINI SHARMA,Madhya Pradesh,Bhopal
AAVESH NEWS,MPHIN/2016/68577,2016-09-06,Hindi,Daily,JAGDISH SINGH RAJPUT,JAGDISH SINGH RAJPUT,Madhya Pradesh,Bhopal
AAVESH NEWS,MPHIN/2017/73910,2017-11-23,Hindi,Weekly,JAGDISH SINGH RAJPUT,JAGDISH SINGH RAJPUT,Madhya Pradesh,Bhopal
AAVISHKAR,GUJGUJ/2015/61911,2015-05-12,Gujarati,Weekly,DAVE MAHIPAL HITENDRAKUMAR,DAVE MAHIPAL HITENDRAKUMAR,Gujarat,Surendranagar
AAWAAM KI KHATIR,UPURD/2022/85481,2023-09-29,Urdu,Daily,RAM PAL DIXIT,SHRUTI KIRTI DIXIT,Uttar Pradesh,Lucknow
AAWAGAMAN,DELHIN/2013/61373,2015-04-20,Hindi,Monthly,SANJAY KUMAR,SANJAY KUMAR,Delhi,New Delhi
AAWAJ E TASNEEM,RJBIL/25/A1815,2025-07-14,"Urdu, Hindi",Weekly,Rmakant Goswami,Rmakant Goswami,Rajasthan,Jaipur
AAWAJ GADCHIROLI CHA,MAHMAR/2023/84881,2023-09-21,Marathi,Daily,PUSHPA TAWAR MADAVI,PUSHPA TAWAR MADAVI,Maharashtra,Gadchiroli
AAWAJ HINDU EKTA CHA,MAHMAR/2021/81549,2022-06-08,Marathi,Weekly,DEEPAK NARAYAN DHAVALE,DEEPAK NARAYAN DHAVALE,Maharashtra,Sangli
AAWAJ INDIA NEWS,MHMAR/26/A2710,2026-04-17,Marathi,Weekly,Jogendra Duryodhan Dahatonde,Jogendra Duryodhan Dahatonde,Maharashtra,Amravati
AAWAJ JANMANSACHA,MHMAR/25/A0363,2025-05-22,Marathi,Weekly,ARVIND CHANDANE,ARVIND CHANDANE,Maharashtra,Thane
AAWAJ KE DAYARE,UPURD/2022/84012,2023-04-27,Urdu,Daily,VIVEK SINGH,VIVEK SINGH,Uttar Pradesh,Lucknow
AAWAJ MAHARASHTRA DESH,MHMAR/26/A3998,2026-05-21,Marathi,Weekly,Akash Ashok Alkunte,Akash Ashok Alkunte,Maharashtra,Dharashiv
AAWAJ MEWAR KI,RAJHIN/2012/45249,2012-09-17,Hindi,Fortnightly,LALIT VYAS,LALIT VYAS,Rajasthan,Bhilwara
AAWAJ NEWS,RAJHIN/2021/82775,2022-11-17,Hindi,Fortnightly,AMAN SHARMA,AMAN SHARMA,Rajasthan,Ganganagar
AAWAJ SATAPUDYACHA AHILYA,MHMAR/25/A4747,2025-12-04,Marathi,Weekly,Shivdas Ukharda Sonone,Shivdas Ukharda Sonone,Maharashtra,Buldhana
AAWAJ SHIKSHAKANCHA,MHMAR/26/A1872,2026-03-23,Marathi,Weekly,BALWANT SAMBHAJI PATIL,BALWANT SAMBHAJI PATIL,Maharashtra,Satara
AAWAM INDIA,UAHIN/25/A3210,2025-10-14,Hindi,Weekly,Mohd Vasi,Mohd Vasi,Uttarakhand,Dehradun
AAWAMI NEWS,WBURD/2014/56804,2014-08-29,Urdu,Daily,PREM,PREM,West Bengal,Kolkata
AAWAMI NEWS,JHAURD/2011/37239,2011-05-16,Urdu,Daily,PREM,PREM,Jharkhand,Ranchi
AAWAMI NEWS,JHURD/26/A0463,2026-01-16,Urdu,Daily,PREM SHANKAR,PREM SHANKAR,Jharkhand,Deoghar
AAWAMI NEWS,UPURD/2016/71978,2017-06-01,Urdu,Daily,PREM,PREM,Uttar Pradesh,Lucknow
AAWAMI NEWS,BIHURD/2014/60226,2015-02-16,Urdu,Daily,PREM SHANKAR,PREM SHANKAR,Bihar,Patna
AAWAMI NEWS,JHAURD/2012/43797,2012-07-06,Urdu,Daily,PREM,PREM,Jharkhand,Dhanbad
AAWAMI NEWS,CHHURD/2013/53729,2013-12-30,Urdu,Daily,PREM,PREM,Chhattisgarh,Raipur
AAWAMI NEWS,DELURD/2014/63924,2015-08-27,Urdu,Daily,PREM,PREM,Delhi,New Delhi
AAWAS YOG,RAJHIN/2012/48208,2013-02-22,Hindi,Fortnightly,MASUM ALI,MASUM ALI,Rajasthan,Ajmer
AAWAZ DO,MAHMAR/2023/87998,2024-07-16,MARATHI,Weekly,LALASAHEB BABAJI GAIKWAD,LALASAHEB BABAJI GAIKWAD,Maharashtra,Pune
AAWAZ E ALFAZ,MPHIN/26/A3815,2026-05-18,Hindi,Quarterly,nadeem,nadeem,Madhya Pradesh,Bhopal
AAWAZ E ALFAZ,MPHIN/2021/81741,2022-07-25,Hindi,Monthly,NADEEM,NADEEM,Madhya Pradesh,Bhopal
AAWAZ E KARNATAK,KARURD/2017/76639,2019-01-03,Urdu,Daily,SYED ABDUL KAREEM,SYED ABDUL KAREEM,Karnataka,Ramanagara
AAWAZ E MUKHATIB,MPHIN/26/A5689,2026-07-02,Hindi,Quarterly,mohd shamim khan,mohd shamim khan,Madhya Pradesh,Bhopal
AAWAZ E NAU,UTTURD/2010/35667,2011-02-08,Urdu,Weekly,Rajiya Khatoon,Rajiya Khatoon,Uttarakhand,Dehradun
AAWAZ MARATHWADYACHA,MAHMAR/2020/90585,2025-04-03,MARATHI,Daily,SHANKARRAO SAMBHAJI KHARATE,SHANKARRAO SAMBHAJI KHARATE,Maharashtra,Hingoli
AAWAZ NEWS,MAHMAR/2021/81579,2022-06-17,Marathi,Weekly,GOPAL DAGDU PARDESHI,GOPAL DAGDU PARDESHI,Maharashtra,Pune
AAWAZ SAURASHTRA NI,GJGUJ/25/A4686,2025-12-03,Gujarati,Weekly,GARAIYA PRAKASHBHAI JANAKBHAI,GARAIYA PRAKASHBHAI JANAKBHAI,Gujarat,Rajkot
AAWAZ-E-GANI,UPURD/2009/38306,2011-07-22,Urdu,Daily,MOHD. AMIR,MOHD. AMIR,Uttar Pradesh,Gonda
AAWAZ-E-LUCKNOW,UPURD/2009/27884,2009-05-29,Urdu,Weekly,PRADEEP KUMAR GUPTA,PRADEEP KUMAR GUPTA,Uttar Pradesh,Lucknow
AAWK NEWS,KERMAL/2011/40040,2011-12-16,Malayalam,Monthly,M.K. VIJAYAN,ASSOCIATION OF AUTOMOBILE WORKSHOPS KERALA,Kerala,Ernakulam
AAYA SAMPATTI VEI UPHAAR KAR SAMACHAR,57850,1994-03-25,Hindi,Monthly,RAJENDRA SINGH RATHORE,RAJENDRA SINGH RATHORE,Rajasthan,Barmer
AAYAKAR,12918,1962-10-10,"English, HINDI",Monthly,K. K. N. KUTTY,INCOME-TAX EMPLOYEER FEDERATION,Delhi,New Delhi
AAYAT-E-JAHAN,UPURD/2022/84013,2023-04-27,Urdu,Daily,SANTOSH SHUKLA,SANTOSH SHUKLA,Uttar Pradesh,Lucknow
AAYEENA KASHMIR,JKURD/2002/06553,2002-05-01,Urdu,Daily,MANSOOR AHMED SHAH,MANSOOR AHMED SHAH,Jammu and Kashmir,Srinagar
AAYKAR MEDIA,MPHIN/2016/74084,2018-01-02,Hindi,Daily,PRAVIN MISHRA,PRAVIN MISHRA,Madhya Pradesh,Rewa
AAYOG,56562,1993-12-14,Hindi,Daily,KRISHAN GOPAL GUPTA,KRISHAN GOPAL GUPTA,Madhya Pradesh,Satna
AAYUDH UPDATES,MPBIL/25/A1037,2025-06-04,"Hindi, English",Bimonthly (Once in two months),ANKIT SHARMA,Aayudh Digital Media,Madhya Pradesh,Bhopal
AAYUDHAM,TNTAM/2006/21306,2010-11-09,Tamil,Fortnightly,A. VISWANATHAN,A.VISWANATHAN,Tamil Nadu,Chennai
AAYUSH KHABAR,MPHIN/2022/85091,2023-06-30,Hindi,Monthly,VIMAL KUNWAR,VIMAL KUNWAR,Madhya Pradesh,Bhopal
AAYUSH MAIL,UTTHIN/2012/46633,2012-11-27,Hindi,Weekly,PANKAJ KUMAR AGGARWAL,PANKAJ KUMAR AGGARWAL,Uttarakhand,Dehradun
AAYUSH MANTHAN,MPHIN/25/A5143,2025-12-15,Hindi,Quarterly,Varsha baghel,Varsha baghel,Madhya Pradesh,Chhatarpur
AAYUSH MANTHAN,MPHIN/25/A4578,2025-12-02,Hindi,Quarterly,Varsha baghel,Varsha baghel,Madhya Pradesh,Ujjain
AAYUSH MANTHAN,MPHIN/2018/77472,2019-06-17,Hindi,Fortnightly,VARSHA BAGHEL,VARSHA BAGHEL,Madhya Pradesh,Bhopal
AAYUSH MANTHAN,MPHIN/2016/72618,2017-07-25,Hindi,Monthly,VARSHA BAGHEL,VARSHA BAGHEL,Madhya Pradesh,Bhopal
AAYUSH MANTHAN,MPHIN/2021/83011,2022-12-12,Hindi,Quarterly,VARSHA BAGHEL,VARSHA BAGHAL,Madhya Pradesh,Bhopal
AAYUSHMAN,MAHMAR/2009/32171,2010-05-06,Marathi,Weekly,ATUL SUBHASH HONKALASE,ATUL SUBHASH HONKALASE,Maharashtra,Satara
AAYUTHA EZHUTHU,TNTAM/2016/69042,2016-10-24,Tamil,Weekly,S. MANIKANDAN,S.MANIKANDAN,Tamil Nadu,Chennai
AAYUTHATHARI,TNTAM/2000/01239,2000-06-20,Tamil,Monthly,PAS.K.B.EDISON,PAS.K.B.EDISON,Tamil Nadu,Chennai
AAZAD AAINA,UPHIN/2011/37696,2013-09-03,Hindi,Daily,ANUPAM AGARWAL,ANUPAM AGARWAL,Uttar Pradesh,Lucknow
AAZAD BHAGAT EXPRESS,UTTHIN/2012/50499,2013-06-27,Hindi,Weekly,RAJPAL SINGH TOMAR,RAJPAL SINGH TOMAR,Uttarakhand,Dehradun
AAZAD BHARAT,60114,1994-08-14,Hindi,Weekly,MOULANA MOIN,MOULANA MOIN,Rajasthan,Nagaur
AAZAD BHOOMI,35228,1980-08-05,HINDI,Weekly,MAHENDRA KUMAR TIWARI,MAHENDRA KUMAR TIWARI,Madhya Pradesh,Jhabua
AAZAD BOL,MPHIN/2020/79860,2021-06-09,Hindi,Monthly,SAMEER KHAN,SAMEER KHAN,Madhya Pradesh,Indore
AAZAD HINDUSTAN,DELURD/2010/36210,2011-03-15,Urdu,Daily,MOHD. SAJID RASHIDI,MOHD. SAJID RASHIDI,Delhi,New Delhi
AAZAD KALAM,GUJGUJ/2022/83095,2023-01-13,Gujarati,Fortnightly,KRIPASHANKAR HARIRAM VERMA,KRIPASHANKAR HARIRAM VERMA,Gujarat,Ahmedabad
AAZAD KALAM,GJGUJ/25/A1116,2025-06-06,Gujarati,Daily,KRIPASHANKAR HARIRAM VERMA,KRIPASHANKAR HARIRAM VERMA,Gujarat,Ahmedabad
AAZAD LEHAR,PUNPUN/2020/79462,2021-02-17,Punjabi,Weekly,KAPIL KUMAR,KAPIL KUMAR,Punjab,Fatehgarh Sahib
AAZAD PATRAKAR,UPHIN/2013/52546,2013-10-10,Hindi,Weekly,MUKESH BEDI,MUKESH BEDI,Uttar Pradesh,Bareilly
AAZAD PRADESH,MPHIN/2023/89003,2024-09-25,HINDI,Daily,RAHEESH KHAN,RAHEESH KHAN,Madhya Pradesh,Gwalior
AAZAD PRAHARI TIMES,MAHHIN/2007/21365,2007-10-12,Hindi,Weekly,MEHBOOB S. FAROOQUI,MEHBOOB S. FAROOQUI,Maharashtra,Mumbai
AAZAD RASHTRA,MPHIN/2009/32476,2010-06-03,Hindi,Monthly,BAIKUNTH PRASAD MISHRA,BAIKUNTH PRASAD MISHRA,Madhya Pradesh,Rewa
AAZAD SATTA,MAHHIN/2013/51434,2013-08-14,Hindi,Weekly,ARVIND BRAHMADEV TIWARI,ANIL B. TIWARI,Maharashtra,Mumbai
AAZAD SEHAR,UPHIN/2009/28073,2009-06-24,Hindi,Weekly,SATYA PRAKASH AZAD,SATYA PRAKASH AZAD,Uttar Pradesh,Fatehpur
AAZAD SEHAR,UPHIN/2015/67870,2016-07-15,Hindi,Daily,SATYA PRAKASH AZAD,SATYA PRAKASH AZAD,Uttar Pradesh,Fatehpur
AAZADI BACHAV,MAHHIN/2004/14219,2005-03-29,Hindi,Weekly,A.AZIZ MAHBOB PATEL,A.AZIZ MAHBOB PATEL,Maharashtra,Solapur
AAZADI NO AWAZ,GUJGUJ/2015/66928,2016-05-09,Gujarati,Weekly,BHUPENDRABHAI HARGOVANDAS PATEL,BHUPENDRABHAI HARGOVANDAS PATEL,Gujarat,Ahmedabad
AB BAT HOGI DO TOOK,UPHIN/2015/72413,2017-06-22,Hindi,Daily,PANKAJ AGARWAL,PANKAJ AGARWAL,Uttar Pradesh,Bareilly
AB DIKHEGA KHABAR,JHBIL/26/A4622,2026-06-04,"English, Hindi",Monthly,SHAMSHER ALAM,SHAMSHER ALAM,Jharkhand,Bokaro
AB TAK,MAHENG/2004/16877,2006-07-13,English,Weekly,SHAIKH HABEEB PASHA GULAM RASOOL,SHAIKH HABEEB PASHA GULAM RASOOL,Maharashtra,Chhatrapati Sambhaji Nagar
AB TAK EXPRESS,MPHIN/2009/29440,2009-11-10,Hindi,Daily,NAVED KHAN,NAVED KHAN,Madhya Pradesh,Bhopal
AB TAK EXPRESS,CHHHIN/2011/41112,2012-03-14,Hindi,Daily,NAVED KHAN,NAVED KHAN,Chhattisgarh,Raipur
AB TAK EXPRESS,MPHIN/2017/72851,2017-07-31,Hindi,Daily,NAVED KHAN,NAVED KHAN,Madhya Pradesh,Harda
AB TAK KHABAR NAMA,MHURD/25/A0441,2025-05-24,Urdu,Weekly,JABEER SHAH SHAUKAT SHAH,JABEER SHAH SHAUKAT SHAH,Maharashtra,Nashik
AB TAK NYAY,UPHIN/26/A2019,2026-03-27,Hindi,Daily,Rajesh Kumar Siddharth,Rajesh Kumar Siddharth,Uttar Pradesh,Sitapur
AB TAK NYAY,UPHIN/2010/33103,2010-08-03,Hindi,Weekly,RAJESH KUMAR SIDDARTH,RAJESH KUMAR SIDDHARTH,Uttar Pradesh,Sitapur
AB TAK TIMES,HARHIN/2014/65101,2015-12-04,Hindi,Weekly,VIKAS SUKHIJA,VIKAS SUKHIJA,Haryana,Karnal
ABADH EXPRESS,UPHIN/2011/44232,2012-07-23,Hindi,Weekly,DILIP KUMAR SRIVASTAVA,DILIP KUMAR SRIVASTAVA,Uttar Pradesh,Ambedkar Nagar
ABAGATA,ODIODI/2010/38196,2011-07-07,Oriya,Weekly,PRAVAT KUMAR PANDA,PRAVAT KUMAR PANDA,Odisha,Khordha
ABARTANA,ODIODI/2006/17568,2006-11-01,Oriya,Fortnightly,PURNA CHANDRA PATTNAIK,PURNA CHANDRA PATNAIK,Odisha,Khordha
ABARTO PATRIKA.,WBBEN/26/A0849,2026-01-30,Bengali,Quarterly,Partha Sarathi Dutta,Partha Sarathi Dutta,West Bengal,Purba Bardhaman
ABATAK,GUJGUJ/2008/34329,2012-09-06,Gujarati,Daily,SATISHBHAI SHANTILAL MEHTA,SATISHBHAI SHANTILAL MEHTA,Gujarat,Jamnagar
ABC RISE UP AND BUILD,TNBIL/2017/74906,2018-02-23,"English, Tamil",Monthly,A. STANLEY JOHNSTONE,ARISE AND BUILD CHRISTIAN FELLOWSHIP,Tamil Nadu,Chennai
ABCAHALNAGAR TIMES,MAHHIN/2017/74325,2018-01-01,Hindi,Weekly,PARAMJOT SINGH GURDEEP SINGH FAUJI,PARAMJOT SINGH GURDEEP SINGH FAUJI,Maharashtra,Nanded
ABHA,13110,1959-01-01,"English, HINDI",Monthly,SHIRIN BOMAN,NATIONAL SPIRITUAL ASSEMBLY OF THE BEHARIS OF INDIA,Madhya Pradesh,Gwalior
ABHA AWAZ,MPHIN/2014/61042,2015-03-31,Hindi,Monthly,BINNY JOHN,BINNY JOHN,Madhya Pradesh,Bhopal
ABHALMAYA,MAHMAR/2015/65779,2016-01-22,Marathi,Weekly,PRAMOD BALASAHEB CHAUGULE,PRMOD BALASAHEB CHAUGULE,Maharashtra,Sangli
ABHALMAYA,MAHMAR/2013/49432,2013-05-02,Marathi,Quarterly,PRAMOD BALASAHEB CHAUGULE,PRAMOD BALASAHEB CHOUGALE,Maharashtra,Sangli
ABHARANA SUDDI,KARKAN/2011/37183,2011-05-13,Kannada,Fortnightly,THYAGARAJA,THYAGARAJA,Karnataka,Bengaluru
ABHAS LINK,MPHIN/2021/84915,2023-06-07,Hindi,Monthly,SANJAY SONI,SANJAY SONI,Madhya Pradesh,Ujjain
ABHAS LINK,MPHIN/2023/90979,2025-06-19,Hindi,Monthly,SANJAY SONI,SANJAY SONI,Madhya Pradesh,Khargone
ABHAY,MAHMAR/2021/81108,2022-02-09,Marathi,Weekly,KIRAN DILIP KHILLARE,KIRAN DILIP KHILLARE,Maharashtra,Buldhana
ABHAY AWAJ,MPHIN/2021/80648,2022-02-15,Hindi,Weekly,REKHA GOSWAMI,REKHA GOSWAMI,Madhya Pradesh,Ujjain
ABHAY BANGA PATRIKA,WBHIN/2009/30825,2010-02-10,Hindi,Daily,JAGDISH  YADAV,ABHAY NEWS & BROADCASTING PVT. LTD.,West Bengal,North 24 Parganas
ABHAY BHARAT I,49208,1987-04-06,Hindi,Monthly,SHRI VISHWA NATH,,,
ABHAY GARJANA,MPHIN/2013/51812,2013-09-05,Hindi,Monthly,SHIV NARAYAN SINGH JADON,SHIV NARAYAN SINGH JADON,Madhya Pradesh,Gwalior
ABHAY GARJANA,MPHIN/2023/91118,2025-07-30,Hindi,Quarterly,SHIV NARAYAN SINGH JADON,SHIV NARAYAN SINGH JADON,Madhya Pradesh,Gwalior
ABHAY GUJARAT,GUJGUJ/2011/41475,2012-04-10,Gujarati,Fortnightly,BHARAT R. PATEL,BHARAT R. PATEL,Gujarat,Gandhinagar
ABHAY INDIA,RAJHIN/2012/45139,2012-09-17,Hindi,Weekly,DEEPIKA BORA,DEEPIKA BORA,Rajasthan,Bikaner
ABHAY KE SAATH,MPHIN/2023/84894,2023-06-08,Hindi,Weekly,SHEKHAR SAXENA,SHEKHAR SAXENA,Madhya Pradesh,Bhopal
ABHAY KE SAATH,MPHIN/26/A2270,2026-04-08,Hindi,Monthly,SHEKHAR SAXENA,SHEKHAR SAXENA,Madhya Pradesh,Vidisha
ABHAY KE SAATH,MPHIN/26/A2104,2026-03-30,Hindi,Monthly,SHEKHAR SAXENA,SHEKHAR SAXENA,Madhya Pradesh,Raisen
ABHAY KEERTHI,KARKAN/2016/67301,2016-06-06,Kannada,Fortnightly,S. LOKESH,S LOKESH,Karnataka,Mysore
ABHAY KESARI,UPHIN/2012/47776,2013-02-01,Hindi,Weekly,DR. NARENDRA SINGH,DR. NARENDRA SINGH,Uttar Pradesh,Jyotiba Phule Nagar
ABHAY MAHIMA NEWS,UPHIN/26/A6842,2026-08-14,Hindi,Monthly,Lallu Ram,Lallu Ram,Uttar Pradesh,Lucknow
ABHAY MAIL,MPHIN/2016/71031,2017-04-17,Hindi,Weekly,ABHAY SHARMA,ABHAY SHARMA,Madhya Pradesh,Bhopal
ABHAY MARG,GUJGUJ/2016/70003,2017-01-18,Gujarati,Weekly,JOSHI JAYANTIBHAI KARSANBHAI,JOSHI JAYANTIBHAI KARSANBHAI,Gujarat,Patan
ABHAY NARI,MPHIN/2014/55363,2014-04-21,Hindi,Monthly,MANJU SHARMA,MANJU SHARMA,Madhya Pradesh,Bhopal
ABHAY PATH,CHHHIN/2010/32680,2011-09-15,Hindi,Daily,santosh Kumar tiwari,Nikhilesh Singh,Chhattisgarh,Durg
ABHAY PATH,CTHIN/26/A5073,2026-06-15,Hindi,Daily,Nikhilesh Singh,Nikhilesh Singh,Chhattisgarh,Bilaspur
ABHAY PATH,CTHIN/26/A5072,2026-06-15,Hindi,Daily,Nikhilesh Singh,Nikhilesh Singh,Chhattisgarh,Raipur
ABHAY PATRIKA,HARHIN/2013/53871,2014-01-06,Hindi,Weekly,AMIT GROVER,AMIT GROVER,Haryana,Karnal
ABHAY PRAVAH,MPHIN/2013/49464,2013-05-03,Hindi,Weekly,MAHESH ARYA,MAHESH ARYA,Madhya Pradesh,Hoshangabad
ABHAY SAMAY,GUJGUJ/2022/84806,2023-06-05,Gujarati,Monthly,AMIT SUBHASH PATIL,AMIT SUBHASH PATIL,Gujarat,Surat
ABHAY SAMVAD PATRIKA,WBMUL/2018/75757,2018-07-26,"English, Bengali, Hindi",Quarterly,RAJIV BHOWMICK,GAUR VANI TRUST,West Bengal,North 24 Parganas
ABHAY SANSAR,UPHIN/2016/66125,2016-02-10,Hindi,Weekly,KAVITA RANI,GYAN BHARATI FOUNDATION,Uttar Pradesh,Moradabad
ABHAY SAURASHTRA,GUJGUJ/2021/81058,2022-01-21,Gujarati,Weekly,MAYUR PRADEEPBHAI RAVAL,MAYUR PRADEEPBHAI RAVAL,Gujarat,Rajkot
ABHAY UDAN,GUJGUJ/2011/38537,2011-08-11,Gujarati,Daily,AMIT RAJESH KUMAR SHAH,AMITA RAJESHKUMAR SHAH,Gujarat,Ahmedabad
ABHAY VARDAN,UPHIN/2002/09959,2003-05-28,Hindi,Weekly,VIDYAKANT SHARMA,VIDYAKANT SHARMA,Uttar Pradesh,Lucknow
ABHAY VARDAN,UPHIN/2011/42656,2012-05-30,Hindi,Daily,VIDYAKANT SHARMA,VIDYAKANT SHARMA,Uttar Pradesh,Lucknow
ABHAY VICHAR,UPHIN/2013/55956,2014-06-18,Hindi,Daily,RAM KISHOR YADAV,RAM KISHOR YADAV,Uttar Pradesh,Sitapur
ABHAY VICHAR,UPHIN/2009/29663,2009-11-20,Hindi,Weekly,RAMKISHOR YADAV,RAM KISHOR YADAV,Uttar Pradesh,Sitapur
ABHAY VINAY,MPHIN/2016/69350,2016-11-16,Hindi,Monthly,ABHAY GOSWAMI,ABHAY GOSWAMI,Madhya Pradesh,Bhopal
ABHAY WANI,MPHIN/26/A1546,2026-03-16,Hindi,Monthly,pankaj sanodiya,pankaj soni,Madhya Pradesh,Bhopal
ABHAY WANI,MPHIN/2020/79363,2021-02-17,Hindi,Monthly,Pankaj Sanodiya,PANKAJ SONI,Madhya Pradesh,Narsimhapur
ABHAYA RAJYA,37632,1998-12-29,Marathi,Weekly,MADHUKAR B. BAWANE,MADHUKAR B. BAWANE,Maharashtra,Nagpur
ABHAYAM,APTEL/26/A1225,2026-02-18,Telugu,Daily,SAKAMURI SRINIVASULU,SAKAMURI SRINIVASULU,Andhra Pradesh,Krishna
ABHAYAM,APTEL/2015/62766,2015-06-22,Telugu,Daily,SAKAMURI SRINIVASULU,SAKAMURI SRINIVASULU,Andhra Pradesh,Sri Potti Sriramulu Nellore
ABHAYAM,APTEL/2010/31532,2010-03-22,Telugu,Weekly,SAKAMURI SRINIVASULU,SAKAMURI SRINIVASULU,Andhra Pradesh,Sri Potti Sriramulu Nellore
ABHAYDATA TIMES,UPHIN/2014/56440,2014-08-06,Hindi,Weekly,RAM KRISHNA SHARMA,RAM KRISHNA SHARMA,Uttar Pradesh,Bareilly
ABHEDHYA PRAHAR,MAHMAR/2018/76306,2018-10-30,Marathi,Weekly,PRAKASH JANARDAN MHATRE,PRAKASH JANARDAN MHATRE,Maharashtra,Raigad
ABHEDYA,MAHMAR/2016/75732,2018-07-25,Marathi,Weekly,SATKAR AJINKYA GULAB,SATKAR AJINKYA GULAB,Maharashtra,Pune
ABHEESTAM,APTEL/2012/58031,2014-10-31,Telugu,Daily,SAMBAIAH. SETTUPALLI,SAMBAIAH . SETTUPALLI,Andhra Pradesh,Guntur
ABHHYAM UPDATES,DLBIL/25/A2061,2025-08-04,"Hindi, English",Monthly,Usha Arya,Usha Arya,Delhi,New Delhi
ABHI ABHI,72556,1999-12-29,Hindi,Daily,JAGPRAVESH KATARIYA,DAVINDER KUMAR GANDHI,Haryana,Karnal
ABHI DUNIYA,MPHIN/2015/65179,2015-12-08,Hindi,Weekly,PRINCE PARAS,PRINCE PARAS,Madhya Pradesh,Bhopal
ABHI TAK CRIME TIMES,DELHIN/2007/19981,2007-06-01,Hindi,Weekly,RAJENDER GUPTA,RAJENDER GUPTA,Delhi,New Delhi
ABHI TAK INDIA,DELHIN/2011/40017,2011-12-16,Hindi,Monthly,SHOBHA RANI,SHOBHA RANI,Delhi,New Delhi
ABHI TAK SUPERFAST NEWS,UPHIN/2014/59197,2014-12-24,Hindi,Weekly,NISHI TIWARI,NISHI TIWARI,Uttar Pradesh,Lucknow
ABHI TAK SUPERFAST NEWS,UPHIN/2023/91055,2025-07-16,Hindi,Monthly,NISHI TIWARI,NISHI TIWARI,Uttar Pradesh,Lucknow
ABHI TIME NEWS,MPBIL/2013/62704,2015-06-18,"English, HINDI",Weekly,ABHISHEK RAGHUVANSHI,ABHISHEK RAGHUVANSHI,Madhya Pradesh,Indore
ABHIBHASHAK SANDESH,MPHIN/26/A3872,2026-05-19,Hindi,Quarterly,ARVIND SAHU,ARVIND SAHU,Madhya Pradesh,Bhopal
ABHIBHASHAK SANDESH,MPHIN/2022/85544,2023-10-13,Hindi,Monthly,ARVIND SAHU,ARVIND SAHU,Madhya Pradesh,Bhopal
ABHIDESHAK,UPHIN/2020/79451,2021-02-11,Hindi,Quarterly,DR. ONKAR NATH DWIVEDI,DR. ONKAR NATH DWIVEDI,Uttar Pradesh,Sultanpur
ABHIGRAHSHAKTI,MPHIN/2021/90822,2025-06-10,Hindi,Monthly,RAJESH JAIN,RAJESH JAIN,Madhya Pradesh,Indore
ABHIGYANAM,29079,1975-09-23,Hindi,Monthly,MANU BAJPAYEE,KRISHNA BAJPAYEE,Uttar Pradesh,Kanpur Nagar
ABHIJAN,33994,1979-03-22,Assamese,Weekly,KRISHNA BARUA,KRISHNA BARUA,Assam,Kamrup Metropolitan
ABHIJEET BHARAT,RAJHIN/2016/70537,2017-03-01,Hindi,Daily,GURVINDER SHARMA,GURVINDER SHARMA,Rajasthan,Churu
ABHIJEET BHARAT,RAJHIN/2014/58633,2014-11-29,Hindi,Daily,GURVINDER SHARMA,GURVINDER SHARMA,Rajasthan,Hanumangarh
ABHIJEET BHARAT,RAJHIN/2013/54499,2014-02-06,Hindi,Weekly,GURVINDER SHARMA,GURVINDER SHARMA,Rajasthan,Hanumangarh
ABHIJEET BHARAT,RAJHIN/2016/68250,2016-08-12,Hindi,Daily,GURVINDER SHARMA,GURVINDER SHARMA,Rajasthan,Ganganagar
ABHIJEET BHARAT,RAJHIN/2016/70643,2017-03-03,Hindi,Daily,GURVINDER SHARMA,GURVINDER SHARMA,Rajasthan,Bikaner
ABHIJEET TIMES,UPHIN/2009/32653,2013-11-26,Hindi,Daily,JAGBEER SRIVASTAVA,JAGBEER SRIVASTAVA,Uttar Pradesh,Sant Kabir Nagar
ABHIJEET VARTA,MPHIN/2008/27302,2009-03-23,Hindi,Weekly,ABHIJIT CHAKROBORTY,ABHIJEET CHAKROBORTY,Madhya Pradesh,Bhopal
ABHIKARTHA,KARKAN/2013/49667,2013-05-14,Kannada,Fortnightly,N. AMBARISHA,N. AMBARISHA,Karnataka,Chamarajanagar
ABHIKATHAN,UPHIN/2015/65552,2016-01-11,Hindi,Weekly,NEERAJ TIWARI,NEERAJ TIWARI,Uttar Pradesh,Kanpur Nagar
ABHILASH,WBBEN/2011/39611,2011-11-16,Bengali,Quarterly,SWAMI DHRUBATMANANDA,SREE RAMAKRISHNA PREMA BIHAR,West Bengal,North 24 Parganas
ABHILASH TIMES,UPHIN/2011/43667,2012-07-03,Hindi,Weekly,ANITA MAURYA,ANITA MAURYA,Uttar Pradesh,Lucknow
ABHILASHA NEWS,APTEL/25/A0479,2025-05-27,Telugu,Daily,Jangam Dasu,Jangam Dasu,Andhra Pradesh,Guntur
ABHILASHHA,GUJGUJ/2006/22651,2008-01-21,Gujarati,Weekly,OZA RAJENDRAKUMAR BHANUSHANKAR,MANAGING TRUSTEE GADHADA JIV-DAYA JANKALYAN TRUST,Gujarat,Bhavnagar
ABHIMAN BHARAT,MAHHIN/2010/32823,2010-07-06,Hindi,Monthly,SANTOSH KUMAR TIWARI,SANTOSH KUMAR TIWARI,Maharashtra,Mumbai
ABHIMAN NEWS,MAHHIN/2012/44557,2012-08-07,Hindi,Weekly,ASHOK KUMAR SHARMA,ASHOK KUMAR SHARMA,Maharashtra,Thane
ABHIMAN SAMACHAR,GJGUJ/25/A0515,2025-05-28,Gujarati,Fortnightly,MUKESHKUMAR KHEMCHANDBHAI SHRIMALI,MUKESHKUMAR KHEMCHANDBHAI SHRIMALI,Gujarat,Ahmedabad
ABHIMAN TIMES,MAHMAR/2023/89633,2024-10-15,MARATHI,Weekly,MADHAVI VISHWAS JOSHI,MADHAVI VISHWAS JOSHI,Maharashtra,Pune
ABHIMANI,49711,1991-01-01,Tamil,,,,,
ABHIMANYU,GUJGUJ/2008/24906,2010-03-05,Gujarati,Fortnightly,BHIKHUBHAI HABIBBHAI NAYANI,BHIKHUBHAI HABIBBHAI NAYANI,Gujarat,Gandhinagar
ABHIMANYU,KARKAN/2001/04951,2001-07-30,KANNADA,Monthly,B. N. RAMESH,B.N.RAMESH,Karnataka,Bengaluru
ABHIMANYU BHARAT,MPHIN/25/A5420,2025-12-30,Hindi,Weekly,ANIL LAHANGEER,ANIL LAHANGEER,Madhya Pradesh,Shahdol
ABHIMANYU TIMES,UTTHIN/2011/37250,2011-05-13,Hindi,Fortnightly,Saurabh Agarwal,Saurabh Agarwal,Uttarakhand,Udham Singh Nagar
ABHIMAT AAPKA,MPHIN/2016/71268,2017-05-01,Hindi,Daily,MEERA GOUTAM,MEERA GOUTAM,Madhya Pradesh,Jabalpur
ABHIMAT ASIA,UPHIN/2001/04970,2001-01-01,HINDI,Weekly,RIZWAN PARVEZ,J.A.WARSI,Uttar Pradesh,Etah
ABHIMATA,KARKAN/2021/90332,2024-12-13,KANNADA,Fortnightly,K. RAJESH KUMAR,K RAJESH KUMAR,Karnataka,Raichur
ABHINANDAN MAIL,UPHIN/2019/78277,2019-12-19,Hindi,Weekly,ANJUM KADRA USMANI,ANJUM KADRA USMANI,Uttar Pradesh,Lakhimpur Kheri
ABHINANDAN MORCHA,UPHIN/2020/79782,2021-04-06,Hindi,Daily,NAFEES AHMAD JAFRI,NAFEES AHMAD JAFRI,Uttar Pradesh,Fatehpur
ABHINANDAN SAMACHAR,GUJGUJ/2000/03415,2001-04-30,Gujarati,Weekly,ALAMSINGHBHAI D RATHWA,ALAMSINGHBHAI D RATHWA,Gujarat,Vadodara
ABHINAV AWAZ,UTTHIN/2015/63711,2015-08-11,Hindi,Weekly,SANJAY BANSAL,SANJAY BANSAL,Uttarakhand,Haridwar
ABHINAV BALMANN,UPBIL/2009/33115,2010-08-02,"English, HINDI",Quarterly,SANDHYA SHARMA,SANDHYA SHARMA,Uttar Pradesh,Aligarh
ABHINAV BHARAT SANDESH,UPHIN/2009/31228,2010-03-15,Hindi,Daily,SHRIKRISHNA TRIPATHI,SHRI KRISHNA TRIPATHI,Uttar Pradesh,Prayagraj
ABHINAV BINDU,UPHIN/2023/89571,2024-10-14,HINDI,Monthly,SUSHMA SHARMA,SUSHMA SHARMA,Uttar Pradesh,Lucknow
ABHINAV CHARCHA,MPHIN/2015/72234,2017-06-16,Hindi,Monthly,HIRALAL SHARMA,HIRALAL SHARMA,Madhya Pradesh,Ujjain
ABHINAV DASHMESH SAMACHAR,RAJHIN/2022/87496,2024-06-11,HINDI,Daily,BHAGWAN DAS  GOSWAMI,BHAGWAN DAS  GOSWAMI,Rajasthan,Hanumangarh
ABHINAV EXPRESS,UPHIN/2022/83128,2023-01-16,Hindi,Daily,GEETA SINGH,GEETA SINGH,Uttar Pradesh,Lucknow
ABHINAV IMROZ,DELHIN/2012/40913,2013-01-30,Hindi,Monthly,DEVENDER KUMAR BAHL,DEVENDER KUMAR BAHL,Delhi,New Delhi
ABHINAV INDIA,HARHIN/2015/64154,2015-09-15,Hindi,Weekly,DHARMENDER KAUSHIK,DHARMENDER KAUSHIK,Haryana,Mewat
ABHINAV KHANDESH,MAHMAR/2009/34045,2010-10-20,Marathi,Weekly,PRABHAKAR BABULAL SURYAWANSHI,PRABHAKAR BABULAL SURYAWANSHI,Maharashtra,Dhule
ABHINAV KRISHI,RAJHIN/2021/81869,2022-08-30,Hindi,Quarterly,DR. S.K. JAIN,"DIRECTOR, DIRECTORATE OF EXTENSION EDUCATION, AGRICULTURE UNIVERSITY, KOTA",Rajasthan,Kota
ABHINAV MAHARAJGANJ,UPHIN/2018/76788,2019-01-30,Hindi,Monthly,BALGOVIND VERMA,BALGOVIND VERMA,Uttar Pradesh,Mahrajganj
ABHINAV MARATHI,MAHMAR/2023/87536,2024-06-19,MARATHI,Weekly,KIRTIRAJ ANNDARAO JADHAV,KIRTIRAJ ANNDARAO JADHAV,Maharashtra,Kolhapur
ABHINAV MEEMANSA,UPHIN/2010/36083,2011-03-10,Hindi,Quarterly,VIVEK PANDEY,VIVEK PANDEY,Uttar Pradesh,Lucknow
ABHINAV MEEMANSA,UPHIN/2023/84884,2023-06-07,Hindi,Monthly,VIVEK PANDEY,VIVEK PANDEY,Uttar Pradesh,Lucknow
ABHINAV PAHAL,CTHIN/26/A2704,2026-04-17,Hindi,Daily,Devendra Chandravanshi,Devendra Chandravanshi,Chhattisgarh,Raipur
ABHINAV POST,UPHIN/2020/79906,2021-07-05,Hindi,Monthly,SUNITA GUPTA,SUNITA GUPTA,Uttar Pradesh,Lucknow
ABHINAV PRABHA,BIHHIN/2016/67367,2016-06-06,Hindi,Monthly,VALMIKI VIMAL,VALMIKI VIMAL,Bihar,Muzaffarpur
ABHINAV PRAGYADEEP,MPHIN/2014/58399,2014-11-19,Hindi,Monthly,MOHANLAL GUPTA,MOHANLAL GUPTA,Madhya Pradesh,Bhopal
ABHINAV PRAKASH,UPHIN/2011/36706,2011-04-08,Hindi,Monthly,JAI PRAKASH PATHAK,JAI PRAKASH PATHAK,Uttar Pradesh,Lucknow
ABHINAV RAJASTHAN,RAJHIN/2004/14162,2005-03-21,Hindi,Fortnightly,DHEERAJ GUPTA TEJ,DHEERAJ GUPTA TEJ,Rajasthan,Kota
ABHINAV SAMBODHAN,RAJHIN/2017/76922,2019-03-01,Hindi,Quarterly,MADHU SUDAN PANDYA,MADHU SUDAN PANDYA,Rajasthan,Udaipur
ABHINAV SHABD PRAVAH,MPHIN/2015/66032,2016-02-06,Hindi,Quarterly,SANDEEP JAIN,SHABD PRAVAH SAHITYA MANCH UJJAIN,Madhya Pradesh,Ujjain
ABHINAV SURAT,GUJGUJ/2021/80509,2021-11-25,Gujarati,Weekly,PRAKASH MAGANBHAI PATEL,PRAKASH MAGANBHAI PATEL,Gujarat,Surat
ABHINAV TODAY,MPHIN/2021/83466,2023-04-05,Hindi,Daily,JAYVEER SINGH,JAYVEER SINGH,Madhya Pradesh,Morena
ABHINAV UTTARAKHAND,UTTHIN/2012/46514,2012-11-22,Hindi,Monthly,BHUWAN CHANDRA TIWARI,BHUWAN CHANDRA TIWARI,Uttarakhand,Nainital
ABHINAV VIMARSH,MPHIN/2013/56155,2014-07-07,Hindi,Half Yearly,MAYA DUBEY,MAYA DUBEY,Madhya Pradesh,Bhopal
ABHINAV YOGA,UPHIN/2020/79907,2021-07-05,Hindi,Monthly,SUNITA GUPTA,SUNITA GUPTA,Uttar Pradesh,Lucknow
ABHINAVA DHANVANTARI,KERENG/2014/65720,2016-01-21,English,Quarterly,M. MURALEEDHARAN,M. MURALEEDHARAN,Kerala,Thrissur
ABHINAVA KRANTHI,APTEL/2022/81948,2022-09-02,Telugu,Monthly,P BHUVANESWARI,P BHUVANESWARI,Andhra Pradesh,Kurnool
ABHINAY TRIPURA,TRIBEN/2008/26396,2011-09-06,Bengali,Half Yearly,MUNMUN GHATAK,MUNMUN GHATAK,Tripura,West Tripura
ABHINAYA,TELTEL/2004/12589,2004-05-31,Telugu,Monthly,G.SRINIVAS RAO,G.SRINIVAS RAO,Telangana,Hyderabad
ABHINEET,MAHMAR/2011/40732,2012-08-27,Marathi,Monthly,GIRISH VISHNU KULKARNI,ASHA FOUNDATION,Maharashtra,Jalgaon
ABHIPRAGYAN VISHWAM,UPHIN/25/A2166,2025-08-11,Hindi,Monthly,Suresh Neerav,Suresh Neerav,Uttar Pradesh,Gautam Buddha Nagar
ABHIPRAYA MALIKA,APTEL/2017/73528,2017-10-12,Telugu,Daily,RAGHUPATRUNI BHAVANI BHASKAR,RAGHUPATRUNI BHAVANI BHASKAR,Andhra Pradesh,Srikakulam
ABHIPRAYAM,KERMAL/2016/67941,2016-07-21,Malayalam,Monthly,MUHAMMED HARSHAD. N,MUHAMMED HARSJAD.N,Kerala,Kollam
ABHIPRAYAM,66516,2005-12-12,Telugu,Monthly,LAVISHETTY NARSIMHA SWAMY,LAVISHETTY NARSIMHA SWAMY,Andhra Pradesh,Warangal
ABHIPRERANA,UTTHIN/2002/10062,2003-06-12,HINDI,Fortnightly,VIRENDRA DUTT SHARMA,VIRENDRA DUTT SHARMA,Uttarakhand,Dehradun
ABHIPRERANA,UTTHIN/2012/46892,2012-12-10,Hindi,Fortnightly,VIRENDERDUTT SHARMA,VIRENDERDUTT SHARMA,Uttarakhand,Haridwar
ABHIPRIYA DARPAN,MPHIN/2004/13554,2004-11-04,Hindi,Monthly,SARITA DUBEY,SARITA DUBEY,Madhya Pradesh,Bhopal
ABHIPSHA,ODIBIL/2017/74133,2017-12-11,"English, Oriya",Weekly,SIVA NARAYAN DASH,SIVA NARAYAN DASH,Odisha,Khordha
ABHIREKHA,MAHMAR/2010/34448,2010-11-25,Marathi,Weekly,HEMANT LAXMAN PAWAR,HEMANT LAXMAN PAWAR,Maharashtra,Sangli
ABHIRUDDHI PANTH,KNKAN/26/A0496,2026-01-20,Kannada,Daily Evening,ANIL GANIGER,ANIL GANIGER,Karnataka,Bagalkot
ABHISHEK,19086,1971-03-20,Gujarati,Monthly,DEEPAK H. BHAYANI,DEEPAK H. BHAYANI,Maharashtra,Mumbai
ABHISHEK TIMES,GUJGUJ/2017/74679,2018-02-15,Gujarati,Quarterly,RAKESH VIMALKANT TIWARI,RAKESH VIMALKANT TIWARI,Gujarat,Surat
ABHISHEK TIMES,GUJHIN/2016/69243,2016-11-10,Hindi,Monthly,RAKESH VIMALKANT TIWARI,RAKESH VIMALKANT TIWARI,Gujarat,Surat
ABHISHIKTA,WBBEN/2018/76912,2019-02-26,Bengali,Fortnightly,SUSHANTA SENGUPTA,SUSHANTA SENGUPTA,West Bengal,South 24 Parganas
ABHISHREE BHARTIYE NAARI,UPHIN/2019/78355,2020-01-07,Hindi,Monthly,RAVINDRA M. SINGH,RAVINDRA M SINGH,Uttar Pradesh,Lucknow
ABHISHT SANDESH,UPHIN/25/A3306,2025-10-16,Hindi,Monthly,RASHMI SINGH,RASHMI SINGH,Uttar Pradesh,Lucknow
ABHISHTA,RAJHIN/2004/13399,2004-10-21,Hindi,Fortnightly,YOGENDRA YOGI,YOGENDRA YOGI,Rajasthan,Kota
ABHIVADAN,MAHMAR/2013/54434,2014-02-04,Marathi,Weekly,GAJANAN UKHARDA BAWANE,GAJANAN UKHARDA BAWANE,Maharashtra,Buldhana
ABHIVADAN EXPRESS,UPHIN/25/A3563,2025-10-29,Hindi,Weekly,Ganesh Prasad Budholiya,Ganesh Prasad Budholiya,Uttar Pradesh,Jalaun
ABHIVADAN EXPRESS,CHHHIN/2019/78782,2020-07-07,Hindi,Fortnightly,GANESH PRASAD BUDHAULIYA,GANESH PRASAD BUDHAULIYA,Chhattisgarh,Raipur
ABHIVRUDHI PATHA,KNKAN/26/A1322,2026-02-19,Kannada,Daily,Someshgouda,Someshgouda,Karnataka,Kalaburagi
ABHIVYAKTI EXPRESS,MPHIN/2021/82896,2022-11-29,Hindi,Daily,GAURI GYANCHANDANI,GAURI GYANCHANDANI,Madhya Pradesh,Sagar
ABHIVYAKTI EXPRESS,MPHIN/2011/41933,2012-05-04,Hindi,Daily,GAURI GYANCHANDANI,GAURI GYANCHANDANI,Madhya Pradesh,Bhopal
ABHIVYAKTI EXPRESS,MPHIN/2023/90053,2024-11-05,HINDI,Daily,GAURI GYANCHANDANI,GAURI GYANCHANDANI,Madhya Pradesh,Guna
ABHIVYAKTI GUJARAT,GUJGUJ/2014/56244,2014-07-18,Gujarati,Weekly,AJIT GOR,AJIT GOR,Gujarat,Ahmedabad
ABHIVYAKTI JAGAT,64598,2005-12-12,Hindi,Weekly,KUSUM LATA GUPTA,KUSUM LATA GUPTA,Uttar Pradesh,Lucknow
ABHIVYAKTI JAGAT,57688,2005-12-12,Hindi,Fortnightly,KUSUM LATA GUPTA,SMT KUSUM LATA GUPTA,Uttar Pradesh,Lucknow
ABHIVYAKTI SAMARTHYA,MHMAR/25/A2532,2025-09-15,Marathi,Daily,Gita Bhagwan Raitkar,Gita Bhagwan Raitkar,Maharashtra,Buldhana
ABHIVYAKTI SAURABHAM,DELMUL/2016/76001,2018-09-10,"English, Santhali, Hindi",Monthly,HARISH CHANDRA SHRIVASTAVA,BHARAT SANSKRIT PARISAD,Delhi,New Delhi
ABHIVYAKTI SETU,MPHIN/26/A3225,2026-05-07,Hindi,Monthly,RIYA KHAN,RIYA KHAN,Madhya Pradesh,Bhopal
ABHIVYAKTI TODAY,MPHIN/2014/54899,2014-03-10,Hindi,Monthly,KAPIL GUPTA,KAPIL GUPTA,Madhya Pradesh,Gwalior
ABHIYAAN KHERALU,GUJGUJ/2008/26111,2011-10-05,Gujarati,Weekly,SUMARA ISMAILBHAI BHIKHUBHAI,SUMARA ISMAILBHAI BHIKHUBHAI,Gujarat,Mahesana
ABHIYAN,43840,1986-11-12,Gujarati,Weekly,VIJAY K. PARIKH,M/S SAMBHAAV MEDIA LTD.,Maharashtra,Mumbai
ABHIYAN AAJ TAK,RAJHIN/2019/77441,2019-06-17,Hindi,Daily,CHANDRA SHEKHAR VARMA,CHANDRA SHEKHAR VARMA,Rajasthan,Jaipur
ABHIYAN AAJ TAK,MPHIN/2010/31390,2010-03-17,Hindi,Weekly,CHANDRASHEKHAR (RAJU) VERMA,CHANDRASHEKHAR RAJU VERMA,Madhya Pradesh,Indore
ABHIYAN AAJKAL,UTTHIN/2011/39281,2014-05-02,Hindi,Fortnightly,ASHUTOSH,ASHUTOSH,Uttarakhand,Haridwar
ABHIYAN RAJASTHAN,RAJHIN/2010/36881,2011-04-25,Hindi,Fortnightly,VIKRAM SINGH RAJPUROHIT,VIKRAM SINGH RAJPUROHIT,Rajasthan,Jodhpur
ABHIYAN TIMES,UTTHIN/2008/30477,2010-01-15,HINDI,Weekly,RAJ KUMAR CHHABRA,RAJKUMAR CHHABRA,Uttarakhand,Dehradun
ABHIYAN TIMES,HRHIN/26/A6743,2026-08-12,Hindi,Daily,RAJ KUMAR CHHABRA,RAJ KUMAR CHHABRA,Haryana,Yamunanagar
ABHIYAN TIMES,UPHIN/26/A6357,2026-08-03,Hindi,Daily,RAJ KUMAR CHHABRA,RAJ KUMAR CHHABRA,Uttar Pradesh,Saharanpur
ABHIYAN TIMES,UTTHIN/2010/32820,2010-07-02,Hindi,Daily,RAJ KUMAR CHHABRA,RAJKUMAR CHHABRA,Uttarakhand,Dehradun
ABHIYAN TIMES,UPHIN/26/A6355,2026-08-03,Hindi,Daily,RAJ KUMAR CHHABRA,RAJ KUMAR CHHABRA,Uttar Pradesh,Lucknow
ABHIYAN TIMES,DLHIN/26/A3454,2026-05-11,Hindi,Daily,RAJ KUMAR CHHABRA,RAJ KUMAR CHHABRA,Delhi,New Delhi
ABHIYAN TODAY,UPHIN/2014/61202,2015-04-10,Hindi,Monthly,PANKAJ SAXENA,PANKAJ SAXENA,Uttar Pradesh,Jhansi
ABHIYANT VARTAA,MPHIN/25/A4040,2025-11-19,Hindi,Monthly,VEERENDRA KUMAR SHUKLA,VEERENDRA KUMAR SHUKLA,Madhya Pradesh,Chhatarpur
ABHIYANTA EXPRESS,MAHMAR/2015/71372,2017-04-26,Marathi,Weekly,VISHAL VISHNU MANE PATIL,VISHAL VISHNU MANE PATIL,Maharashtra,Pune
ABHIYANTA MITRA,MAHMAR/2012/46733,2012-11-30,Marathi,Fortnightly,SAGAR BABURAO WADALKAR,SAGAR BABURAO WADELKAR,Maharashtra,Ahilyanagar
ABHIYANTA NEWS,MAHMAR/2012/42090,2012-05-11,Marathi,Weekly,IMTIYAZ MAHEBOOB PATHAN,IMTIYAZ MAHEBOOB PATHAN,Maharashtra,Ahilyanagar
ABHIYANTA SHAKTI,MAHMAR/2014/57082,2014-09-10,Marathi,Weekly,MUMTAZ FIROZ DINANI,MUMTAZ FIROZ DINANI,Maharashtra,Chandrapur
ABHIYANTA SUPER,MHMAR/25/A0747,2025-05-30,Marathi,Monthly,Sachin Tukaram Vitkar,Sachin Tukaram Vitkar,Maharashtra,Pune
ABHIYANTHARA PRABHA,KARKAN/2008/27108,2009-02-24,Kannada,Monthly,T.P. LAKSHMIKANTH,T.P.LAKSHMIKANTH,Karnataka,Bengaluru
ABHIYOGA,61317,2010-03-17,Oriya,Fortnightly,KALIPRASAD MOHAPATRA,KALI PRASAD MOHAPATRA,Odisha,Sundargarh
ABHUSHAN TIMES,MAHHIN/2008/24974,2008-07-31,Hindi,Monthly,SIDHRAJ SOHANRAJJI LODHA,LODHA SIDHRAJ SOHANRAJJI,Maharashtra,Mumbai
ABHUTPURV TIMES,MPHIN/2023/87196,2024-05-08,Hindi,Monthly,ABDUL TALIB,ABDUL TALIB,Madhya Pradesh,Bhopal
ABHYANK SAMACHAR,DELHIN/2023/87463,2024-06-10,Hindi,Weekly,TOOKIRAM SEWALIRAM VAIDYA,TOOKIRAM SEWALIRAM VAIDYA,Delhi,New Delhi
ABHYASH TIMES,MPHIN/2016/70422,2017-02-14,Hindi,Daily,AMIT PANJWANI,AMIT PANJWANI,Madhya Pradesh,Indore
ABHYUDAY CHHATTISGARH,CHHHIN/2021/79730,2021-05-25,Hindi,Daily,LALIT YADAV,LALIT YADAV,Chhattisgarh,Raipur
ABHYUDAY UDGHOSH,UPHIN/26/A5057,2026-06-12,Hindi,Weekly,Uma Mishra,Uma Mishra,Uttar Pradesh,Mahrajganj
ABHYUDAYA,5366,1962-01-25,Bengali,Fortnightly,KSHITISH ROY CHOUDHURY,ABHOY ASHRAM,West Bengal,Purba Medinipur
ABHYUDAYA JYOTHI,APTEL/2011/37453,2011-05-25,Telugu,Monthly,D.ESWARA NARAYANA,D. ESWARA NARAYANA,Andhra Pradesh,Anantapur
ABHYUTTHANAM,MPSAN/2017/72903,2017-08-03,Sanskrit,Weekly,GARGI SHARMA,GARGI SHARMA,Madhya Pradesh,Bhopal
ABICHAR,ASSBEN/2004/13475,2004-10-26,Bengali,Weekly,MONTOSH DHAR,MONTOSH DHAR,Assam,Cachar
ABIRAM,WBBEN/2020/81674,2022-07-12,Bengali,Daily,MITHUN MUKHERJEE,MITHUN MUKHERJEE,West Bengal,Paschim Bardhaman
ABISHKAR,WBBEN/2010/35316,2011-01-19,Bengali,Half Yearly,SUBRATA DAS,SUBRATA DAS,West Bengal,North 24 Parganas
ABKA,UPHIN/2008/24594,2008-07-10,Hindi,Weekly,MUKESH  KUMAR  HIND,MUKESH KUMAR HIND,Uttar Pradesh,Fatehpur
ABKARI SAMACHARAM,APTEL/2014/59573,2015-01-16,Telugu,Monthly,N. PURUSHOTHAM,N. PURUSHOTHAM,Andhra Pradesh,Chittoor
ABN TODAY,MPHIN/2020/87098,2024-05-02,Hindi,Weekly,AMEEN BEG,AMEEN BEG,Madhya Pradesh,Bhopal
ABN TODAY,MPHIN/2015/60350,2015-02-20,Hindi,Daily,AMEEN BEG,AMEEN BEG,Madhya Pradesh,Bhopal
ABN TODAY,MPHIN/26/A2757,2026-04-23,HINDI,Monthly,ameen beg,ameen beg,Madhya Pradesh,Bhopal
ABN TODAY,CTHIN/25/A4807,2025-12-05,Hindi,Daily,ameen beg,ameen beg,Chhattisgarh,Raipur
ABNA E HIND,UPHIN/26/A5767,2026-07-08,Hindi,Monthly,MOHD NIZAMUDDIN,MOHD NIZAMUDDIN,Uttar Pradesh,Lucknow
ABNA E HIND,UPURD/2016/69865,2017-01-05,Urdu,Daily,MOHD.NIZAMUDDIN,MOHD.NIZAMUDDIN,Uttar Pradesh,Lucknow
ABODH UTTARAKHAND,UTTHIN/2014/60208,2015-02-16,Hindi,Weekly,NAVEEN CHANDRA BARMOLA,NAVEEN CHANDRA BARMOLA,Uttarakhand,Dehradun
ABOHAR FAST,PUNHIN/2015/65100,2015-12-04,Hindi,Daily,HANS RAJ,HANS RAJ,Punjab,Fazilka
ABOHAR HALCHAL,PUNHIN/2016/69606,2016-12-09,Hindi,Monthly,PARVEEN KUMAR,PARVEEN KUMAR,Punjab,Fazilka
ABOHAR KI AWAZ,PUNHIN/2010/41319,2012-03-28,Hindi,Weekly,GURPREET SINGH,GURPREET SINGH,Punjab,Firozpur
ABOHAR NEWS SANGRAH,PUNHIN/2011/36863,2011-04-21,Hindi,Daily,LALIT MIDHA,LALIT MIDHA,Punjab,Firozpur
ABOKASH,WBBEN/2018/77131,2019-04-08,Bengali,Monthly,LILA BATI SAHA,ANGSHUMAN SAHA,West Bengal,South 24 Parganas
ABOSAN,ASSBEN/2014/62443,2015-06-08,Bengali,Weekly,DURBA SEN,DURBA SEN,Assam,Cachar
ABRAR TIMES,MPHIN/2016/70288,2017-02-01,Hindi,Monthly,RAJDA KHAN,RAJDA KHAN,Madhya Pradesh,Bhopal
ABRAXAS LIFESTYLE,DELENG/2012/47426,2013-01-17,English,Monthly,HEMANT SUD,HEMANT SUD,Delhi,New Delhi
ABRAXAS NU,DELENG/2015/61157,2015-04-09,English,Monthly,HEMANT SUD,HEMANT SUD,Delhi,New Delhi
ABSAAR,MAHURD/2016/69826,2017-01-03,Urdu,Monthly,JALALUDDIN MUTTIULLAH QUASMI,JALALUDDIN MUTTIULLAH QUASMI,Maharashtra,Nashik
ABSOLUTE INDIA,MAHENG/2013/53548,2013-12-13,English,Daily,DWIJENDRANATH TIWARI,YOGENDRA CHATURVEDI,Maharashtra,Mumbai
ABSOLUTE INDIA,MPENG/2015/69891,2017-01-05,English,Daily,YOGENDRA CHATURVEDI,YOGENDRA CHATURVEDI,Madhya Pradesh,Bhopal
ABSOLUTE INDIA,MPHIN/2016/70195,2017-01-27,Hindi,Daily,YOGENDRA CHATURVEDI,YOGENDRA CHATURVEDI,Madhya Pradesh,Bhopal
ABSOLUTE INDIA,MAHHIN/2013/53547,2013-12-13,Hindi,Daily,DWIJENDRANATH TIWARI,YOGENDRA CHATURVEDI,Maharashtra,Mumbai
ABSOLUTE PRESS BULLETIN HUB,JKENG/25/A1716,2025-07-07,English,Monthly,Inder raj kour,Inder raj kour,Jammu and Kashmir,Jammu
ABSOLUTE VIEW,MPHIN/25/A1491,2025-07-02,Hindi,Weekly,asma ali,asma ali,Madhya Pradesh,Bhopal
ABU SAMACHAR,65943,1995-01-01,Hindi,Fortnightly,ASHOK CHATURVEDI,ASHOK CHATURVEDI,Rajasthan,Sirohi
ABUA AAWAZ,JHBIL/26/A2120,2026-03-30,"Urdu, Hindi",Daily,Prarthana Sharan,Prarthana Sharan,Jharkhand,Ranchi
ABUL KALAM,MAHHIN/2009/33298,2014-04-11,Hindi,Weekly,Sayyed Mustak Muktar Hasmi,Sayyed Mustak Muktar Hasmi,Maharashtra,Latur
ABUZAR SAMVAD,MPHIN/2021/81850,2022-08-26,Hindi,Monthly,ANJUM KHALID,ANJUM KHALID,Madhya Pradesh,Bhopal
ABYAS PATRIKE,KNKAN/25/A4069,2025-11-19,Kannada,Daily,KRISHNA NITYANAND KOUJALAGI,KRISHNA NITYANAND KOUJALAGI,Karnataka,Belagavi
ACADEMIA : BASANTI DEVI COLLEGE,WBBIL/2017/75458,2018-06-11,"English, Bengali",Bi-Annual,DR. INDRILA GUHA,BASANTI DEVI COLLEGE,West Bengal,Kolkata
ACADEMIC ASPIRATION,DELBIL/2022/81581,2022-06-17,"English, HINDI",Bimonthly (Once in two months),RAJAT WASAN,M/S ACADEMIC ASPIRATION,Delhi,New Delhi
ACADEMIC AWAKENING,DELMUL/2018/75727,2018-07-25,"English, Urdu, Hindi",Four Monthly,SHIV SINGH SARANGDEVOT,ALL INDIA ASSOCIATIONS OF VICE CHANCELLORS & ACADEMICIANS,Delhi,New Delhi
ACADEMIC DISCOURSE,HARBIL/2012/45761,2012-10-15,"English, HINDI",Half Yearly,PRADEEP SHARMA SNEHI,SHRI ATMANAND JAIN COLLEGE TRUST AND MANAGEMENT SOCIETY,Haryana,Ambala
ACADEMIC HIGHWAY,TNBIL/25/A2425,2025-09-08,"English, Tamil",Weekly,Jerlin Rajendhiran,Jerlin Rajendhiran,Tamil Nadu,Chennai
ACADEMIC JAGAT,DELBIL/2019/77994,2019-09-18,"English, HINDI",Monthly,MD. JAHIDUL DEWAN,MD. JAHIDUL DEWAN,Delhi,New Delhi
ACADEMIC RESEARCH AND REVIEW LETTERS,KERMUL/2018/77513,2019-06-17,English,Half Yearly,K.K. DAMODARAN,ASSOCIATION OF KERALA GOVT. COLLEGE TEACHERS,Kerala,Thiruvananthapuram
ACADEMIC SCORE,BHBIL/26/A1974,2026-03-25,"English, Hindi",Quarterly,saurav suman,saurav suman,Bihar,Vaishali
ACADEMIC SOCIAL RESEARCH,UPBIL/2017/73689,2017-11-15,"English, HINDI",Quarterly,HIMANSHU SRIVASTAVA,HIMANSHU SRIVASTAVA,Uttar Pradesh,Kanpur Nagar
ACCESSIBLE OCEAN TOURISM PUBLICATION,MHENG/26/A3418,2026-05-11,English,Monthly,ELSIE GABRIEL,ELSIE GABRIEL,Maharashtra,Mumbai
ACCHARAM,TNTAM/2016/69258,2016-11-10,Tamil,Monthly,M.C. SEKAR,M.C.SEKAR,Tamil Nadu,Chennai
ACCHU MALAR,TNTAM/2023/88504,2024-08-13,TAMIL,Daily,PRIYATHARSHINI,PRIYATHARSHINI,Tamil Nadu,Madurai
ACCIDENT AND COMPENSATION CASES,42852,2013-02-28,English,Monthly,PRADEEP BAHL,PRADEEP BAHL,Delhi,New Delhi
ACCIDENT AND INSURANCE CLAIM CASES,UPENG/2017/74799,2018-10-17,English,Monthly,SHEBA PARVEEN,SHEBA PARVEEN,Uttar Pradesh,Prayagraj
ACCIDENTS CLAIMS JOURNAL,10668,2005-12-12,English,Monthly,PANKAJ DHAWAN,PANKAJ DHAWAN,Delhi,New Delhi
ACCOLADE SCREENLADY,MHMAR/26/A3113,2026-05-06,Marathi,Monthly,PRASHANT CHANDRAKANT SAGVEKAR,PRASHANT CHANDRAKANT SAGVEKAR,Maharashtra,Raigad
ACCOMMODATION TIMES,20830,2005-12-12,English,Fortnightly,MURARI CHATURVEDI,ACCOMMODATION TIMES PVT.LTD,Maharashtra,Mumbai
ACCURATE CONCEPTION,MPBIL/2015/66534,2016-03-29,"English, HINDI",Weekly,HARSHPAL SINGH BAGGA,HARSHPAL SINGH BAGGA,Madhya Pradesh,Bhopal
ACCURATE MIRROR,PBHIN/25/A3708,2025-11-04,Hindi,Weekly,Anil Khurana,Anil Khurana,Punjab,Pathankot
ACCURATE NEWS,MPHIN/2023/88207,2024-07-29,HINDI,Monthly,JITENDRA TRIPATHI,JITENDRA TRIPATHI,Madhya Pradesh,Bhopal
ACE BOOK OF RECORDS,MHENG/25/A1229,2025-06-12,English,Annual,VANDANA RAKESH GUPTA,VANDANA RAKESH GUPTA,Maharashtra,Mumbai Suburban
ACE UPDATE,MAHENG/2011/38968,2011-09-22,English,Monthly,PRASAD KUMAR NAIR,I-TECH MEDIA PVT. LTD.,Maharashtra,Mumbai Suburban
ACHA SAMAY,MPHIN/2023/89046,2024-09-24,HINDI,Quarterly,GOUTAM SINGH,GOUTAM SINGH,Madhya Pradesh,Bhopal
ACHAL BHARAT,RAJHIN/2012/45412,2012-09-26,Hindi,Weekly,PRASHANT DAVE,PRASHANT DAVE,Rajasthan,Ajmer
ACHAL KI UDDAN,RAJHIN/2016/73628,2017-10-25,Hindi,Quarterly,PANKAJ YOGI,PANKAJ YOGI,Rajasthan,Nagaur
ACHAL PATRIKA,MPHIN/2000/01066,2000-05-26,Hindi,Monthly,DEVENDER SHARMA,DEVENDER SHARMA,Madhya Pradesh,Gwalior
ACHAL SADHNA,MPHIN/2014/57115,2014-09-11,Hindi,Monthly,BETAL SINGH SIKARWAR,BETAL SINGH SIKARWAR,Madhya Pradesh,Gwalior
ACHAL SAMACHAR BULLETIN,66143,1997-07-02,Hindi,Weekly,ACHAL MEHROTRA,ACHAL MEHROTRA,Uttar Pradesh,Lucknow
ACHAL VARTA,UPHIN/2018/76100,2018-09-20,Hindi,Daily,MUKESH KUMAR,MUKESH KUMAR,Uttar Pradesh,Faizabad
ACHAL YUG,MPHIN/26/A5673,2026-07-02,Hindi,Daily,Sachin Sinha,Sachin Sinha,Madhya Pradesh,Ujjain
ACHALA,GUJGUJ/2002/08576,2002-12-17,Gujarati,Monthly,MAFATLAL PATEL,MAFATLAL PATEL,Gujarat,Ahmedabad
ACHALEN ANUSMARAN,MHMAR/26/A0845,2026-01-30,Marathi,Weekly,Pravin Shrinivas Londhe,Pravin Shrinivas Londhe,Maharashtra,Sangli
ACHALPUR PRABHAT,MAHHIN/2018/76238,2018-10-17,Hindi,Weekly,SURYAKANT CHANDRASHEKAR TRIPATHI,SURYAKANT CHANDRASHEKAR TRIPATHI,Maharashtra,Amravati
ACHALPUR SATYA,MAHBIL/2016/72179,2017-06-09,"Marathi, Hindi",Weekly,MAYUR SANJAY LAHANE,MAYUR SANJAY LAHANE,Maharashtra,Amravati
ACHALRAJ,MPHIN/2022/90872,2025-06-13,Hindi,Weekly,SOHAIL KHAN,SOHAIL KHAN,Madhya Pradesh,Bhopal
ACHALRAJ,MPHIN/26/A2822,2026-04-28,Hindi,Monthly,SOHAIL KHAN,SOHAIL KHAN,Madhya Pradesh,Bhopal
ACHALRAJ,MPHIN/26/A1511,2026-03-16,Hindi,Quarterly,SOHAIL KHAN,SOHAIL KHAN,Madhya Pradesh,Raisen
ACHAMBHA,DELHIN/2014/57692,2014-10-13,Hindi,Monthly,MAHESH KUMAR,MAHESH KUMAR,Delhi,New Delhi
ACHAMILLAI,71297,1999-08-02,Tamil,Monthly,NA IRAIVAN,NA IRAIVAN,Tamil Nadu,Chennai
ACHANCHHA KILA,ODIODI/2017/74462,2018-01-23,Oriya,Fortnightly,NAMITA BARAL,NAMITA BARAL,Odisha,Dhenkanal
ACHAR-VICHAR TIMES,56709,2013-07-31,Urdu,Weekly,TOUSHIF HUSSAIN,TOUSHIF HUSSAIN,Uttar Pradesh,Lucknow
ACHARAJ,72161,1999-11-11,Gujarati,Weekly,MUKUNDBHAI  SHANABHAI BRAHMBHATT,MUKUNDBHAI  SHANABHAI BRAHMBHATT,Gujarat,Sabar Kantha
ACHARYA N G RANGA VYAVASAYA VISWA VIDYALAYAM VYAVASAYAM,APTEL/2012/46939,2012-12-11,Telugu,Monthly,K. GURAVA REDDY,ACHARYA N.G. RANGA AGRICULTURE UNIVERSITY,Andhra Pradesh,Guntur
ACHARYA NATIONAL NEWS,JKBIL/26/A6057,2026-07-25,"English, Hindi",Weekly,RAJ KUMAR,RAJ KUMAR,Jammu and Kashmir,Jammu
ACHARYA VAIBHAV,UPBIL/2015/68451,2016-08-27,"Santhali, Hindi",Monthly,SWAMI MADHUSOODANACHARYA,SWAMI MADHUSOODANACHARYA,Uttar Pradesh,Sultanpur
ACHARYA VANI,64631,1996-11-27,"English, Telugu",Monthly,KOMANDURU SESHADRI,SHIRDI SAI CULTURAL MISSION,Andhra Pradesh,Sri Potti Sriramulu Nellore
ACHARYA VANI,UPHIN/2018/81717,2022-07-25,Hindi,Weekly,A. RUBY SHASTRI,A. RUBY SHASTRI,Uttar Pradesh,Moradabad
ACHARYA VANI,UPHIN/26/A5374,2026-06-22,Hindi,Daily,A. RUBY SHASTRI,A. RUBY SHASTRI,Uttar Pradesh,Moradabad
ACHCHA VICHAR PRASAR,UPHIN/2022/85850,2023-12-18,Hindi,Monthly,AMIT KUMAR,AMIT KUMAR,Uttar Pradesh,Lakhimpur Kheri
ACHCHAMTHAVIR,TNTAM/2022/84052,2023-05-02,Tamil,Monthly,V. RAJASEKARAN,V. RAJASEKARAN,Tamil Nadu,Chennai
ACHCHHA BURA,MPHIN/2016/67306,2016-06-03,Hindi,Monthly,RAZIA SHEKH,RAZIA SHEKH,Madhya Pradesh,Bhopal
ACHCHHA BURA,MPHIN/2016/70350,2017-02-06,Hindi,Weekly,RAZIA SHEKH,RAZIA SHEKH,Madhya Pradesh,Bhopal
ACHCHHE DIN,MPHIN/2014/56945,2014-09-05,Hindi,Monthly,AMIT MISHRA,AMIT MISHRA,Madhya Pradesh,Bhopal
ACHCHHI KHABAR,UPHIN/2016/67742,2017-02-23,Hindi,Daily,ZAHID HUSSAIN,ZAHID HUSSAIN,Uttar Pradesh,Budaun
ACHHANSH TODAY,UPHIN/2023/84291,2023-05-12,Hindi,Daily,VANDANA SHUKLA,VANDANA SHUKLA,Uttar Pradesh,Basti
ACHHE DINO KI PUKAR,MPHIN/2017/74333,2018-01-01,Hindi,Weekly,ANKIT PATIDAR,ANKIT PATIDAR,Madhya Pradesh,Bhopal
ACHHOOT KALYAN,69351,1998-11-13,Hindi,Weekly,SANT GANESH RAM JI RAM,SANT GANESH RAM JI RAM,Madhya Pradesh,Vidisha
ACHIEVE NEWS,UPHIN/2015/62561,2015-06-12,Hindi,Monthly,RAJNI SHRIVASTAVA,RAJNI SHRIVASTAVA,Uttar Pradesh,Lucknow
ACHIEVE NEWS,UPHIN/2014/56423,2014-08-05,Hindi,Weekly,RAJNI SHRIVASTAVA,RAJNI SHRIVASTAVA,Uttar Pradesh,Lucknow
ACHIEVE NEWS,UPHIN/2014/58906,2014-12-13,Hindi,Daily,RAJNI SHRIVASTAVA,RAJNI SHRIVASTAVA,Uttar Pradesh,Lucknow
ACHIEVERS,WBBEN/2012/72249,2017-06-16,Bengali,Monthly,HARANATH DAS,GSCE PUBLICATIONS,West Bengal,North 24 Parganas
ACHIEVERS IN FOCUS,WBENG/2015/71697,2017-05-18,English,Monthly,AYAN SARKAR,GSCE FUTURE,West Bengal,North 24 Parganas
ACHIEVERS JUNCTION,UPMUL/26/A5839,2026-07-17,"Hindi, Bhojpuri, English",Quarterly,ANITA SINGH,ANITA SINGH,Uttar Pradesh,Gautam Buddha Nagar
ACHIEVERS WORLD,DELENG/2011/38655,2011-08-26,English,Bimonthly (Once in two months),HARISH CHANDRA UNIYAL,BRANDWORKS MEDIA PRIVATE LIMITED,Delhi,New Delhi
ACHINSATHI,5446,1962-08-09,Bengali,Quarterly,SISIR RANJAN CHOUDHARY,SISIR RANJAN CHOUDHARY,West Bengal,Kolkata
ACHL PARVAT,MPHIN/2021/84691,2023-05-30,Hindi,Quarterly,SUBHASH MARAN,SUBHASH MARAN,Madhya Pradesh,Bhopal
ACHLA SANDESH,MPHIN/2016/70007,2017-01-17,Hindi,Monthly,ACHLA,ACHLA,Madhya Pradesh,Bhopal
ACHOOK BRAHMASTRA,MPHIN/2023/88117,2024-07-22,HINDI,Weekly,YOGENDRA JOSHI,YOGENDRA JOSHI,Madhya Pradesh,Indore
ACHOOK RANNITI,UPHIN/2023/86545,2024-02-27,Hindi,Weekly,VINAY KUMAR MAURYA,VINAY KUMAR MAURYA,Uttar Pradesh,Varanasi
ACHOOK SAMACHAR,UPURD/2016/68473,2016-09-02,Urdu,Daily,SUBHASH KUMAR,V RAJ FILM & PUBLICATIONS,Uttar Pradesh,Lucknow
ACHOOK SAMACHAR,UPHIN/2001/05807,2002-01-28,Hindi,Weekly,SUBHASH KUMAR,V RAJ FILM & PUBLICATIONS,Uttar Pradesh,Lucknow
ACHOOK SAMACHAR,UPHIN/2021/84198,2023-05-16,Hindi,Monthly,SUBHASH KUMAR,V RAJ FILM & PUBLICATIONS,Uttar Pradesh,Lucknow
ACHOOK SAMACHAR,UPHIN/2016/66930,2016-05-10,Hindi,Daily,SUBHASH KUMAR,V RAJ FILM & PUBLICATIONS,Uttar Pradesh,Lucknow
ACHOOK SANGHARSH,UPHIN/2021/84477,2023-05-25,Hindi,Weekly,AMIT KUMAR SINGH,AMIT KUMAR SINGH,Uttar Pradesh,Varanasi
ACHUK,GUJGUJ/2015/65644,2016-01-15,Gujarati,Monthly,AXITABEN,AXITABEN,Gujarat,Rajkot
ACHUK BAATMI,MHMAR/25/A0417,2025-05-23,Marathi,Weekly,RAHIM MAHAMAD SHAIKH,RAHIM MAHAMAD SHAIKH,Maharashtra,Dharashiv
ACHUK JAGARTI,MPHIN/2021/80595,2022-01-21,Hindi,Quarterly,SHARDA MALVIYA,SHARDA MALVIYA,Madhya Pradesh,Bhopal
ACHUK LEKHANI,MPHIN/26/A0935,2026-02-10,Hindi,Half Yearly,SHAHEEN FATMA,SHAHEEN FATMA,Madhya Pradesh,Chhatarpur
ACHUK VAANI,MAHMAR/2022/84249,2023-05-11,Marathi,Monthly,TAJUDDIN HUSEN SHAIKH,TAJUDDIN HUSEN SHAIKH,Maharashtra,Pune
ACHUK VARTAMAAN,MAHMAR/2022/81990,2022-09-05,Marathi,Weekly,SIDDHANT YUVRAJ RAMRAJE,SIDDHANT YUVRAJ RAMRAJE,Maharashtra,Mumbai
ACHUK VEDH,MAHMAR/2017/72733,2017-07-26,Marathi,Weekly,THOKAL VIKAS KARBHARI,THOKAL VIKAS KARBHARI,Maharashtra,Chhatrapati Sambhaji Nagar
ACHUKVARTA,MAHMAR/2013/53233,2013-12-03,Marathi,Weekly,SUDHIR R. CHOUDHARY,SUDHIR R. CHOUDHARY,Maharashtra,Mumbai
ACHYUT PRABHAT,UPHIN/2021/81132,2022-02-17,HINDI,Daily,ARCHANA PANDEY,ARCHANA PANDEY,Uttar Pradesh,Lucknow
ACROSS MUMBAI,MAHBIL/2016/68485,2016-09-02,"Marathi, Hindi",Weekly,SANJAY MANGESH BHAIRE,SANJAY TEJSINGH KHIMESRA,Maharashtra,Mumbai
ACROSS STATE,MAHENG/2017/74287,2018-02-01,English,Weekly,SANJAY MANGESH BHAIRE,SANJAY MANGESH BHAIRE,Maharashtra,Mumbai
ACROSS THE BOARD,MPHIN/2022/86756,2024-04-04,Hindi,Monthly,RUBINA,RUBINA,Madhya Pradesh,Bhopal
ACROSS THE NATION,UPENG/2014/56613,2014-08-22,English,Daily,SANJAY PODDAR,KRS MEDIA CONSULTANCY LLP,Uttar Pradesh,Lucknow
ACROSS THE NATION,UPENG/2014/56612,,English,Daily,EZAZ FATIMA,,Uttar Pradesh,Lucknow
ACROSS TIMES,UPHIN/2019/90555,2025-03-24,Hindi,Daily Evening,GYAN PRAKASH,GYAN PRAKASH,Uttar Pradesh,Shahjahanpur
ACROSS TIMES,UPHIN/2016/74651,2018-04-18,Hindi,Weekly,GYAN PRAKASH,GYAN PRAKASH,Uttar Pradesh,Shahjahanpur
ACROSS TO LAW,GJGUJ/25/A1255,2025-06-13,Gujarati,Weekly,Turibarot Kamlaben Shantilal,Turibarot Kamlaben Shantilal,Gujarat,Vadodara
ACT OF SAMACHAR,MPHIN/2021/80933,2022-01-10,Hindi,Monthly,GAYATRI MEHRA,GAYATRI MEHRA,Madhya Pradesh,Raisen
ACTION,35066,1984-09-11,Hindi,Weekly,BALA MATHUR,BALA MATHUR,Rajasthan,Bikaner
ACTION DELHI,DELHIN/2015/63200,2015-07-13,Hindi,Fortnightly,SONU GAUTAM,SONU GAUTAM,Delhi,New Delhi
ACTION DOOT,MPHIN/2017/71772,2017-05-19,Hindi,Monthly,MEENA CHATURVEDI,MEENA CHATURVEDI,Madhya Pradesh,Raisen
ACTION FAST NEWS,MAHMAR/2021/80858,2021-12-27,Marathi,Weekly,RAJESH DHANAJI GOTAD,RAJESH DHANAJI GOTAD,Maharashtra,Palghar
ACTION INDIA,HPHIN/2012/48072,2013-02-18,Hindi,Daily,RAVI BHARDWAJ,RAVI BHARDWAJ,Himachal Pradesh,Una
ACTION INDIA,HARHIN/2016/68417,2016-08-31,Hindi,Daily,RAVI BHARDWAJ,RAVI BHARDWAJ,Haryana,Karnal
ACTION INDIA,DELHIN/2006/19240,2007-04-19,Hindi,Monthly,RAVI BHARDWAJ,RAVI BHARDWAJ,Delhi,New Delhi
ACTION INDIA,55751,1993-06-21,Hindi,Weekly,RAVI BHARDWAJ,RAVI BHARDWAJ,Delhi,New Delhi
ACTION INDIA,DELHIN/2006/19302,2007-04-24,Hindi,Daily,RAVI BHARDWAJ,RAVI BHARDWAJ,Delhi,New Delhi
ACTION INDIA,UTTHIN/2009/31653,2010-03-30,Hindi,Daily,RAVI BHARDWAJ,RAVI BHARDWAJ,Uttarakhand,Dehradun
ACTION INDIA,CHHIN/25/A2182,2025-08-12,Hindi,Daily,RAVI BHARDWAJ,RAVI BHARDWAJ,Chandigarh,Chandigarh
ACTION MEDIA,UPHIN/2009/27951,2009-06-08,Hindi,Weekly,AFAQ HUSSAIN,AFAQ HUSSAIN,Uttar Pradesh,Hardoi
ACTION MEDIA,DELHIN/2006/16337,2006-03-24,Hindi,Weekly,AAFAK HUSSAIN,AAFAK HUSSAIN,Delhi,New Delhi
ACTION PUNJAB,PUNHIN/2011/37011,2011-05-03,Hindi,Weekly,PARDEEP CHOUDHARY,PARDEEP CHOUDHARY,Punjab,Patiala
ACTION TODAY,UTTHIN/2013/54057,2014-01-20,Hindi,Weekly,HIMANSHU CHHABRA,HIMANSHU CHHABRA,Uttarakhand,Dehradun
ACTION TODAY,UTTHIN/2024/90847,2025-06-11,Hindi,Fortnightly,HIMANSHU CHHABRA,HIMANSHU CHHABRA,Uttarakhand,Haridwar
ACTION VICHAR,72555,1999-12-29,Hindi,Weekly,RAJESH KUMAR SRIVASTAVA,RAJESH KUMAR SRIVASTAVA,Uttar Pradesh,Sultanpur
ACTIVE MANCH,UPHIN/26/A5297,2026-06-18,Hindi,Daily,RAJNI,RAJNI,Uttar Pradesh,Lucknow
ACTIVE MARATHI,MAHMUL/2023/90084,2024-11-12,MULTILINGUAL,Weekly,UMESH BABASAHEB SATHE,UMESH BABASAHEB SATHE,Maharashtra,Ahilyanagar
ACTIVE MEDIA,DELHIN/2007/24778,2008-07-23,Hindi,Weekly,MOHD. SIRAJUDDIN,JUSTICE FOR THE DEPRIVED,Delhi,New Delhi
ACTIVE NEWS,RAJHIN/2009/30397,2014-07-05,Hindi,Weekly,SHIV SHANKER SARDA,SHIV SHANKER SARDA,Rajasthan,Ganganagar
ACTIVE PATRIKA,MPHIN/2017/73517,2017-12-08,Hindi,Monthly,RANA KHAN,RANA KHAN,Madhya Pradesh,Bhopal
ACTIVE PATRIKA,MPHIN/2016/72055,2017-06-06,Hindi,Daily,RANA KHAN,RANA KHAN,Madhya Pradesh,Bhopal
ACTIVE PEN,MPHIN/2019/77423,2019-05-30,Hindi,Weekly,SHUBHAM SONI,SHUBHAM SONI,Madhya Pradesh,Bhopal
ACTIVE RAJASTHAN,RAJHIN/2015/63333,2015-07-20,Hindi,Weekly,SURENDRA KUMAR,SURENDRA KUMAR,Rajasthan,Hanumangarh
ACTIVE SANDESH,RAJHIN/2015/66985,2016-05-25,Hindi,Daily,VINKAL SINGLA,VINKAL SINGLA,Rajasthan,Ganganagar
ACTIVE SAPTAHIK,GUJGUJ/2015/69227,2016-11-09,Gujarati,Weekly,JAIMINIKUMAR KIRTIPRASAD THAKAR,JAIMINIKUMAR KIRTIPRASAD THAKAR,Gujarat,Surendranagar
ACTIVE TIMES,MAHENG/2015/63060,2015-07-03,English,Daily,Vijay Pandurang Chandwadkar,M.S. MEDIA & PUBLICATIONS PRIVATE LIMITED,Maharashtra,Mumbai Suburban
ACTUAL INDIA,UPHIN/2021/85807,2023-12-04,Hindi,Quarterly,PAWAN KUMAR,PAWAN KUMAR,Uttar Pradesh,Budaun
ACU HEALER,TNBIL/2015/62848,2015-06-23,"English, Tamil",Monthly,F.A.ABDUL NAZAR,F.A.ABDUL NAZAR,Tamil Nadu,Chennai
ACU VAIDHIYAR,TNBIL/2015/62509,2015-06-12,"English, Tamil",Monthly,F.A.ABDUL NAZAR,F.A.ABDUL NAZAR,Tamil Nadu,Chennai
AD ARCHITECTURAL DIGEST,MAHENG/2012/43454,2012-06-27,English,Bimonthly (Once in two months),Sonia Rishi Kapoor,CONDE NAST INDIA PRIVATE LIMITED,Maharashtra,Mumbai
AD VIEW,UPENG/1999/00279,2000-02-14,English,Weekly,DEVINDER BAISOYA,DEVINDER BAISOYA,Uttar Pradesh,Gautam Buddha Nagar
AD-PAC-MARKET,68243,1998-04-07,Gujarati,Weekly,Rekha Champakbhai Zaveri,Rekha Champakbhai Zaveri,Gujarat,Bhavnagar
ADAA TIMES,MAHBIL/2010/34713,2010-12-14,"URDU, Marathi",Daily,SABERA BEGUM MOHD. YOUSUF,SABERA BEGUM MOHD. YOUSUF,Maharashtra,Nanded
ADAAB CYBERABAD,TGTEL/26/A4985,2026-06-11,Telugu,Daily,BILLALPURSARA SHIVA KUMAR,BILLALPURSARA SHIVA KUMAR,Telangana,Medchal Malkajgiri
ADAB AADAAB,MPHIN/2017/73850,2018-04-18,Hindi,Monthly,IFTEKHAR AHMED,IFTEKHAR AHMED,Madhya Pradesh,Bhopal
ADAB AUR ZINDAGI,MPHIN/2020/79250,2021-01-14,Hindi,Monthly,ABID KHAN,ABID KHAN,Madhya Pradesh,Bhopal
ADAB AUR ZINDAGI,MPHIN/2022/85535,2023-10-12,Hindi,Quarterly,ABID KHAN,ABID KHAN,Madhya Pradesh,Bhopal
ADAB BHARAT,UPURD/2015/66792,2016-04-27,Urdu,Weekly,SIDDHI RANI,SIDDHI RANI,Uttar Pradesh,Kanpur Nagar
ADAB E HIND,UPURD/2013/52038,2013-09-17,Urdu,Daily,KAMRAN ASAD,KAMRAN ASAD,Uttar Pradesh,Lucknow
ADAB HARYANA,HARBIL/2022/82870,2022-11-22,"Hindi, Punjabi",Fortnightly,DIMPLE KUMAR,DIMPLE KUMAR,Haryana,Sirsa
ADAB INDIA,CHHURD/2016/67074,2016-05-25,Urdu,Daily,MOHD AZIZ ANWAR,MOHD AZIZ ANWAR,Chhattisgarh,Raipur
ADAB KHOJ,PUNPUN/2017/74085,2017-12-06,Punjabi,Annual,MADHU PRASHAR,"DEV SAMAJ COLLEGE FOR WOMEN, FEROZEPUR CITY",Punjab,Firozpur
ADAB KI RAAH,MPHIN/2021/83086,2023-01-13,Hindi,Monthly,GOPAL PRASAD SHARMA,GOPAL PRASAD SHARMA,Madhya Pradesh,Bhopal
ADAB KI RAAH,MPHIN/2023/91003,2025-06-26,Hindi,Weekly,GOPAL PRASAD SHARMA,GOPAL PRASAD SHARMA,Madhya Pradesh,Bhopal
ADAB SILSILA,DELURD/2016/67891,2016-07-19,Urdu,Quarterly,MOHD. SALEEM,MOHD.SALEEM,Delhi,New Delhi
ADAB TIMES,63495,1996-04-08,Urdu,Daily,TILAT RAZA RIZVI,TILAT RAZA RIZVI,Uttar Pradesh,Gonda
ADAB TIMES,UPURD/2008/23281,2008-03-18,Urdu,Daily,T.R. RIJVI,SMT. T.R. RIJVI,Uttar Pradesh,Lucknow
ADAB-E-LATIF,9578,1963-07-16,Urdu,Monthly,SHRI AFTAB AHMED,SHRI AFTAB AHMED,Uttar Pradesh,Jhansi
ADABI AKKAS,29725,1977-04-12,Urdu,Daily,SYED SHAH SAYEED UL HASAN QUADRI,SYED SHAH SAYEED UL HASAN QUADRI,Karnataka,Bidar
ADABI DUNIYA,JHAURD/2021/85230,2023-12-21,Urdu,Quarterly,MD DANISH AYAZ,MD DANISH AYAZ,Jharkhand,Ranchi
ADABI JAYEZA,UPURD/2015/63603,2015-08-05,Urdu,Weekly,MOHD. ASIM QIDWAI,MOHD. ASIM QIDWAI,Uttar Pradesh,Lucknow
ADABI KIRAN,RAJHIN/2013/52990,2014-06-02,Hindi,Monthly,YUSUF KHAN,YUSUF KHAN,Rajasthan,Hanumangarh
ADABI QUMQUME,MPURD/2019/78767,2020-06-05,Urdu,Monthly,WALI ULLAH YOUSUF ZAI,WALI ULLAH YOUSUFZAI,Madhya Pradesh,Bhopal
ADABI QUMQUME,MPURD/2022/85030,2024-04-04,Urdu,Monthly,WALI ULLAH YOUSUF ZAI,WALI ULLAH YOUSUFZAI,Madhya Pradesh,Guna
ADABI QUMQUME,MPHIN/2020/87203,2024-05-07,Hindi,Monthly,WALI ULLAH YOUSUF ZAI,WALI ULLAH YOUSUFZAI,Madhya Pradesh,Bhopal
ADABI QUMQUME,MPURD/2022/85113,2023-10-05,Urdu,Monthly,WALI ULLAH YOUSUF ZAI,WALI ULLAH YOUSUFZAI,Madhya Pradesh,Bhopal
ADABI ZAVIYE,UPURD/2019/77499,2019-06-17,Urdu,Monthly,DR. MOHD SALEEM,DR MOHD SALEEM,Uttar Pradesh,Prayagraj
ADABLOK PUNJAB,PBPUN/25/A3565,2025-10-29,Punjabi,Weekly,Karan Singh,Karan Singh,Punjab,Mansa
ADABNAMA,UPHIN/2014/63140,2015-07-09,Hindi,Quarterly,NASIR ALI NADEEM,NASIR ALI NADEEM,Uttar Pradesh,Jalaun
ADAHAN,UPHIN/2016/70154,2017-01-27,Hindi,Monthly,RAVI KANT,RAVIKANT,Uttar Pradesh,Lucknow
ADAL O INSAF,JKURD/2013/52278,2013-09-30,Urdu,Weekly,AJAZ AHMAD KHAN,AJAZ AHMAD KHAN,Jammu and Kashmir,Srinagar
ADALAT,63136,1996-02-08,GUJARATI,Weekly,Rawal Abhishek Jashvantbhai,Rawal Abhishek Jashvantbhai,Gujarat,Patan
ADALAT SAMVAD,JHAHIN/2016/75266,2018-05-21,Hindi,Monthly,RAM PUNIT CHOUDHARY,RAM PUNIT CHOUDHARY,Jharkhand,Dhanbad
ADALAT TIMES,MAHMAR/2017/75173,2018-05-10,Marathi,Weekly,PRAKASH RAMDAS LINGAYAT,PRAKASH RAMDAS LINGAYAT,Maharashtra,Jalgaon
ADAM JAGRUTI,MAHHIN/2002/07067,2002-07-02,Hindi,Monthly,KANTILAL P. JAIN,KANTILAL P. JAIN,Maharashtra,Mumbai
ADAM TIMES,APURD/2007/23171,2008-03-04,Urdu,Weekly,MOHD. AKBAR,MOHD. AKBAR,Andhra Pradesh,Hyderabad
ADAM TIMES,APURD/2012/48188,2013-02-21,Urdu,Daily,MOHD. AKBAR,MOHD. AKBAR,Andhra Pradesh,Hyderabad
ADAMBAKKAM NEWS,TNBIL/2016/68671,2016-09-08,"English, Tamil",Weekly,S. LAKSHMANAN,S.LAKSHMANAN,Tamil Nadu,Chennai
ADAMBAKKAM TIMES,TNENG/2018/75393,,English,Weekly,D. LOKESH,D.LOKESH,Tamil Nadu,Chennai
ADAMPUR MAIL,PUNPUN/2021/85508,2023-10-12,Punjabi,Monthly,AKSHARDEEP SHARMA,AKSHARDEEP SHARMA,Punjab,Jalandhar
ADAMYA,38287,1983-06-29,Hindi,Weekly,BHUPENDRA KUMAR DALAL,BHUPENDRA KUMAR,Madhya Pradesh,Ujjain
ADAMYA PATRIKE,KNBIL/26/A6769,2026-08-13,"Kannada, English",Monthly,Yashodha Manjunath Bammanakatti,Yashodha Manjunath Bammanakatti,Karnataka,Gadag
ADAMYA SUTRA,UAHIN/25/A2461,2025-09-09,Hindi,Weekly,Deepak khankriyal,Deepak khankriyal,Uttarakhand,Dehradun
ADAMYA VIDHA,52043,1991-01-09,Hindi,Weekly,SARALA DEVI JOSHI,SARALA DEVI JOSHI,Madhya Pradesh,Ujjain
ADARASINI,20927,1973-12-13,Telugu,Weekly,SRI A. ELIAIAH,A.ELLIAH,Andhra Pradesh,Chittoor
ADARSH BADLAPUR,MAHBIL/2010/31521,2010-03-19,"English, Marathi",Weekly,Anand Hari Damle,Anand Hari Damle,Maharashtra,Thane
ADARSH BHARAT,MAHMAR/2021/80956,2022-01-10,Marathi,Daily,AFSAR SAYYEDAHAMAD KARBHARI,AFSAR SAYYADAHMAD KARBHARI,Maharashtra,Latur
ADARSH BHUMI,GUJGUJ/2010/38483,2011-08-05,Gujarati,Weekly,DABHI MANSUKHBHAI MEGHAJIBHAI,DABHI MANSUKHBHAI MEGHAJIBHAI,Gujarat,Bhavnagar
ADARSH BRAMHAN,MAHHIN/2011/39177,2011-10-10,Hindi,Monthly,ARVIND B. TIWARI,ARVIND B. TIWARI,Maharashtra,Mumbai
ADARSH CHETNA,DELBIL/2017/74131,2017-12-11,"English, HINDI",Weekly,AMREESH TYAGI,AMREESH TYAGI,Delhi,New Delhi
ADARSH DHARA,MPHIN/2015/68244,2016-08-12,Hindi,Monthly,LOKESH SHAKYA,LOKESH,Madhya Pradesh,Bhopal
ADARSH DUNIYA,MPHIN/26/A6261,2026-07-30,Hindi,Weekly,MOHAMMAD MUDASSAR,MOHAMMAD MUDASSAR,Madhya Pradesh,Bhopal
ADARSH DUNIYA,MPHIN/2011/39735,2011-11-23,Hindi,Monthly,MOHAMAD MUDASAR,MOHAMAD MUDASAR,Madhya Pradesh,Bhopal
ADARSH GAGAN,MPHIN/2016/72858,2017-07-31,Hindi,Monthly,DEEPIKA YADAV,DEEPIKA YADAV,Madhya Pradesh,Bhopal
ADARSH GAVKARI,MAHMAR/2017/73842,2017-11-17,Marathi,Daily,AMBADAS AMBAJI MANKAPE PATIL,ADARSH MULTIMEDIA PVT. LTD.,Maharashtra,Chhatrapati Sambhaji Nagar
ADARSH GRAMEEN IMAGE,DELHIN/2012/46175,2012-11-05,Hindi,Monthly,PAWAN KUMAR,PAWAN KUMAR,Delhi,New Delhi
ADARSH GUJARAT,MAHGUJ/2012/46338,2012-11-12,Gujarati,Weekly,ARVIND BRAHMADEV TIWARI,ARVIND BRAHMADEV TIWARI,Maharashtra,Mumbai
ADARSH HIMACHAL,HPHIN/2017/70267,2017-01-27,Hindi,Weekly,DEVINDER SINGH,DEVINDER SINGH,Himachal Pradesh,Shimla
ADARSH HINDUSTAN,WBHIN/2012/41477,2012-04-12,Hindi,Daily,Md alamgir,MD ALAMGIR,West Bengal,North 24 Parganas
ADARSH HINDUSTAN,UPHIN/2023/88911,2024-09-13,HINDI,Daily,MD. ALAMGIR,MD. ALAMGIR,Uttar Pradesh,Prayagraj
ADARSH HINDUSTAN,DELHIN/2013/50473,2013-06-25,Hindi,Daily,MD. ALAMGIR,MD. ALAMGIR,Delhi,New Delhi
ADARSH HINDUSTAN,DELHIN/2015/61932,2015-05-15,Hindi,Monthly,MD. ALAMGIR,MD. ALAMGIR,Delhi,New Delhi
ADARSH HINDUSTAN,UTTHIN/2022/85583,2023-10-26,Hindi,Daily,MD. ALAMGIR,MD. ALAMGIR,Uttarakhand,Dehradun
ADARSH HINDUSTAN,BIHHIN/2009/27704,2009-05-18,Hindi,Daily,MD. ALAMGIR,MD. ALAMGIR,Bihar,Patna
ADARSH JALNA,MAHMAR/2021/83869,2023-04-20,Marathi,Weekly,NAJIM GULAB SAYYAD,NAJIM GULAB SAYYAD,Maharashtra,Jalna
ADARSH JANTA,MAHMAR/2015/61534,2015-04-24,Marathi,Weekly,NAMDEO BHAGWAN BARI,NAMDEO BHAGWAN BARI,Maharashtra,Dhule
ADARSH JANTA,GUJHIN/2017/73821,2017-11-15,Hindi,Weekly,SAROJ HITESH VISHWAKARMA,SAROJ HITESH VISWAKARMA,Gujarat,Surat
ADARSH JEEVAN,UPHIN/2012/43450,2012-06-27,Hindi,Daily,NAND KUMAR MISHRA,NAND KUMAR MISHRA,Uttar Pradesh,Gorakhpur
ADARSH JYOTI,47965,1989-07-19,Hindi,Daily,AVDHESH KUMAR MISHRA,AVDHESH KUMAR MISHRA,Uttar Pradesh,Sultanpur
ADARSH KALABURAGI,KARKAN/2022/83082,2022-12-29,Kannada,Daily,Rukmesh M Bhandari,RUKMESH M BHANDARI,Karnataka,Kalaburagi
ADARSH KALYAN MAIL,UPHIN/26/A1898,2026-03-24,Hindi,Monthly,sharmili,sharmili,Uttar Pradesh,Hardoi
ADARSH KALYAN MAIL,UPHIN/26/A5771,2026-07-08,Hindi,Daily,sharmili,sharmili,Uttar Pradesh,Hardoi
ADARSH KALYAN MAIL,UPHIN/2012/50621,2013-07-02,Hindi,Weekly,SHARMILI,sharmili,Uttar Pradesh,Shahjahanpur
ADARSH KALYAN MAIL,UAHIN/26/A6703,2026-08-12,Hindi,Daily,sharmili,sharmili,Uttarakhand,Haridwar
ADARSH KRANTI VARTA,MHMAR/26/A3693,2026-05-13,Marathi,Weekly,TATYA LAHU GAWALI,TATYA LAHU GAWALI,Maharashtra,Beed
ADARSH LEKHNI,MAHHIN/2018/75187,2018-05-10,Hindi,Weekly,SHAILENDRA DEVPRABHAKAR DWIVEDI,SHAILENDRA DEVPRABHAKAR DWIVEDI,Maharashtra,Raigad
ADARSH LOKTANTRA,MAHMAR/2013/54021,2014-01-15,Marathi,Weekly,NARAYAN KISANRAO MANE,NARAYAN KISANRAO MANE,Maharashtra,Jalna
ADARSH MADHYA PRADESH,MPHIN/2011/43545,2012-06-28,Hindi,Monthly,BHUPENDRA SHARMA,BHUPENDRA SHARMA,Madhya Pradesh,Gwalior
ADARSH MAHARASHTRA,MAHMAR/2010/37874,2011-06-16,Marathi,Daily,RAGHUNATH KISAN DHEKALE,ADARSH MAHARASHTRA PRAKASHAN (OPC) PVT. LTD.,Maharashtra,Mumbai
ADARSH MAHIMA,MPHIN/2012/43560,2012-06-28,Hindi,Weekly,RAJESH DUBEY,RAJESH DUBEY,Madhya Pradesh,Bhopal
ADARSH MANAV KA GYAN,MPHIN/2012/43482,2012-06-27,Hindi,Monthly,BHIM SINGH RAJPUT,BHIM SINGH RAJPUT,Madhya Pradesh,Bhopal
ADARSH MARG,KARBIL/2015/63582,2015-08-05,"Kannada, URDU",Fortnightly,PEER FAKRODDIN KODATI,PEER FAKRODDIN KODATI,Karnataka,Bagalkot
ADARSH MEDIA,MPHIN/2014/58977,2014-12-16,Hindi,Monthly,ANUPAMA SHARMA,ANUPAMA SHARMA,Madhya Pradesh,Bhopal
ADARSH NEPAL,MAHNEP/2012/45726,2012-10-15,Nepali,Weekly,ARVIND BRAHMADEV TIWARI,ARVIND BRAHMADEV TIWARI,Maharashtra,Mumbai
ADARSH NETRUTVA,MAHBIL/2019/78547,2020-03-11,"Marathi, Hindi",Weekly,DEEPAK RAGHO MORE,DEEPAK RAGHO MORE,Maharashtra,Buldhana
ADARSH NEWS,MHMAR/25/A3445,2025-10-27,Marathi,Weekly,UDHAV DATTATRAY CHATE,UDHAV DATTATRAY CHATE,Maharashtra,Parbhani
ADARSH NEWS,UPHIN/2010/31490,2010-03-19,Hindi,Weekly,SUNIL GUPTA,SUNIL GUPTA,Uttar Pradesh,Bulandshahr
ADARSH PANCHAYATI RAJ,DELHIN/2004/12655,2013-07-22,Hindi,Monthly,ASHOK PANDIT,ASHOK PANDIT,Delhi,New Delhi
ADARSH PANCHAYATI RAJ,UPHIN/2011/44798,2012-04-20,Hindi,Weekly,RAKESH KUMAR KASHYAP,RAKESH KUMAR KASHYAP,Uttar Pradesh,Saharanpur
ADARSH PARIVAR,33417,1977-10-24,Gujarati,Fortnightly,HITESH KANUBHAI DAVDA,HITESH KANUBHAI DAVDA,Gujarat,Rajkot
ADARSH PEDDAPALLI,TELTEL/2021/81095,2022-02-09,Telugu,Fortnightly,NARAYAN DAS TIWARI,NARAYANDAS TIWARI,Telangana,Peddapalli
ADARSH POLKHOL,MAHMAR/2017/72927,2017-08-03,Marathi,Weekly,NITESH RAJMAL UPADHYE,NITESH RAJMAL UPADHYE,Maharashtra,Beed
ADARSH PRADHAN,UPHIN/2014/57130,2014-09-11,HINDI,Monthly,Virendra Mehta,Ranjeet Gautam,Uttar Pradesh,Lucknow
ADARSH PUDHARI,57055,1993-12-28,Marathi,Weekly,SURYAPRAKASH SUKHLAL GUPTA,SURYAPRAKASH SUKHLAL GUPTA,Maharashtra,Jalna
ADARSH RAIGAD,MAHMAR/2021/81064,2022-02-01,Marathi,Fortnightly,RAMESH KONDIRAM SANAS,RAMESH KONDIRAM SANAS,Maharashtra,Thane
ADARSH RASHTRA,UPHIN/25/A4102,2025-11-19,Hindi,Daily,RAKESH KUMAR BATHAM,RAKESH KUMAR BATHAM,Uttar Pradesh,Jalaun
ADARSH SAHKAR,MAHMAR/2002/12870,2004-06-29,Marathi,Weekly,A.A. MANKAPE PATIL,A.A. MANKAPE PATIL,Maharashtra,Chhatrapati Sambhaji Nagar
ADARSH SAMVAD,UTTHIN/2023/86620,2024-02-29,Hindi,Weekly,RAMAN YADAV,RAMAN YADAV,Uttarakhand,Dehradun
ADARSH SATTA,UPHIN/2015/66571,2016-03-31,Hindi,Daily,VINOD GAUTAM,VINOD GAUTAM,Uttar Pradesh,Jalaun
ADARSH SATYANKIT KHABAREIN,UPHIN/2023/87421,2024-06-04,Hindi,Daily,RAM KAILASH,RAM KAILASH,Uttar Pradesh,Prayagraj
ADARSH SCHOLAR,UPBIL/26/A2094,2026-03-27,"Hindi, English",Monthly,RAJEEV KUMAR TRIPATHI,RAJEEV KUMAR TRIPATHI,Uttar Pradesh,Lucknow
ADARSH SHAKTI,RAJBIL/2013/54111,2014-01-21,"English, HINDI",Monthly,BHUPESH ADVANI,BHUPESH ADVANI,Rajasthan,Jodhpur
ADARSH SHIKHAR,GUJHIN/2016/68705,2016-09-09,Hindi,Monthly,DINESH VINALKANT TIWARI,DINESH VINALKANT TIWARI,Gujarat,Surat
ADARSH TODAY,DELHIN/2012/41935,2012-05-04,Hindi,Daily,AWADHESH KUMAR,AWADHESH KUMAR,Delhi,New Delhi
ADARSH UJALA,UPHIN/2020/79256,2021-01-14,Hindi,Weekly,MOHD. SAMI,MOHD SAMI,Uttar Pradesh,Bara Banki
ADARSH VARTAHAR,MAHMAR/2020/82673,2022-11-10,Marathi,Fortnightly,PANKAJKUMAR DHRUVA PATIL,PANKAJKUMAR DHRUVA PATIL,Maharashtra,Mumbai
ADARSH YOG PRADESH,MPHIN/2015/69611,2016-12-16,Hindi,Monthly,MAHESH AGRAWAL,MAHESH AGRAWAL,Madhya Pradesh,Bhopal
ADARSH YOG SANSAR,MPHIN/2020/79531,2021-02-25,Hindi,Monthly,APARNA AGRAWAL,APARNA AGRAWAL,Madhya Pradesh,Bhopal
ADARSHA DEEPIKA,APTEL/2013/50014,2013-05-29,Telugu,Fortnightly,G. PRASAD REDDY,G. PRASAD REDDY,Andhra Pradesh,Kurnool
ADARSHA TITUMEER PATRIKA,WBBEN/2010/31414,2010-03-17,Bengali,Fortnightly,DHRIMAL DUTTA,DHRIMAL DUTTA,West Bengal,North 24 Parganas
ADARSHA UPDATES,TGTEL/26/A6836,2026-08-14,Telugu,Daily,SAMA VENKANNA,SAMA VENKANNA,Telangana,Rangareddy
ADARSHDEEP TIMES,MPHIN/2017/76851,2019-02-15,Hindi,Monthly,ASHISH MALVIYA,ASHISH MALVIYA,Madhya Pradesh,Bhopal
ADARSHWANI,KARKAN/2015/65470,2016-01-07,Kannada,Fortnightly,LAKKAPPA B. KATTIKAR,LAKKAPPA B. KATTIKAR,Karnataka,Belgaum
ADBEE NASHEMAN,UPURD/2017/74845,2018-02-21,Urdu,Quarterly,AHMAD RASHIQ,AHMAD RASHIQ,Uttar Pradesh,Lucknow
ADBHUT AWAJ,MPHIN/2013/58231,2014-11-13,Hindi,Monthly,ANIL KUMAR SONI,ANIL KUMAR SONI,Madhya Pradesh,Bhopal
ADBHUT INDIA,DELHIN/2015/66526,2016-03-28,Hindi,Monthly,KALI SHANKAR,KALI SHANKAR,Delhi,New Delhi
ADBHUT KALAM,MPHIN/2023/89649,2024-10-16,HINDI,Weekly,NAVNEET JAIN,NAVNEET JAIN,Madhya Pradesh,Chhatarpur
ADBHUT NADIGE,KARKAN/2023/87432,2024-06-07,Kannada,Fortnightly,SHARANAPPA,SHARANAPPA,Karnataka,Koppal
ADBHUT RAJASTHAN,RAJHIN/2016/67648,2016-06-27,Hindi,Weekly,ACHAL DEEP SINGH,ACHAL DEEP SINGH,Rajasthan,Jaipur
ADBHUT SAMACHAR,UPHIN/2011/43806,2012-07-06,Hindi,Daily,ARTI PANDEY,ARTI PANDEY,Uttar Pradesh,Lucknow
ADBHUT SAMACHAR,UPHIN/2010/32566,2010-07-01,Hindi,Weekly,ARTI PANDEY,ARTI PANDEY,Uttar Pradesh,Lucknow
ADBHUT SANSAR,RAJHIN/2004/13815,2005-01-05,Hindi,Fortnightly,SWAROOP CHAND JAIN,SWAROOP CHAND JAIN,Rajasthan,Kota
ADBHUT SHAKTI,UPHIN/26/A6157,2026-07-25,Hindi,Monthly,Maya Rani,Maya Rani,Uttar Pradesh,Lucknow
ADBHUT TIMES,UPHIN/2006/18173,2007-01-12,Hindi,Weekly,BHAGWAT SINGH BISHT,BHAGWAT SINGH BISHT,Uttar Pradesh,Lucknow
ADBHUT TIMES,UPHIN/2007/20990,2007-09-03,Hindi,Daily,BHAGWAT SINGH BISHT,BHAGWAT SINGH BISHT,Uttar Pradesh,Lucknow
ADBHUT VIDHARBHA,MAHHIN/2022/81998,2022-09-05,Hindi,Daily,ONKAR VISHWANATH YENGAL,ONKAR VISHWANATH YENGAL,Maharashtra,Amravati
ADBI SAFAR,UPURD/2021/86077,2024-01-11,Urdu,Monthly,ASHRAFI SYED SHAFEEQUE AHMAAD,ASHRAFI SYED SHAFEEQUE AHMAAD,Uttar Pradesh,Lucknow
ADBI SITARE,9630,1964-01-01,Urdu,Fortnightly,SYED INDER ALI HOSHANI,SYED INDER ALI HOSHANI,Uttar Pradesh,Agra
ADBUTH JIVANMUKHI,KARKAN/2020/80451,2021-11-15,Kannada,Fortnightly,KIRANKUMAR BASANGOUDA PATIL,KIRANKUMAR BASANGOUDA PATIL,Karnataka,Belagavi
ADC BANK NEWS,GUJGUJ/2021/82903,2022-11-29,Gujarati,Monthly,MAULIK ASHOKBHAI BHATT,AHMEDABAD DISTRICT CO-OP BANK,Gujarat,Ahmedabad
ADDA INSIDER,UAHIN/25/A1906,2025-07-23,Hindi,Weekly,Pawan Kumar,Pawan Kumar,Uttarakhand,Dehradun
ADDAGAL VANI,KNKAN/25/A3704,2025-11-04,Kannada,Daily,Munivenkategowda N,Munivenkategowda N,Karnataka,Kolar
ADDAM,APTEL/2013/49077,2013-04-09,Telugu,Monthly,THALLAMALLA YADAGIRI,T.YADAGIRI,Andhra Pradesh,Nalgonda
ADDHURI LEKHANA,KARKAN/2016/71539,2017-05-11,Kannada,Monthly,M.L. CHANDRA SHEKAR,M.L.CHANDRA SHEKAR,Karnataka,Bengaluru
ADDHYATMIKA CHETANARA NAVA UNMESHA PRATISHRUTI,ODIODI/2015/65732,2016-01-21,Oriya,Quarterly,BHAGABAT PANDA,BHAGABAT PANDA,Odisha,Mayurbhanj
ADDITIONAL,UTTHIN/2008/26236,2008-11-27,Hindi,Weekly,SHYAM LAL GUPTA,SHYAMLAL GUPTA,Uttarakhand,Dehradun
ADEEB TIMES,TELENG/2014/56376,2014-08-01,English,Weekly,MOHAMMED ATHER,MOHAMMED ATHER,Telangana,Hyderabad
ADESH,14007,1967-05-18,Marathi,Weekly,VISHAL VARDHAMAN SHAHA,VISHAL VARDHAMAN SHAHA,Maharashtra,Satara
ADESH AHILYACHA,MAHMAR/2020/79661,2021-03-12,Marathi,Weekly,ISHWAR KRUSHNA HULWAN,ISHWAR KRUSHNA HULWAN,Maharashtra,Sangli
ADESH UNIVERSITY JOURNAL OF MEDICAL SCIENCES & RESEARCH,MAHENG/2020/79001,,English,Half Yearly,PRITESH SHETH,ADESH UNIVERSITY,Maharashtra,Mumbai
ADEXPRESS,45443,1986-09-09,"English, Tamil",Weekly,P. ANTONY,JAYASEELI BONNET,Puducherry,Puducherry
ADEXPRESS,45445,1986-06-27,,Weekly,JAYASEELI BONNET,JAYASEELI BONNET,Puducherry,Puducherry
ADHA SUCH ADHA ZUT,58682,1994-02-24,Hindi,Weekly,,,Madhya Pradesh,Gwalior
ADHAAR AKKALKOT,MHMAR/25/A0572,2025-05-28,Marathi,Weekly,Vishwanath Vasant Chavan,Vishwanath Vasant Chavan,Maharashtra,Solapur
ADHAM,MAHMAR/2015/67061,2016-05-26,Marathi,Weekly,MEGHRAJ RAJENDRA NALANDE,MEGHRAJ RAJENDRA NALANDE,Maharashtra,Pune
ADHAR,68550,2013-08-08,Gujarati,Weekly,AJAYSINH SURENDRASINH ZALA,AJAYSINH SURENDRASINH ZALA,Gujarat,Rajkot
ADHAR JAGAT,MPHIN/2011/38509,2011-08-10,Hindi,Quarterly,DHIRENDRA PAL,DHIRENDRA PAL,Madhya Pradesh,Bhopal
ADHAR PARICHAY,UPHIN/2014/62345,2015-06-02,Hindi,Fortnightly,DR. ASHISH KUMAR,DR. ASHISH KUMAR,Uttar Pradesh,Lucknow
ADHAR ZINDAGI KA,MPHIN/2017/77282,2019-05-01,Hindi,Weekly,RAJENDRA SHARMA,RAJENDRA SHARMA,Madhya Pradesh,Bhopal
ADHARM VINASHAK,MPHIN/26/A1642,2026-03-18,Hindi,Monthly,PAHALWAN SINGH RAJPUT,PAHALWAN SINGH RAJPUT,Madhya Pradesh,Bhopal
ADHARWAD,MAHMAR/2011/43505,2012-06-29,Marathi,Weekly,MOHD. SALIM SK.FARID,MOHD. SALIM SK. FARID,Maharashtra,Buldhana
ADHAYAPAKA LOKAM,20061,2013-01-24,"English, Malayalam",Monthly,HARIKRISHNAN K C,KERALA SCHOOL TEACHERS ASSOCIATION (KSTA),Kerala,Thiruvananthapuram
ADHBHUT AVTAR,MPHIN/2017/74954,2018-03-01,Hindi,Weekly,DEEPMALA DEWAKAR,DEEPMALA DEWAKAR,Madhya Pradesh,Gwalior
ADHEEKA SUDDI,KNKAN/26/A2421,2026-04-10,Kannada,Daily,JAPHET RAJ KADYAL,JAPHET RAJ KADYAL,Karnataka,Bidar
ADHIKAR,RAJHIN/2005/14774,2005-06-13,Hindi,Daily,VISHNU SHARMA ARUNESH,VISHNU SHARMA ARUNESH,Rajasthan,Bharatpur
ADHIKAR,RAJHIN/2005/14820,2005-06-17,Hindi,Daily,SHRI VISHNU SHARMA ARUNESH,SHRI VISHNU SHARMA ARUNESH,Rajasthan,Jhunjhunu
ADHIKAR,3611,1953-10-10,Hindi,Weekly,HARI SHANKAR UPADHYAYA,HARI SHANKER UPADHYAYA,Bihar,Saran
ADHIKAR,3530,1955-12-28,Hindi,Daily,VISHNU SHARMA ARUNESH,VISHNU SHARMA ARUNESH,Rajasthan,Jaipur
ADHIKAR AAMCHA,MAHMAR/2020/79830,2021-06-09,Marathi,Weekly,GAFFAR NAZIR SHAIKH,GAFFAR NAZIR SHAIKH,Maharashtra,Jalgaon
ADHIKAR AUR JUNG,GUJGUJ/2015/66866,2016-05-07,Gujarati,Weekly,PARMAR PRAMODBHAI ZAVERBHAI,PARMAR PRAMODBHAI ZAVERBHAI,Gujarat,Anand
ADHIKAR AUR SACH,MPHIN/26/A5440,2026-06-23,Hindi,Monthly,MOHAMMAD ZIYA UL HAQ,MOHAMMAD ZIYA UL HAQ,Madhya Pradesh,Bhopal
ADHIKAR KI AWAZ,RAJHIN/2014/59187,2014-12-24,Hindi,Monthly,ANITA,ANITA,Rajasthan,Ajmer
ADHIKAR KI LADAI,MPHIN/2015/65599,2016-01-12,Hindi,Monthly,SURESH KUMAR PUROHIT,SURESH KUMAR PUROHIT,Madhya Pradesh,Rajgarh
ADHIKAR NEWS EXPRESS,GUJGUJ/2014/56342,2014-07-30,Gujarati,Weekly,VISHAL G. THAKOR,VISHAL G.THAKOR,Gujarat,Gandhinagar
ADHIKAR PRERAK,MPHIN/2021/85039,2023-06-14,Hindi,Weekly,TEJKARAN CHOUHAN,TEJKARAN CHOUHAN,Madhya Pradesh,Shajapur
ADHIKAR SANGHARSH,MPHIN/2016/70760,2017-03-20,Hindi,Bimonthly (Once in two months),MOHAMMAD MUNIS KHAN,FAIZAN ALI,Madhya Pradesh,Bhopal
ADHIKAR TODAY,GUJGUJ/2011/38998,2011-09-23,Gujarati,Monthly,PATEL MAHESHKUMAR NARAYANBHAI,PATEL MAHESHKUMAR NARAYANBHAI,Gujarat,Gandhinagar
ADHIKAR VANI,KNKAN/26/A1911,2026-03-24,Kannada,Daily,Parashuram maillari pawar,Parashuram maillari pawar,Karnataka,Bellary
ADHIKAR VANI,KNKAN/26/A1825,2026-03-23,Kannada,Daily,Parashuram maillari pawar,Parashuram maillari pawar,Karnataka,Bagalkot
ADHIKAR VANI,71812,1999-10-05,Kannada,Daily,PARASHURAM M. PAWAR,PARASHURAM  M. PAWAR,Karnataka,Bijapur
ADHIKARA JYOTHI,APTEL/2014/59372,2014-12-31,Telugu,Fortnightly,MOOLI YALLAMA RAJU,MOOLI YALLAMA RAJU,Andhra Pradesh,Anantapur
ADHIKARA JYOTHI,APTEL/26/A2776,2026-04-27,Telugu,Daily,MOOLI YALLAMRAJU,MOOLI YALLAMRAJU,Andhra Pradesh,Ananthapuramu
ADHIKARACHA GAIRWAPAR,MHMAR/25/A1866,2025-07-17,Marathi,Weekly,Anil Narayan Dhale,Anil Narayan Dhale,Maharashtra,Chhatrapati Sambhaji Nagar
ADHIKARACHI WATCHAL,MHMAR/25/A0633,2025-05-29,Marathi,Daily,Ravindra Damodar Kamble,Ravindra Damodar Kamble,Maharashtra,Amravati
ADHIKARAM,APTEL/2016/69509,2016-12-05,Telugu,Monthly,S. BABA FAKRUDDIN,S. BABA FAKRUDDIN,Andhra Pradesh,Anantapur
ADHIKARI KI DUNIYA,48943,1991-09-16,Hindi,Weekly,,,,
ADHIKARI KI DUNIYA,54528,1992-03-06,Hindi,Weekly,GIRIRAJ BHARTI,GIRIRAJ BHARTI,Rajasthan,Udaipur
ADHIKARIGALA VARADI,KNKAN/25/A1286,2025-06-16,Kannada,Weekly,Ramesha N,Ramesha N,Karnataka,Bellary
ADHIKARIKA SPANDHANA,APTEL/25/A3661,2025-10-30,Telugu,Monthly,JALUMURU RAMAKRISHNA,JALUMURU RAMAKRISHNA,Andhra Pradesh,Visakhapatnam
ADHIKARNAMA,MAHMAR/2021/81369,,Marathi,Daily,NILESH BALU KIRATKAR,NILESH BALU KIRATKAR,Maharashtra,Akola
ADHIKARO MATE SANGHARSH,GJGUJ/25/A4208,2025-11-20,Gujarati,Weekly,Vora Niruben,Vora Niruben,Gujarat,Ahmedabad
ADHIKRUT NEWS,MAHMAR/2021/85531,2023-10-12,Marathi,Weekly,RAJENDRA NILKANTH SONAWANE,RAJENDRA NILKANTH SONAWANE,Maharashtra,Jalgaon
ADHIKTAM,MPHIN/2021/83944,2023-04-25,Hindi,Monthly,SHEEBA FATIMA,MADARSA ZEENAT-A-ILM,Madhya Pradesh,Bhopal
ADHIMAN PATRAKAR,MPHIN/2023/87726,2024-07-03,HINDI,Weekly,RAJESH  TANTRIK,RAJESH  TANTRIK,Madhya Pradesh,Chhindwara
ADHIMANYA KALAM,MPHIN/2017/72876,2017-08-04,Hindi,Daily,MOHAMMAD HAFEEZ KHAN,MOHAMMAD HAFEEZ KHAN,Madhya Pradesh,Chhatarpur
ADHINAYAK,71303,1999-08-04,Gujarati,Weekly,GAYATRI M.JOSHI,GAYATRI M.JOSHI,Gujarat,Rajkot
ADHINAYAK PATRA,RJHIN/26/A3402,2026-05-11,Hindi,Fortnightly,RAHUL SAINI,RAHUL SAINI,Rajasthan,Jaipur
ADHINAYAK TIMES,MAHHIN/2017/75656,2018-06-26,Hindi,Weekly,JAY RAJENDRA SINGH,JAY RAJENDRA SINGH,Maharashtra,Thane
ADHINAYAKA,KARKAN/2011/42086,2012-05-11,Kannada,Daily,K.S. GANESH,K.S. GANESH,Karnataka,Kolar
ADHINETA,APTEL/2010/30949,2010-02-16,Telugu,Monthly,KONATHALA MOHANA RAO,KONATHALA MOHANA RAO,Andhra Pradesh,Visakhapatnam
ADHIPATHI NEWSTIMES,TGTEL/25/A1818,2025-07-14,Telugu,Daily,CHUNARKAR MAHESH,CHUNARKAR MAHESH,Telangana,Kumuram Bheem Asifabad
ADHIPATI,MAHMAR/2020/79289,2021-02-02,Marathi,Weekly,RAMESH ELI GANGODAK,RAMESH ELI GANGODAK,Maharashtra,Jalna
ADHIRADI REPORT,TNTAM/2008/27039,2009-02-17,Tamil,Monthly,M.S. MD. ANWAR,M.S. MD. ANWAR,Tamil Nadu,Chennai
ADHIRADI SEITHI,TNTAM/2021/82058,2022-09-06,Tamil,Monthly,C. CHELLAPANDI,C.CHELLAPANDI,Tamil Nadu,Chennai
ADHIRAJ,UTTHIN/2013/52737,2013-10-23,Hindi,Weekly,RAJESH SHARMA,PREM FOUNDATION TRUST,Uttarakhand,Dehradun
ADHIRAJ YUG,MPHIN/2016/69596,2016-12-08,Hindi,Monthly,AKASH PATIL,AKASH PATIL,Madhya Pradesh,Bhopal
ADHIRAJYA,MAHMAR/2013/54813,2014-02-28,Marathi,Weekly,SAWANT BHALCHANDRA DATTATRAY,SAWANT BHALCHANDRA DATTATRAYA,Maharashtra,Ahilyanagar
ADHIRATN,MPHIN/2010/36937,2011-04-28,Hindi,Monthly,NEERAJ SAKALE,NEERAJ SAKALE,Madhya Pradesh,Bhopal
ADHIRUM ARASIYAL VISAARANAII,TNTAM/25/A4888,2025-12-08,Tamil,Monthly,BOOBALAN SENNIMALAI,BOOBALAN SENNIMALAI,Tamil Nadu,Namakkal
ADHISTANAM,APTEL/2014/57456,2014-09-23,Telugu,Daily,VAPPANGI NAGENDRARAO,VAPPANGI NAGENDRARAO,Andhra Pradesh,Srikakulam
ADHITHANAR MURASU,TNTAM/2015/73291,2017-09-21,Tamil,Monthly,GANESH.A,GANESH.A,Tamil Nadu,Chennai
ADHIVAKTA MANCH,UTTHIN/2012/43591,2012-06-30,Hindi,Weekly,RAJEEV TRIPATHI,RAJEEV TRIPATHI,Uttarakhand,Udham Singh Nagar
ADHIVAKTA MANCH,UPHIN/2010/31064,2010-02-23,Hindi,Weekly,SONI BAJPAYEE,SONI BAJPAI,Uttar Pradesh,Lucknow
ADHIVAKTA VANI,CHHBIL/2021/79731,2021-05-25,"English, HINDI",Monthly,ABHINAV SONI,ABHINAV SONI,Chhattisgarh,Raipur
ADHIVESHAN,MAHMAR/2021/80553,2021-11-29,Marathi,Fortnightly,MOHAMAD SABIR ANSARI,MOHAMAD SABIR  ANSARI,Maharashtra,Thane
ADHIYOGI,KARKAN/2018/76371,2018-11-15,Kannada,Monthly,M. AANANDA,M AANANDA,Karnataka,Bengaluru
ADHKSHYA NEWS,MHMAR/25/A4955,2025-12-10,Marathi,Weekly,Ankush Ramrao Atkare,Ankush Ramrao Atkare,Maharashtra,Beed
ADHOREKHIT,MAHMAR/2020/79457,2021-02-17,Marathi,Weekly,SANJAY JAGANNATH PATIL,SANJAY JAGANNATH PATIL,Maharashtra,Sangli
ADHOREKHIT BATMI,MHMAR/25/A1339,2025-06-20,Marathi,Weekly,VIVEKANAND VASANTRAO WADIKAR,VIVEKANAND VASANTRAO WADIKAR,Maharashtra,Latur
ADHUNIK AJMER,39710,1993-11-02,Hindi,Daily,SUSHMA AGARWAL,SUSHMA AGARWAL,Rajasthan,Ajmer
ADHUNIK ASOM,ASSASS/2015/61266,2015-04-15,Assamese,Weekly,AKBOR MOZUMDER,AKBOR MOZUMDER,Assam,Kamrup Metropolitan
ADHUNIK BAHUJAN SAMAJ,UPHIN/2010/33357,2013-03-22,Hindi,Weekly,MUKESH KUMAR DUBE,MUKESH KUMAR DUBEY,Uttar Pradesh,Lucknow
ADHUNIK CHINTAK,UPHIN/2015/75852,2018-08-09,Hindi,Quarterly,VIJAY KUMAR GAUD,VIJAY KUMAR GAUD,Uttar Pradesh,Lucknow
ADHUNIK DAUR,UPHIN/2015/68029,2016-08-03,Hindi,Monthly,G. R. BARUA,G R BARUA,Uttar Pradesh,Lucknow
ADHUNIK DUNIYA,UTTHIN/2014/59780,2015-01-27,Hindi,Weekly,KHOOB SINGH VIKAL,KHOOB SINGH VIKAL,Uttarakhand,Udham Singh Nagar
ADHUNIK GUJARAT,GUJHIN/2014/59013,2014-12-17,Hindi,Fortnightly,PRAKASH RIJHWANI,PRAKASH RIJHWANI,Gujarat,Surat
ADHUNIK JANTANTRA,UPHIN/25/A1192,2025-06-10,Hindi,Weekly,Somdutt Tripathi,Somdutt Tripathi,Uttar Pradesh,Ambedkar Nagar
ADHUNIK JANTANTRA,DELHIN/2022/81898,2022-08-29,Hindi,Daily,SOMDUTT TRIPATHI,SOMDUTT TRIPATHI,Delhi,New Delhi
ADHUNIK JANTANTRA,UPHIN/2024/90405,2024-12-30,HINDI,Daily,SOMDUTT TRIPATHI,SOMDUTT TRIPATHI,Uttar Pradesh,Pratapgarh
ADHUNIK KHABREIN,UPHIN/2014/61893,2015-05-11,Hindi,Daily,ANUPAM KUMAR VERMA,ANUPAM KUMAR VERMA,Uttar Pradesh,Bara Banki
ADHUNIK KHABREIN,UPHIN/2008/24761,2008-07-23,Hindi,Weekly,ANUPAM KUMAR VERMA,ANUPAM KUMAR VERMA,Uttar Pradesh,Bara Banki
ADHUNIK KISAN,MAHMAR/2012/42082,2012-05-11,Marathi,Weekly,VINOD SHAMRAO APSINGEKAR,VINOD SHAMRAO APSINGEKAR,Maharashtra,Chhatrapati Sambhaji Nagar
ADHUNIK KISAN,UPHIN/2015/65596,2016-01-12,Hindi,Quarterly,KAMAL SINGH MATHURIA,KAMAL SINGH MATHURIA,Uttar Pradesh,Agra
ADHUNIK MANDAKINI,ASSASS/2010/33371,2010-08-24,Assamese,Monthly,MS . RUNU HAZARIKA,RUNU HAZARIKA,Assam,Kamrup Metropolitan
ADHUNIK METROMEN,DELHIN/2014/59380,2015-01-02,Hindi,Daily,SANDEEP RAHI,SANDEEP RAHI,Delhi,New Delhi
ADHUNIK MUSAFIR,WBBEN/2009/29156,2009-10-12,Bengali,Quarterly,MEDHA CHATTERJEE,MEDHA CHATTERJEE,West Bengal,North 24 Parganas
ADHUNIK NARAD,44234,1984-10-13,Hindi,Weekly,KISHORI PD SINGH,KISHORI PRASAD SINGH,Bihar,Patna
ADHUNIK NEWS,GJGUJ/26/A4598,2026-06-03,Gujarati,Fortnightly,Gurjar Hareshkumar Kanaiyalal,Gurjar Hareshkumar Kanaiyalal,Gujarat,Ahmedabad
ADHUNIK PUSHKAR,RAJHIN/2018/75858,2018-08-16,Hindi,Fortnightly,PINKY KANWAR,PINKY KANWAR,Rajasthan,Ajmer
ADHUNIK RAJASTHAN,35155,1999-01-01,Hindi,Daily,TRILOK JAIN,TRILOK  JAIN,Rajasthan,Ajmer
ADHUNIK SAMACHAR,UPHIN/2012/41154,2012-03-15,Hindi,Weekly,DEEPAK ARORA,DEEPAK ARORA,Uttar Pradesh,Prayagraj
ADHUNIK SAMACHAR,UPHIN/2015/63398,2015-07-22,Hindi,Daily,DEEPAK ARORA,DEEPAK ARORA,Uttar Pradesh,Prayagraj
ADHUNIK SHIKSHAN,MHMAR/26/A1955,2026-03-25,Marathi,Monthly,RAKESH RAMESH KHOT,RAKESH RAMESH KHOT,Maharashtra,Chhatrapati Sambhaji Nagar
ADHUNIK TIMES,UPHIN/2007/19452,2014-07-14,Hindi,Monthly,GOVIND SINGH,M/S. ADHUNIK MEDIA PVT. LTD.,Uttar Pradesh,Gautam Buddha Nagar
ADHUNIK TRISHAK DISHAAYEN,CHHHIN/2021/79980,2021-07-15,Hindi,Bimonthly (Once in two months),HASNEN ALAM,HASNEN ALAM,Chhattisgarh,Surguja
ADHUNIK UTTARAKHAND,UTTHIN/2017/74608,2018-02-09,Hindi,Weekly,RAJESH RATURI,RAJESH RATURI,Uttarakhand,Dehradun
ADHUNIK VATAVARAN,54624,1999-09-21,Hindi,Fortnightly,YOGESH CHAND SHARMA,YOGESH CHAND SHARMA,Rajasthan,Ajmer
ADHUNIK VICHARANCHE VARTMAN,MAHMAR/2018/76928,2019-03-05,Marathi,Weekly,BHAGIRATH GAURISHANKAR TODKARI,BHAGIRATH GAURISHANKAR TODKARI,Maharashtra,Beed
ADHUNIK VIPALAV,UPHIN/2008/26334,2008-12-01,Hindi,Monthly,JITENDRA KUMAR GAURAV,JITENDRA KUMAR GAURAV,Uttar Pradesh,Gorakhpur
ADHURI BAAT,UPHIN/2014/57462,2014-09-23,Hindi,Weekly,JITENDER MISHRA,JITENDER MISHRA,Uttar Pradesh,Sultanpur
ADHURI KAHANI,MPMUL/2016/66180,2016-02-17,"English, Urdu, Hindi",Monthly,MOHAMMAD MUNIS KHAN,MOHAMMAD MUNIS KHAN,Madhya Pradesh,Bhopal
ADHYA BHARATI,KNKAN/25/A0372,2025-05-22,Kannada,Daily,shivakumar,shivakumar,Karnataka,Raichur
ADHYAKSHA EXPRESS,MAHMAR/2016/70724,2017-03-16,Marathi,Weekly,MANIK YASHWANT JADHAV,MANIK YASHWANT JADHAV,Maharashtra,Ahilyanagar
ADHYAN NEWS,UAHIN/25/A3166,2025-10-13,Hindi,Monthly,pradeep kumar,pradeep kumar,Uttarakhand,Dehradun
ADHYAPAK KI AWAJ,MPHIN/2009/27705,2009-05-15,Hindi,Monthly,KANCHAN DANGE,KANCHAN DANGE,Madhya Pradesh,Vidisha
ADHYAPAK SAMAJ,10107,1965-01-01,"English, Punjabi, Hindi",Quarterly,VED PRAKASH,ADHYAPAK SAMAJ,Punjab,Barnala
ADHYAPAKA SABDAM,KERMAL/2006/17208,2006-09-14,Malayalam,Monthly,T.S. SALIM,KERALA PRADESH SCHOOL TEACHERS ASSOCIATION,Kerala,Thiruvananthapuram
ADHYAPAKLOKAM,36009,1980-05-30,,Monthly,,,,
ADHYATAM JAGAT,UTTHIN/2011/41784,2012-04-27,Hindi,Fortnightly,DEVRAJ,DEVRAJ,Uttarakhand,Haridwar
ADHYATAM JAGAT,58516,1994-06-22,Hindi,Weekly,DEV RAJ,DEV RAJ,Uttar Pradesh,Muzaffarnagar
ADHYATAM JAGAT,UTTHIN/2007/23503,2009-08-06,Hindi,Weekly,DEVRAJ,DEVRAJ,Uttarakhand,Haridwar
ADHYATHMA RAHASYA,KARKAN/2013/72559,2017-07-24,Kannada,Monthly,S. SATHISH KUMAR,S. SATHISH KUMAR,Karnataka,Udupi
ADHYATHMIKA AVADHUTHA,APTEL/2016/69520,2016-12-06,Telugu,Monthly,AKKURTHI ANANDA REDDY,AKKURTHI ANANDA REDDY,Andhra Pradesh,Chittoor
ADHYATM VISHV,DELHIN/2012/42720,2012-05-30,Hindi,Monthly,KANCHAN GUPTA,KANCHAN GUPTA,Delhi,New Delhi
ADHYATMA PATH,DELMUL/2006/18533,2007-02-05,"English, Santhali, Hindi",Monthly,CHANDRASHAKHER SHASTRI,CHANDRASHAKHER SHASTRI,Delhi,New Delhi
ADHYATMA PRAKASH,WBHIN/2009/28915,2009-09-14,Hindi,Quarterly,PREM CHAND PARSURAMKA,MAHARSHI MENHI CHARITABLE,West Bengal,North 24 Parganas
ADHYATMA PRAKASHA,13244,1967-01-09,Kannada,Monthly,Ravi,ADHVATMA PRAKASH KARYALAYA,Karnataka,Hassan
ADHYATMA SAMBANDH,MPHIN/2004/16942,2006-07-20,Hindi,Monthly,R.K.GUPTA,R.K. GUPTA,Madhya Pradesh,Bhopal
ADHYATMA VIDHYA SUDA,APTEL/25/A2630,2025-09-18,Telugu,Monthly,MALAGI VIDYANIDHI ACHAR,MALAGI VIDYANIDHI ACHAR,Andhra Pradesh,Y.S.R.
ADHYATMAJYOTHY,APTEL/25/A2977,2025-10-06,Telugu,Bimonthly (Once in two months),PARAYANAM SURESWARA SHARMA,PARAYANAM SURESWARA SHARMA,Andhra Pradesh,Ananthapuramu
ADHYATMIK KRANTI,UPHIN/2015/65952,2016-02-02,Hindi,Monthly,KAMLA KANT AWASTHI,KAMLA KANT AWASTHI,Uttar Pradesh,Lucknow
ADHYATMIK PARAMPARA,MPHIN/2020/86175,2024-01-22,Hindi,Monthly,MITHILESH KUMAR MISHRA,MITHILESH KUMAR MISHRA,Madhya Pradesh,Bhopal
ADHYATMIK VYAPAR SARITA,MAHMAR/2007/20202,2007-06-21,Marathi,Weekly,ANIL SHAMRAO APATE,ANIL SHAMRAO APATE,Maharashtra,Sangli
ADHYATMIKA LEKHINI,APTEL/2018/75959,2018-08-31,Telugu,Bimonthly (Once in two months),GURUJU RAJA SEKHAR,GURUJU RAJA SEKHAR,Andhra Pradesh,West Godavari
ADHYAYAN BHARTI,9121,1963-10-10,English,Weekly,MANOHARLAL JIWANDHAR JAIN,MANOHARLAL JIWANDHAR JAIN,Maharashtra,Wardha
ADHYAYAN SAMACHAR,MAHBIL/2014/57624,2014-10-10,"Marathi, Hindi",Weekly,JITENDRA GULABRAO RODE,JITENDRA GULABRAO RODE,Maharashtra,Amravati
ADHYEPAK,14470,1961-01-01,Marathi,Monthly,S.C. WALIMBE,S. C. WALIMBE,Maharashtra,Ahilyanagar
ADHYETA CONTEMPLATION,DLBIL/26/A1135,2026-02-17,"English, Hindi",Quarterly,AMRITA SHILPI,CENTRE FOR ADVANCED RESEARCH ON DEVELOPMENT AND CHANGE,Delhi,North West Delhi
ADI AUR ANT,MPHIN/1999/03864,2001-06-08,Hindi,Weekly,VIPIN NATHANIYAL,VIPIN NATHANIYAL,Madhya Pradesh,Bhopal
ADI CHUNCHANAGIRI,36722,1984-04-06,Kannada,Monthly,NIRMALANANDANATHA SWAMIJI,PRESIDENT ADICHUNCHANAGIRI  SHIKSHANA TRUST,Karnataka,Bengaluru
ADI DHARAM PATRIKA,PUNBIL/2013/49741,2013-05-17,"Hindi, Punjabi",Monthly,SATWINDERJIT SINGH HIRA,ADI- DHARM MISSION INDIA,Punjab,Shahid Bhagat Singh Nagar
ADI KAILASH NEWS EXPRESS,UAHIN/25/A1076,2025-06-05,Hindi,Fortnightly,Sunita Budiyal,Sunita Budiyal,Uttarakhand,Dehradun
ADI MANAV,66107,1997-10-06,Marathi,Daily,RATNAMALA BAPURAO YEOLE,D.N. PISE,Maharashtra,Chandrapur
ADI MANAV,57050,1993-12-23,Marathi,Weekly,RATNAMALA BAPURAO YEOLE,DADARAO NAJOJI PISE,Maharashtra,Chandrapur
ADI PARVAM,APTEL/25/A4587,2025-12-02,Telugu,Monthly,ARDHANI NARENDRA VARMA,ARDHANI NARENDRA VARMA,Andhra Pradesh,Visakhapatnam
ADI SHANKARACHARYA SAMIKSHA,UTTHIN/2014/58727,2014-12-05,Hindi,Monthly,RUDRESH GHILDIYAL,RUDRESH GHILDIYAL,Uttarakhand,Dehradun
ADIBA TIMES,67991,1998-03-31,Hindi,Weekly,QAMAR MOHAMMED KHAN,QAMAR MOHAMMED KHAN,Madhya Pradesh,Bhopal
ADIG SAMRAT,UPHIN/2013/59937,2015-01-30,Hindi,Weekly,OM PRAKASH VERMA,OM PRAKASH VERMA,Uttar Pradesh,Lakhimpur Kheri
ADIJATI SANDESH,GUJGUJ/2002/07266,2002-07-17,Gujarati,Weekly,CHOTHARAM KHIMAJI MALI,CHOTHARAM KHIMAJI MALI,Gujarat,Navsari
ADIKAL KI DUNIYA,UPHIN/25/A4640,2025-12-03,Hindi,Monthly,Sonakshi Prajapati,Sonakshi Prajapati,Uttar Pradesh,Lucknow
ADIKARA DAHA,KNKAN/26/A1662,2026-03-18,Kannada,Daily,MANJUNATH,MANJUNATH,Karnataka,Koppal
ADIKE PATHRIKE,45582,1989-01-25,KANNADA,Monthly,RAMAKRISHNA SHASTRY P.,M/S. FARMER FIRST TRUST,Karnataka,Dakshina Kannada
ADIKHAM GUJARAT,GUJGUJ/2014/59615,2015-01-16,Gujarati,Weekly,PANDYA RAKESH B.,PANDYA RAKESH B.,Gujarat,Ahmedabad
ADILABAD HINDI DAILY,APHIN/2009/29553,2009-11-17,Hindi,Daily,SANDESH B. BHARADWAJ,SANDESH B. BHARADWAJ,Andhra Pradesh,Adilabad
ADILEELA VANI,DELMUL/2020/79045,2020-11-09,"English, Telugu, Hindi",Monthly,S. LEELAVATI,S LEELAVATI,Delhi,New Delhi
ADILOK,GUJGUJ/2009/28125,2009-07-02,Gujarati,Bimonthly (Once in two months),VINAYAK JADAV,THE ADILOK SOCIETY,Gujarat,Ahmedabad
ADIM JANJEEVAN,70948,1999-06-14,Marathi,Weekly,PANDURANG R. KSHIRSAGAR,PANDURANG R. KSHIRSAGAR,Maharashtra,Amravati
ADIM KAIWARI,66126,1996-08-14,"Marathi, Hindi",Weekly,AHMAD KHAN BISMILLA KHAN,AHMAD KHAN BISMILLA KHAN,Maharashtra,Amravati
ADIM KOLI WARTA,MAHMAR/2016/68331,2016-08-17,Marathi,Weekly,GAJANAN SANDU JADHAV,JADHAV GAJANAN SANDU,Maharashtra,Chhatrapati Sambhaji Nagar
ADIMA LIVING TIMES,KNBIL/26/A3555,2026-05-12,"Kannada, English",Monthly,R DURGA,R DURGA,Karnataka,Kolar
ADIPATHI,APTEL/2004/14136,2005-03-16,Telugu,Fortnightly,MANGALAPURI VENKATESWARLU,MANGALAPURI VENKATESWARLU,Andhra Pradesh,Sri Potti Sriramulu Nellore
ADIPRAVA,ODIODI/2016/68681,2016-09-09,Oriya,Daily,PRAFULLA KUMAR MARTHA,BISWA RANJAN BEHERA,Odisha,Nayagarh
ADIPUR TODAY,GUJGUJ/2023/87121,2024-04-30,Gujarati,Monthly,GOSWAMI PRAKASHPURI RANCHODPURI,GOSWAMI PRAKASHPURI RANCHODPURI,Gujarat,Kutch
ADIRA,UPBIL/2023/86220,2024-01-31,"English, HINDI",Monthly,RAHUL VERMA,RAHUL VERMA,Uttar Pradesh,Lucknow
ADIRAI EXPRESS,TNTAM/2015/66085,2016-02-08,Tamil,Monthly,A. HASSAN,A.HASSAN,Tamil Nadu,Chennai
ADIRAJ NEWS,MHMAR/26/A1942,2026-03-25,Marathi,Weekly,RAJRATAN DILIP DHIVARE,RAJRATAN DILIP DHIVARE,Maharashtra,Dhule
ADITHYA TIMES,KNKAN/25/A4066,2025-11-19,Kannada,Daily,NAGARATHNA V,NAGARATHNA V,Karnataka,Ramanagara
ADITI EXPRESS,MHMAR/25/A1409,2025-06-25,Marathi,Daily,GANGADHAR ABHANG DIGOLE,GANGADHAR ABHANG DIGOLE,Maharashtra,Latur
ADITI NEWS,UPHIN/2021/80820,2021-12-28,Hindi,Weekly,BHOLA SINGH,BHOLA SINGH,Uttar Pradesh,Lakhimpur Kheri
ADITI SAMVAD,MPHIN/2014/60699,2015-03-10,Hindi,Monthly,ANIL KUMAR PANDEY,ANIL KUMAR PANDEY,Madhya Pradesh,Bhopal
ADITI SANKALP,MPHIN/2022/86110,2024-01-16,Hindi,Monthly,VIKRAM ADITYA,VIKRAM ADITYA,Madhya Pradesh,Bhopal
ADITI TODAY,MPHIN/2011/43035,2012-06-19,Hindi,Weekly,AARTI PAWAIYA,AARTI PAWAIYA,Madhya Pradesh,Bhopal
ADITIYA KI KALAM,MPHIN/2022/85082,2023-06-23,Hindi,Weekly,NEHA YOGI,NEHA YOGI,Madhya Pradesh,Bhopal
ADITTI KI KALAM,MPHIN/2021/82569,2022-10-26,Hindi,Daily,SANTOSH YOGI,SANTOSH YOGI,Madhya Pradesh,Bhopal
ADITYA,APTEL/2000/04943,2001-10-06,Telugu,Fortnightly,ARROJHVALA PRABHAKAR SHARMA,ARROJHVALA PRABHAKAR SHARMA,Telangana,Karimnagar
ADITYA BHARAT,DLHIN/25/A3662,2025-10-30,Hindi,Daily,DEEPAK BUDANA,DEEPAK BUDANA,Delhi,New Delhi
ADITYA BHARAT,MPHIN/2015/63660,2015-08-07,Hindi,Daily,DEEPAK BUDANA,DEEPAK BUDANA,Madhya Pradesh,Bhopal
ADITYA BHARAT,CTHIN/25/A1423,2025-06-26,Hindi,Daily,DEEPAK BUDANA,DEEPAK BUDANA,Chhattisgarh,Bilaspur
ADITYA BHARAT,CHHHIN/2018/76773,2019-01-28,Hindi,Daily,DEEPAK BUDANA,DEEPAK BUDANA,Chhattisgarh,Raipur
ADITYA BHARAT,MPHIN/2014/56594,2014-08-16,Hindi,Daily,DEEPAK BUDANA,DEEPAK BUDANA,Madhya Pradesh,Indore
ADITYA BHARAT,CTHIN/25/A4799,2025-12-05,Hindi,Daily,DEEPAK BUDANA,DEEPAK BUDANA,Chhattisgarh,Rajnandgaon
ADITYA BHARAT,RJHIN/26/A6072,2026-07-25,Hindi,Daily,DEEPAK BUDANA,DEEPAK BUDANA,Rajasthan,Jaipur
ADITYA BULLETIN,UTTHIN/2016/70930,2017-04-12,Hindi,Daily,MANJU GUSAIN,MANJU GUSAIN,Uttarakhand,Dehradun
ADITYA BULLETIN,UTTHIN/2011/38198,2011-07-07,Hindi,Weekly,MANJU GUSAI,MANJU GUSAI,Uttarakhand,Dehradun
ADITYA BULLETIN,UTTHIN/2016/70928,2017-04-12,Hindi,Weekly,MANJU GUSAIN,MANJU GUSAIN,Uttarakhand,Udham Singh Nagar
ADITYA DHARANA,MPHIN/2015/62596,2015-06-15,Hindi,Monthly,K.N. SHRIVASTAVA,K.N. SHRIVASTAVA,Madhya Pradesh,Gwalior
ADITYA DOOT,MPHIN/2013/52556,2013-10-11,Hindi,Monthly,RACHNA SHRIVASTAVA,RACHNA SHRIVASTAVA,Madhya Pradesh,Gwalior
ADITYA EXPRESS,MPHIN/2012/46503,2012-11-20,Hindi,Daily,SATENDRA KUMAR SHARMA,SATENDRA KUMAR SHARMA,Madhya Pradesh,Morena
ADITYA EXPRESS,MPHIN/25/A5286,2025-12-19,Hindi,Daily,satyendra kumar sharma,satyendra kumar sharma,Madhya Pradesh,Shivpuri
ADITYA EXPRESS,MPHIN/2022/85718,2023-11-10,HINDI,Daily,SATYENDRA KUMAR SHARMA,SATYENDRA KUMAR SHARMA,Madhya Pradesh,Sheopur
ADITYA EXPRESS,RJHIN/25/A0388,2025-05-23,Hindi,Daily,satyendra kumar sharma,satyendra kumar sharma,Rajasthan,Dhaulpur
ADITYA GYAN,MPHIN/25/A1100,2025-06-06,Hindi,Monthly,KIRAN GARG,KIRAN GARG,Madhya Pradesh,Bhopal
ADITYA HRIDAYAM NEWS,APTEL/25/A1156,2025-06-06,Telugu,Weekly,Manepalli Mallikarjuna Rao,Manepalli Mallikarjuna Rao,Andhra Pradesh,Krishna
ADITYA JYOTI,MPBIL/2019/85078,2023-06-21,Hindi,Daily,ANIL KUMAR DUBEY,ANIL KUMAR DUBEY,Madhya Pradesh,Sagar
ADITYA KA PRAYAAS,MPHIN/2009/35814,2011-02-18,Hindi,Monthly,ADITYA UPADHAYAY,ADITYA UPADHAYAY,Madhya Pradesh,Indore
ADITYA KI AWAZ,MPHIN/2007/23208,2008-03-12,Hindi,Weekly,KUMAR SACHIN NEEMA,KUMAR SACHIN NEEMA,Madhya Pradesh,Indore
ADITYA KIRAN,MPHIN/2012/43817,2012-07-09,Hindi,Monthly,ASHISH DUBEY,ASHISH DUBEY,Madhya Pradesh,Rewa
ADITYA KIRAN,MPHIN/2017/73307,2017-09-13,Hindi,Monthly,ASHISH DUBEY,ASHISH DUBEY,Madhya Pradesh,Bhopal
ADITYA LOOK,MPHIN/2016/67975,2016-07-28,Hindi,Weekly,PARVEEN MAHESHWARI,PARVEEN HAMESHWARI,Madhya Pradesh,Gwalior
ADITYA MAIL,66394,1997-08-08,Hindi,Weekly,RADHA KRISHNA DUBEY,RADHA KRISHNA DUBEY,Uttar Pradesh,Kushinagar
ADITYA NAYAN,DELHIN/2017/73181,2017-09-12,Hindi,Monthly,ASHOK KUMAR,ASHOK KUMAR,Delhi,New Delhi
ADITYA NEWS,UPHIN/2017/71680,2017-05-18,Hindi,Weekly,AMARNATH YADAV,AMARNATH YADAV,Uttar Pradesh,Azamgarh
ADITYA ODISHA,ORORI/25/A1983,2025-07-29,Oriya,Weekly,SUNIL KUMAR DAS,SUNIL KUMAR DAS,Odisha,Khordha
ADITYA PRAHAR,MPHIN/2016/69629,2016-12-16,Hindi,Monthly,DHARMENDRA SHARMA,DHARMENDRA SHARMA,Madhya Pradesh,Gwalior
ADITYA PRAKASH,MPBIL/2006/19862,2007-05-25,"English, HINDI",Weekly,DR. SHREENATH SHARMA,DR.SREENATH SHARMA,Madhya Pradesh,Morena
ADITYA RAJASTHAN,RAJHIN/2006/19507,2007-05-07,Hindi,Fortnightly,SANJEEV KUMAR BANSAL,SANJEEV KUMAR BANSAL,Rajasthan,Hanumangarh
ADITYA RATAN SAPTAAHIK,MPHIN/26/A2701,2026-04-17,Hindi,Weekly,BHANU PRAKASH SHARMA,BHANU PRAKASH SHARMA,Madhya Pradesh,Datia
ADITYA SAMAY,CHHHIN/2015/64912,2015-11-27,Hindi,Daily,RAJKUMAR TIWARI,RAJKUMAR TIWARI,Chhattisgarh,Surguja
ADITYA SANSKRATI,MPHIN/26/A2684,2026-04-17,Hindi,Monthly,BHANU PRAKASH SHARMA,BHANU PRAKASH SHARMA,Madhya Pradesh,Datia
ADITYA SATYA,UPHIN/2015/61209,2015-04-10,Hindi,Weekly,ADITYA YADAV,ADITYA YADAV,Uttar Pradesh,Saharanpur
ADITYA SAURAB,56336,1994-11-11,Hindi,Fortnightly,BHANVAR SINGH,BHANVAR SINGH,Rajasthan,Jaipur
ADITYA UDAY,MPHIN/2011/42819,2012-06-13,Hindi,Fortnightly,SHEELA SOLANKI,SHEELA SOLANKI,Madhya Pradesh,Bhopal
ADITYA UJJAIN,MPHIN/2023/88053,2024-07-18,HINDI,Weekly,SATYANARAYAN KALODIYA BANTI,SATYANARAYAN KALODIYA BANTI,Madhya Pradesh,Ujjain
ADITYA VAIBHAV,JHHIN/26/A5076,2026-06-15,Hindi,Monthly,BINAY KUMAR TIWARI,BINAY KUMAR TIWARI,Jharkhand,Bokaro
ADITYA VANI,MPHIN/2012/41875,2012-05-01,Hindi,Weekly,ADITYA BAJPAI,ADITYA BAJPAI,Madhya Pradesh,Bhopal
ADITYA VANI,CTHIN/26/A3784,2026-05-15,Hindi,Monthly,ADITYA BAJPAI,ADITYA BAJPAI,Chhattisgarh,Raipur
ADITYA VIBHOR,UPHIN/2020/78946,2020-09-04,Hindi,Daily (Monday To Saturday),SACHIN TYAGI,SACHIN TYAGI,Uttar Pradesh,Ghaziabad
ADITYA YASH,CTHIN/26/A3925,2026-05-20,Hindi,Monthly,SHOBHA YADAVA,SHOBHA YADAVA,Chhattisgarh,Raipur
ADITYAVANI,KARKA/1999/02397,2000-11-11,Kannada,Daily,SRI KRISHNA,SRI KRISHNA,Karnataka,Tumkur
ADIVAASI BATMIPATRA,MHMAR/25/A4402,2025-11-27,Marathi,Weekly,MANDAN BHAIDAS BHIL,MANDAN BHAIDAS BHIL,Maharashtra,Nandurbar
ADIVASHI LOK VARTA,JHHIN/26/A5385,2026-06-22,Hindi,Daily,Arvind Tudu,Arvind Tudu,Jharkhand,Hazaribagh
ADIVASI AAHAT,MPHIN/2018/76564,2018-12-21,Hindi,Bimonthly (Once in two months),JYOTI  KATARA,JYOTI  KATARA,Madhya Pradesh,Jabalpur
ADIVASI ANCHAL,CHHHIN/2015/67220,2016-06-03,Hindi,Monthly,PREM KUMAR,PREM KUMAR,Chhattisgarh,Jashpur
ADIVASI AWAZ,MAHMAR/2006/22947,2008-02-18,Marathi,Weekly,MAHADU SHANKAR GAVIT,MAHADU SHANKAR GAVIT,Maharashtra,Nandurbar
ADIVASI GARJANE,KARKAN/2015/64539,2015-11-05,Kannada,Monthly,Y.K.HALAPETI,Y.K.HALAPETI,Karnataka,Dharwad
ADIVASI GUJARAT,GUJMUL/2017/74892,2018-02-22,"English, Gujarati, Hindi",Half Yearly,DR. RAJENDRABHAI KHIMANI,DR. RAJENDRABHAI KHIMANI,Gujarat,Ahmedabad
ADIVASI KI GATHA,MPHIN/2015/61498,2015-04-24,Hindi,Monthly,SANTOSH VERMA,SANTOSH VERMA,Madhya Pradesh,Bhopal
ADIVASI KRANTI,GUJGUJ/2021/89253,2024-09-30,GUJARATI,Weekly,KAMLESHBHAI SHIVABHAI GAMIT,KAMLESHBHAI SHIVABHAI GAMIT,Gujarat,Tapi
ADIVASI LAKSHYA,DELHIN/2008/25949,2008-10-17,Hindi,Monthly,SUNIL KUMAR KASHYAP,SUNIL KUMAR KASHYAP,Delhi,New Delhi
ADIVASI SAMRAT,MAHMAR/2013/48906,2013-04-01,Marathi,Weekly,GANPAT JANU WARGADA,GANPAT JANU WARGADA,Maharashtra,Raigad
ADIVASI TIMES,30950,1976-06-25,Hindi,Weekly,WAHID RASUL ANSARI,WAHID RASUL ANSARI,Madhya Pradesh,Ratlam
ADIVASI TIMES,GUJGUJ/2015/63373,2015-07-24,Gujarati,Weekly,HARESHBHAI KARSHANBHAI PARMAR,HARESHBHAI KARSHANBHAI PARMAR,Gujarat,Bhavnagar
ADIVASI VICHARDHARA,MAHMAR/2016/72786,2017-07-28,Marathi,Weekly,PRITI RAVINDRA TALPE,PRITI RAVINDRA TALPE,Maharashtra,Pune
ADIWASHI DHADKAN,MPHIN/2019/78732,2020-06-02,Hindi,Monthly,SACHENDRA KUMAR JAIN,SACHENDRA KUMAR JAIN,Madhya Pradesh,Sagar
ADIWASI EXPRESS,CHHHIN/2023/87629,2024-06-25,HINDI,Daily,SAROJ CHOUDHARY,SAROJ CHOUDHARY,Chhattisgarh,Raipur
ADIWASI EXPRESS,CTHIN/26/A5548,2026-06-29,Hindi,Daily,Saroj choudhary,Saroj choudhary,Chhattisgarh,Bilaspur
ADIWASI EXPRESS,DELHIN/2013/53875,2014-01-06,Hindi,Daily,SAROJ CHOUDHARY,SAROJ CHOUDHARY,Delhi,New Delhi
ADIWASI EXPRESS,49065,2012-11-05,Hindi,Daily,SAROJ CHOUDHARY,SAROJ CHOUDHARY,Jharkhand,Ranchi
ADIWASI GARJANA,39859,1981-03-19,BILINGUAL,Weekly,RAJU SADASHIVRAO JUMDE,RAJU SADASHIVRAO JUMDE,Maharashtra,Nagpur
ADIWASI JAGAR,MAHMAR/2018/75662,2018-06-26,Marathi,Quarterly,KHUSHBU AJIJ TADAVI,KHUSHBU AJIJ TADAVI,Maharashtra,Jalgaon
ADIWASI TAPAL,27549,1975-12-01,Gujarati,Monthly,SOMJI BHAI DAMOR,GUJARAT ADIWASI VIKAS PARISHAD,Gujarat,Dahod
ADIWASI VARTA,MAHBIL/2005/16869,2006-07-13,"Marathi, Hindi",Weekly,SHEKHAR  GYANDAS  LASUNTE,S.G.LASUNTE,Maharashtra,Nagpur
ADIWASI VISION,MPHIN/2014/65863,2016-02-01,Hindi,Quarterly,NEELAM SINGH UIKEY,NEELAM SINGH UIKEY,Madhya Pradesh,Bhopal
ADMIAT,10029,1964-01-01,Urdu,Weekly,BANARSI DASS RANCHAN,BANARSI DASS RANCHAN,Punjab,Jalandhar
ADMIRABLE SOCIETY,MPHIN/2021/85675,2023-11-08,Hindi,Quarterly,MANSOOR ASAD,ADMIRABLE EDUCATION SOCIETY,Madhya Pradesh,Bhopal
ADN STAR NEWS,HARHIN/2018/75094,2018-05-07,Hindi,Daily,ABHI VASHISHT,ADN STAR LIVE NEWS LLP COMPANY,Haryana,Kurukshetra
ADNAAN KA SACH,UPURD/2007/21886,2007-11-27,Urdu,Weekly,SAYYED MEHANDI HASAN,SAYYED MEHANDI HASAN,Uttar Pradesh,Lucknow
ADOLE,PUNPUN/2021/85584,2023-10-26,Punjabi,Monthly,PARAMJIT SINGH,PARAMJIT SINGH,Punjab,Patiala
ADOMANIA,UPBIL/2009/31847,2010-04-08,"English, HINDI",Weekly,NITIN SAXENA,NITIN SAXENA,Uttar Pradesh,Hardoi
ADSAH,APURD/2006/17491,2006-10-18,Urdu,Daily,MIR FAROOQ ALI,MIR FAROOQ ALI,Andhra Pradesh,Hyderabad
ADSMORE,KARENG/2013/49819,2013-05-24,English,Weekly,KUMAR A N,MANJUNATHA SWAMY .M.V.,Karnataka,Bengaluru
ADUNIKA CHANUKYA,APTEL/25/A2522,2025-09-15,Telugu,Monthly,OTTIKONDA REDDY SEKHAR,OTTIKONDA REDDY SEKHAR,Andhra Pradesh,Chittoor
ADUSUMILLI VIJAYA INTERNATIONAL JOURNAL OF ENGINEERING AND TECHNOLOGY INNOVATIONS,TELENG/2017/72407,2017-06-23,English,Monthly,ADUSUMILLI MURALI KRISHNA PRASAD,ADUSUMILLI VIJAYA COLLEGE OF ENGINEERING AND RESEARCH CENTRE,Telangana,Rangareddy
ADUTHA THALAIMURAI,TNTAM/2022/82060,2022-09-08,Tamil,Monthly,V KARTHIK,V KARTHIK,Tamil Nadu,Chennai
ADVAIT HINDUSTAN,UTTHIN/2016/68542,2016-09-05,Hindi,Weekly,SANJAY SHARMA,SANJAY SHARMA,Uttarakhand,Udham Singh Nagar
ADVAITA CHINTANA,KARKAN/2015/64885,2015-11-20,Kannada,Monthly,RAVI N. DESHPANDE,ADVAITI PRABODHAK SANGH,Karnataka,Dharwad
ADVAITHASRAMAM SATHSANGAM,KERMAL/2016/69153,2016-11-11,Malayalam,Monthly,Swami Chidananda Puri,SRI SANKARA CHARITABLE TRUST,Kerala,Kozhikode
ADVANCE CAREER,UPHIN/2016/71424,2017-05-03,Hindi,Monthly,DEEPAK KUMAR MISHRA,DEEPAK KUMAR MISHRA,Uttar Pradesh,Prayagraj
ADVANCE DRUG RECKONER,UPBIL/2012/71060,2017-04-17,"English, HINDI",Quarterly,BREJESH KUMAR GARG HUF,BRIJESH GARG HUF,Uttar Pradesh,Bulandshahr
ADVANCE IN EDUCATION,11012,1965-01-01,English,Quarterly,DR. A.S. PATEL,CENTRE OF ADVANCED STUDY IN EDUCATION,Gujarat,Vadodara
ADVANCE INDIA,MPHIN/2008/25663,2008-09-22,Hindi,Monthly,DHARMENDRA SHUKLA,DHARMENDRA SHUKLA,Madhya Pradesh,Indore
ADVANCE NEWS,GUJGUJ/2014/55263,2014-04-11,Gujarati,Daily,SHAHENAZ J. MALEK,SHAHENAZ J. MALEK,Gujarat,Ahmedabad
ADVANCE RESEARCH JOURNAL OF CROP IMPROVEMENT,UPENG/2011/37255,2011-05-13,English,Half Yearly,DR. R. K. SINGH,DR. R.K.SINGH,Uttar Pradesh,Muzaffarnagar
ADVANCE RESEARCH JOURNAL OF SOCIAL SCIENCE,UPENG/2010/37541,2011-05-26,English,Half Yearly,RAKESH KUMAR SINGH,RAKESH KUMAR SINGH,Uttar Pradesh,Muzaffarnagar
ADVANCED COMPUTING AND COMMUNICATIONS,KARENG/2018/75976,2018-09-12,English,Quarterly,NAGAPPA RAMAMURTHY,ADVANCED COMPUTING AND COMMUNICATIONS SOCIETY,Karnataka,Bengaluru
ADVANCED VISION,KARENG/2016/69864,2017-01-05,English,Monthly,KODUR VENKATESH,KODUR VENKATESH,Karnataka,Bengaluru
ADVANCEDGE MASTERING BUSINESS ACUMEN,MAHENG/2003/11493,2003-12-23,English,Monthly,KAMLESH B SAJNI,"IMS LEARNING RESOURCES PVT.LTD.,",Maharashtra,Mumbai
ADVANCEMENTS IN HOMEOPATHIC RESEARCH,DELENG/2016/68364,2016-08-18,English,Quarterly,ANUJ ARORA,ANUJ ARORA,Delhi,New Delhi
ADVANCES IN APPLIED RESEARCH,TNENG/2010/34059,2010-10-20,English,Half Yearly,R. NANDINI,R. NANDINI,Tamil Nadu,Coimbatore
ADVANTAGE KARNATAKA,KARENG/2014/57767,2014-10-16,English,Monthly,SUNNY JEROME,SUNNY JEROME,Karnataka,Bengaluru
ADVANTAGE NEWS,UPHIN/2013/51757,2013-09-03,Hindi,Monthly,UMA SHANKAR,UMA SHANKAR,Uttar Pradesh,Lucknow
ADVENTURE & WILDLIFE,KARENG/2016/69034,2016-10-24,English,Bimonthly (Once in two months),K.R. NARASIMHA SHASTRY,K R NARASIMHA SHASTRY,Karnataka,Bengaluru
ADVENTURE TIMES,GUJGUJ/2011/39892,2011-12-08,Gujarati,Weekly,RANJITSINH RAGHURAJSINH JHALA,RANJITSINH RAGHURAJSINH JHALA,Gujarat,Surendranagar
ADVERTISEMENT-N-ADVERTISEMENT,57354,2009-12-23,Hindi,Daily,AKSHAT JAIN,AKSHAT JAIN,Delhi,New Delhi
ADVICE,23948,1973-02-26,URDU,Daily,Seema Gupta,Seema Gupta,Jammu and Kashmir,Jammu
ADVICK PATRA,MPBIL/2023/90079,2024-11-19,BILINGUAL,Weekly,RENU RAJE,RENU RAJE,Madhya Pradesh,Bhopal
ADVIK NUDI,KNKAN/26/A1009,2026-02-10,Kannada,Daily,Manjunath Dodamani,Manjunath Dodamani,Karnataka,Bagalkot
ADVIK SANCHAY,UPHIN/26/A4001,2026-05-21,Hindi,Monthly,Kanchan Kumari,Kanchan Kumari,Uttar Pradesh,Lucknow
ADVIKA DARSH,UPHIN/25/A5036,2025-12-10,Hindi,Monthly,Deepti Tiwari,Deepti Tiwari,Uttar Pradesh,Lucknow
ADVISER,KARKAN/2001/05064,2001-08-30,Kannada,Monthly,C.BASAVARAJU,C.BASAVARAJU,Karnataka,Mandya
ADVISHA TIMES,CTMUL/26/A6022,2026-07-25,"Hindi, English, Marathi",Monthly,Shreyas Khare,Shreyas Khare,Chhattisgarh,Raipur
ADVISOR,13572,1967-05-10,Hindi,Fortnightly,GIRJA SHANKAR DUBEY,GIRJA SHANKER DUBE,Uttar Pradesh,Jhansi
ADVISOR,PUNPUN/2005/15356,2009-12-02,Punjabi,Monthly,JHARMAL SINGH,JHARMAL SINGH,Punjab,Jalandhar
ADVISOR AIM,UPHIN/2003/9442,2003-10-03,Hindi,Fortnightly,PRADEEP KUMAR TRIPATHI,PRADEEP KUMAR TRIPATHI,Uttar Pradesh,Kanpur Nagar
ADVITEEY LEKH,UPHIN/25/A2660,2025-09-18,Hindi,Monthly,Sandhya Kanaujia,Sandhya Kanaujia,Uttar Pradesh,Lucknow
ADVITIYA BHARAT,DELHIN/2023/87572,2024-06-20,HINDI,Daily,TUSHAR MISHRA,TUSHAR MISHRA,Delhi,New Delhi
ADVITIYA BHARAT,HRHIN/26/A6616,2026-08-10,Hindi,Daily,Tushar Mishra,Tushar Mishra,Haryana,Sonipat
ADVITYA SAMACHAR,UTTHIN/2012/48209,2013-08-01,Hindi,Weekly,DEVENDRA RANA,DEVENDRA RANA,Uttarakhand,Dehradun
ADVOCACY,APBIL/2014/56517,2014-08-13,"English, Telugu",Monthly,GODAVARTHI SRIMANNARAYANA,GODAVARTHI SRIMANNARAYANA,Andhra Pradesh,Visakhapatnam
ADVOCATE CHAMBER,UPHIN/2023/84331,2023-05-18,Hindi,Monthly,KUMKUM SHUKLA,KUMKUM SHUKLA,Uttar Pradesh,Shahjahanpur
ADVOCATE DAIRIES,CHENG/26/A3768,2026-05-15,English,Weekly,Gurinder singh,Gurinder singh,Chandigarh,Chandigarh
ADVOCATE FRIEND,KARBIL/2021/86062,2024-01-11,"English, Kannada",Monthly,DR.B.RAMACHARY,CITIZENS LAW FORUM REGISTERED,Karnataka,Bengaluru
ADVOCATE LAW EXPRESS,TELENG/2021/88068,2024-07-18,ENGLISH,Weekly,MD. SHAH ALAM JAVID,MD. SHAH ALAM JAVID,Telangana,Hyderabad
ADVOCATE MIRROR,TNTAM/25/A2775,2025-09-22,Tamil,Fortnightly,PARTHIPAN V,PARTHIPAN V,Tamil Nadu,Tirunelveli
ADVOCATE POST,PUNENG/2013/52349,2013-10-04,English,Annual,RAJIV NARANG,RAJIV NARANG,Punjab,Fazilka
ADVOCATE POST,PUNENG/2013/49705,2013-05-15,English,Monthly,RAJIV NARANG,RAJIV NARANG,Punjab,Fazilka
ADVOCATE TALK,TNTAM/2021/81162,2022-03-22,Tamil,Monthly,M. RAVISANKAR,M. RAVISANKAR,Tamil Nadu,Chennai
ADVOCATE TIMES,PONMUL/2017/76165,2018-10-08,"English, Tamil, Hindi",Daily,DEVAKRISHNAN K.,DEVAKRISHNAN K,Puducherry,Puducherry
ADVOCATE VIDHIK NEWS,UPBIL/2016/71240,2017-04-24,"English, HINDI",Weekly,ISHVAR DAYAL BAGHEL,ISHVAR DAYAL BAGHEL,Uttar Pradesh,Lucknow
ADVOCATES VOICE,TNBIL/2015/60631,2015-03-05,"English, Tamil",Monthly,ABDUL RAHMAN,ABDUL RAHMAN,Tamil Nadu,Chennai
ADWAIT BHARAT,ORORI/25/A3710,2025-11-04,Oriya,Daily,Anasuya Samal,SHAKSI WORLD ASSOCIATION CHARITABLE TRUST,Odisha,Khordha
ADWAIT SANDESH,UPHIN/2015/66152,2016-02-15,Hindi,Weekly,SAVITRI DEVI,SAVITRI DEVI,Uttar Pradesh,Kanpur Nagar
ADWAITHA SAKARAM,TGTEL/25/A1031,2025-06-04,Telugu,Daily,Velupula Pranay Bhaskar,Velupula Pranay Bhaskar,Telangana,Warangal
ADWITIYA BHARAT,UPHIN/25/A1390,2025-06-24,Hindi,Monthly,Sushama Pathak,Sushama Pathak,Uttar Pradesh,Lucknow
ADWITIYA BHARAT,UPHIN/2009/28566,2009-08-04,Hindi,Weekly,SUSHMA PATHAK,SUSHMA PATHAK,Uttar Pradesh,Lucknow
ADWITIYA BHARAT,UPHIN/26/A6257,2026-07-29,Hindi,Daily,Sushama Pathak,Sushama Pathak,Uttar Pradesh,Lucknow
ADYA PEATH MATRIPUJA,34914,2013-09-27,Bengali,Monthly,BRAHMACHARI RETIN BHAI,DAKSHINSWAR RAMAKRISHNA SANGHA,West Bengal,Kolkata
ADYAR DREAMS,TNENG/2016/74998,2018-03-07,English,Fortnightly,K.R. GANESAN,K.R.GANESAN,Tamil Nadu,Chennai
ADYAR MAIL,TNENG/2022/82490,2022-10-21,English,Weekly,JANAKAN J P,JANAKAN J P,Tamil Nadu,Chennai
ADYAR NEWSLETTER,5627,1960-08-04,English,Quarterly,Shikhar Agnihotri,"THE THEOSOPHICAL SOCIETY, ADYAR, MADRAS",Tamil Nadu,Chennai
ADYAR OSAI,TNTAM/2016/68722,2016-09-14,Tamil,Weekly,N. SUNDARAM,N.SUNDARAM,Tamil Nadu,Chennai
ADYAR TALK,TNBIL/2004/13948,2005-02-21,"English, Tamil",Weekly,T. R. JAWAHAR,"M/S. TALK MEDIA PVT. LTD.,",Tamil Nadu,Chennai
ADYAR TIMES,67948,2013-06-07,ENGLISH,Weekly,ARJUN MARK JANAKAN,ARJUN MARK JANAKAN,Tamil Nadu,Chennai
ADYAR TODAY,TNBIL/2016/67097,2016-05-27,"English, Tamil",Weekly,P. SASIKUMAR,P.SASIKUMAR,Tamil Nadu,Chennai
ADYASHA LIVE,ORORI/25/A0506,2025-05-27,Oriya,Daily,Debabrata Behera,Debabrata Behera,Odisha,Khordha
ADYATAN,UPHIN/2001/06149,2002-03-04,Hindi,Weekly,SHWETA KUMARI,SHWETA  KUMARI,Uttar Pradesh,Lucknow
ADYATAN,UPHIN/2018/90596,2025-04-03,Hindi,Monthly,SHWETA KUMARI,SHWETA KUMARI,Uttar Pradesh,Lucknow
ADYATAN PARIDRISHYA,DELBIL/2016/69698,2016-12-23,"English, HINDI",Monthly,ANEEL DWIVEDI,ANEEL DWIVEDI,Delhi,New Delhi
ADYATMIKA VANI,APTEL/2016/69003,2016-10-20,Telugu,Monthly,BODDEPALLI GIRI BABU,BODDEPALLI GIRI BABU,Andhra Pradesh,Visakhapatnam
ADYOGIK KRISHI,38169,1979-01-25,Hindi,Fortnightly,BHAVAR SINGH SOLANKI,BHANWAR SINGH SOLANKI,Rajasthan,Kota
AE KON CHHE,66678,2011-03-31,Gujarati,Weekly,BHARATIBEN BHARATBHAI CHAUHAN,BHARATIBEN BHARATBHAI CHAUHAN,Gujarat,Junagadh
AEI PARIBESH PARISTHITI,WBBEN/2002/07052,2002-07-01,Bengali,Fortnightly,MINATI PATRA,MINATI PATRA,West Bengal,Bankura
AEI YUG AEI SAMAY,WBBEN/2012/49822,2013-05-22,Bengali,Twice a week,DIPAK NAYAK,DIPAK NAYAK,West Bengal,Hooghly
AERATOR,ASSBIL/2021/80798,2021-12-21,"English, HINDI",Monthly,DR. KRISHNA K PRASAD,DR KRISHNA K PRASAD,Assam,Kamrup Metropolitan
AERO AND DEFENCE IN FOCUS,UPENG/2022/88169,2024-08-02,ENGLISH,Bimonthly (Once in two months),NITESH GAUTAM,NITESH GAUTAM,Uttar Pradesh,Ghaziabad
AEROMAG-ASIA,KARENG/2008/26436,2009-04-02,English,Bimonthly (Once in two months),SUNNY JEROME,SUNNY JEROME,Karnataka,Bengaluru
AES JOURNAL OF ARCHAEOLOGY AND EPIGRAPHY,RAJBIL/2022/81880,2022-08-26,"English, HINDI",Annual,PROF. B.L. BHADANI,ARCHAEOLOGY AND EPIGRAPHY SOCIETY BIKANER,Rajasthan,Bikaner
AESTHETIC UPDATES,MPHIN/25/A1677,2025-07-04,Hindi,Daily,RITESH BATHAM,RITESH BATHAM,Madhya Pradesh,Bhopal
AEYA GAZITTE,21885,1972-02-17,Hindi,Weekly,DURGA DASS,DURGA DASS,Delhi,New Delhi
AFAQ SRINAGAR,43732,1985-11-15,Urdu,Daily,MOHD. YUSUF QADRI,MOHD. YUSUF QADRI,Jammu and Kashmir,Srinagar
AFAQS ! REPORTER,DELENG/2010/33542,2012-10-08,English,Fortnightly,SREEKANT KHANDEKAR,M/S. BANYAN NETFAQS PVT. LTD.,Delhi,New Delhi
AFFIDAVIT,40284,1982-10-01,Hindi,Weekly,SHOEB AHMAD,SHOEB AHMAD,Uttar Pradesh,Gorakhpur
AFFIDAVIT,DLHIN/26/A5830,2026-07-16,Hindi,Monthly,SHOEB AHMAD,SHOEB AHMAD,Delhi,West Delhi
AFIARI TIMES,MPHIN/2016/69998,2017-01-17,Hindi,Monthly,ASHAFAK,ASHAFAK,Madhya Pradesh,Bhopal
AFKAR,47483,1988-05-09,Hindi,Daily,ABDUL WAHID,SULTAN KURESHI,Madhya Pradesh,Bhopal
AFKAR E ALIYA,UPURD/2014/56616,2014-08-19,Urdu,Quarterly,MAZHAR AHSAN AZHARI,MAZHAR AHSAN AZHARI,Uttar Pradesh,Mau
AFRO ASIAI SANDESH,15313,1992-06-23,Hindi,Weekly,BAJRANG BAHADUR SRIVASTAV,AFROASIAI PRAKASHAN SAMITI,Uttar Pradesh,Lakhimpur Kheri
AFROASIAI SANDESH,55804,1992-06-23,Hindi,Daily,ANIL SHUKLA,AFROASIAI PRAKASHAN SAMITI,Uttar Pradesh,Lakhimpur Kheri
AFROASIAN SANDESH,59690,1995-01-12,Urdu,Weekly,ANIL KUMAR SHUKLA,AFROASIAI PRAKASHAN SAMITI,Uttar Pradesh,Lakhimpur Kheri
AFSANA,PUNPUN/2001/11254,2003-11-20,Punjabi,Monthly,GURMEET SINGH,GURMEET SINGH,Punjab,Ludhiana
AFSOS,MPHIN/2015/65869,2016-02-01,Hindi,Weekly,PRADEEP BHATNAGAR,PRADEEP BHATNAGAR,Madhya Pradesh,Bhopal
AFTAAB E WILAYAT,MAHURD/2019/78196,2019-11-29,Urdu,Annual,SYED MOHAMMED QAISER,KAMELAH TRUST,Maharashtra,Thane
AFTAAB E WILAYAT,MAHENG/2021/84285,2023-05-12,English,Annual,SYED MOHAMMED QAISER,KAMELAH TRUST,Maharashtra,Thane
AFTAB,12943,1967-06-05,Urdu,Daily,GULAM MOHAMAD MIZ,GULAM MOHAMAD MIZ,Jammu and Kashmir,Srinagar
AFTAB E AHSAS,MAHURD/2017/72771,2017-07-28,Urdu,Half Yearly,SHAIKH ALEEMUDDIN ABHUL RASHEED,SHAIKH ALEEMUDDIN ABHUL RASHEED,Maharashtra,Nashik
AFTAB E AWADH,UPURD/2010/36109,2011-03-11,Urdu,Daily,PUSHPA AGNIHOTRI,PUSHPA AGNIHOTRI,Uttar Pradesh,Lucknow
AFTAB E AWADH,UPHIN/2016/71416,2017-05-04,Hindi,Daily,PUSHPA AGNIHOTRI,PUSHPA AGNIHOTRI,Uttar Pradesh,Lucknow
AFTAB E BHOPAL,MPURD/2011/44161,2012-07-19,Urdu,Daily,NAVED KHAN,NAVED KHAN,Madhya Pradesh,Bhopal
AFTAB E BHOPAL,MPURD/2019/85290,2023-08-23,Urdu,Monthly,NAVED KHAN,NAVED KHAN,Madhya Pradesh,Bhopal
AFTAB E HIND,DELHIN/2010/34920,2010-12-28,Hindi,Weekly,M.J. ANSARI,M.J. ANSARI,Delhi,New Delhi
AFTAB E HIND,UPURD/2014/58108,2014-11-11,Urdu,Daily,M. J. ANSARI,M. J. ANSARI,Uttar Pradesh,Gorakhpur
AFTAB E HIND,DELURD/2006/19290,2007-04-19,Urdu,Daily,M.J. ANSARI,M.J. ANSARI,Delhi,New Delhi
AFTAB E SEHAR,UPURD/2014/55993,2014-06-24,Urdu,Daily,ADITYA SHARMA,ADITYA SHARMA,Uttar Pradesh,Kanpur Nagar
AFTAB E WATAN,UTTURD/2011/39079,2011-10-05,Urdu,Daily,MONU VERMA,MONU VERMA,Uttarakhand,Dehradun
AFTAB TIMES,UPHIN/2010/34297,2010-11-15,Hindi,Fortnightly,MOHD. FAROOQ KHAN,MOHD. FAROOQ KHAN,Uttar Pradesh,Gonda
AFTAB TIMES,UPHIN/2013/51399,2013-08-13,HINDI,Daily,MOHD FAROOQ KHAN,MOHD FAROOQ KHAN,Uttar Pradesh,Gonda
AFTAB-E-HIDAYAT,UTTHIN/2006/18539,2007-02-06,Hindi,Quarterly,SYED ASHARAF HUSAIN KADARI,SYED ASHARAF HUSAIN KADARI,Uttarakhand,Dehradun
AFTER BRAKE,DELHIN/2006/16722,2010-03-08,Hindi,Weekly,MANISH KUMAR SINHA,MANISH KUMAR SINHA,Delhi,New Delhi
AFTER SCHOOL,DELENG/2012/40548,2012-01-30,English,Monthly,RASHMI LUTHRA,RASHMI LUTHRA,Delhi,New Delhi
AFTERNOON,30540,1978-11-06,English,Daily,M N SUDHAN,M N SUDHAN,Tamil Nadu,Coimbatore
AFTERNOON VOICE,MAHENG/2009/29332,2011-03-09,English,Daily,VAIDEHI SACHIN SRIVASTAV,NEWSMAKERS PUBLICATIONS PVT. LTD.,Maharashtra,Mumbai
AFWAHA,MPHIN/2011/40578,2012-01-30,Hindi,Monthly,SAMEER SHAHNI,SAMEER SHAHNI,Madhya Pradesh,Bhopal
AFZAL EXPRESS,DELURD/2015/61583,2015-04-27,Urdu,Weekly,AFZAL KHAN,AFZAL KHAN,Delhi,New Delhi
AGA CHUDAR,TNTAM/2004/14792,2012-10-19,Tamil,Monthly,A.V. KUMARESAN,AGAMUDAIYAR EDUCATIONAL UPLIFT ASSOCIATION,Tamil Nadu,Chennai
AGAAZ E CHANDAN,MPHIN/2012/43110,2013-09-02,Hindi,Daily,ARSHAD KHAN,ARSHAD KHAN,Madhya Pradesh,Indore
AGAAZ E CHANDAN,MPHIN/2014/55342,2014-04-16,Hindi,Daily,ARSHAD KHAN,ARSHAD KHAN,Madhya Pradesh,Bhopal
AGAAZ E CHANDAN,MPHIN/2013/52457,2013-10-08,Hindi,Daily,ARSHAD KHAN,ARSHAD KHAN,Madhya Pradesh,Indore
AGAAZ E JUNG,UPURD/2014/55535,2014-05-06,Urdu,Daily,SABA JAMEEL,SABA JAMEEL,Uttar Pradesh,Lucknow
AGAAZ E WATAN,MPHIN/2016/69176,2016-11-09,Hindi,Monthly,ABDUL QUADIR,ABDUL QUADIR,Madhya Pradesh,Bhopal
AGAAZ KESARI,RAJHIN/2010/31211,2013-06-03,Hindi,Fortnightly,SUNIL SHARMA,SUNIL SHARMA,Rajasthan,Jaipur
AGAJ,UTTHIN/2002/10014,2003-02-27,Hindi,Weekly,ASHOK KHANNA,ASHOK KHANNA,Uttarakhand,Dehradun
AGAM BANI,33533,2013-10-07,Assamese,Monthly,RAGHUNANDAN DUTTA,SATSANG,Jharkhand,Deoghar
AGAM MAKIZHL,TNTAM/2015/64634,2015-11-09,Tamil,Weekly,KARTHEESWARAN A,KARTHEESWARAN  A,Tamil Nadu,Madurai
AGAM NIGAM,MAHHIN/2002/09055,2003-02-13,Hindi,Monthly,GAJRAJ MISHRIMALJI MEHTA,GAJRAJ M. MEHTA,Maharashtra,Mumbai
AGAMI DUNIYA,ODIODI/2010/33999,2010-10-20,Oriya,Monthly,PARTHA SARATHI JENA,PARTHA SARATHI JENA,Odisha,Khordha
AGAMI ORISSA,ODIBIL/2008/24137,2008-05-30,"English, Oriya",Daily,B. L. MISHRA,B.L. MISHRA,Odisha,Khordha
AGAMUDAYA MUDALIYAR,TNTAM/2014/60606,2015-03-05,Tamil,Fortnightly,A. VIJAYAKUMAR,A. VIJAYAKUMAR,Tamil Nadu,Vellore
AGAMY MEDIA,RJHIN/26/A2999,2026-04-30,Hindi,Daily Evening,VIPLAV KUMAR JAIN,VIPLAV KUMAR JAIN,Rajasthan,Udaipur
AGAMY MEDIA,RAJHIN/2023/90687,2025-04-30,HINDI,Monthly,VIPLAV KUMAR JAIN,VIPLAV KUMAR JAIN,Rajasthan,Udaipur
AGAPE,40876,1988-05-07,English,Bimonthly (Once in two months),LALCHHUANLIANA,AGAPE ASSOCIATION,Mizoram,Aizawl
AGAR DARPAN,MPHIN/2016/70775,2017-03-28,Hindi,Monthly,MUKESH RAWAL,MUKESH RAWAL,Madhya Pradesh,Ujjain
AGAR EXPRESS,MPHIN/2017/70812,2017-04-10,Hindi,Monthly,ANIL KUMAR,ANIL KUMAR,Madhya Pradesh,Bhopal
AGAR HALCHAL,MPHIN/2016/70745,2017-03-20,Hindi,Monthly,SUNNY KUSHWAH,SUNNY KUSHWAH,Madhya Pradesh,Ujjain
AGAR KESARI,DELBIL/2016/74380,2018-01-18,"English, HINDI",Weekly,RAJENDER AGGARWAL,RAJENDER AGGARWAL,Delhi,New Delhi
AGAR MALWA CHARCHA,MPHIN/2017/70831,2017-04-03,Hindi,Monthly,RAJESH PANCHAL,RAJESH PANCHAL,Madhya Pradesh,Ujjain
AGAR MALWA JANMAT,MPHIN/2017/70721,2017-03-16,Hindi,Monthly,MANOHAR SINGH,MANOHAR SINGH,Madhya Pradesh,Ujjain
AGAR MALWA KE NAJARE,MPHIN/2021/80601,2022-01-21,Hindi,Monthly,JULFIKAR ALI MULTANI,JULFIKAR ALI MULTANI,Madhya Pradesh,Bhopal
AGAR SAMAJ NEWS,HARHIN/2022/86278,2024-02-01,Hindi,Monthly,MUKESH BANSAL,MUKESH BANSAL,Haryana,Fatehabad
AGAR SATYA PADHNA HAI,MPHIN/2023/88896,2024-09-13,HINDI,Monthly,TOFIQ UR REHMAN,TOFIQ UR REHMAN,Madhya Pradesh,Bhopal
AGAR TODAY,MPHIN/2017/70841,2017-04-03,Hindi,Monthly,RAMESH CHANDRA,RAMESH CHANDRA,Madhya Pradesh,Ujjain
AGAR TODAY DARPAN,MPHIN/2015/75348,2018-06-20,Hindi,Monthly,MANSINGH CHAUHAN,MANSINGH CHAUHAN,Madhya Pradesh,Ujjain
AGAR VARTA,MPHIN/2017/70815,2017-04-10,Hindi,Monthly,MAYANK SONI,MAYANK SONI,Madhya Pradesh,Ujjain
AGARAM VOICE,KARKAN/2021/81244,2022-03-24,Kannada,Monthly,R.MUGIL ARASU,R MUGIL ARASU,Karnataka,Bengaluru
AGARO-BARO,WBBIL/2006/18066,2007-01-03,"English, Bengali",Monthly,MD MASUD KARIM,EMDADUL HOQUE,West Bengal,Kolkata
AGARTALA BARTA,28254,1973-08-02,Bengali,Weekly,PALLAVI BAUL,PALLAVI BAUL,Tripura,West Tripura
AGARTALA DARPAN,TRIBEN/2016/67137,2016-05-31,Bengali,Daily,SANDHYA RANI SAHA,SANDHYA RANI SAHA,Tripura,West Tripura
AGARTALA EXPRESS,TRIBEN/2023/89525,2024-10-10,BENGALI,Weekly,TINKU SUTRADHAR,TINKU SUTRADHAR,Tripura,West Tripura
AGARVANSHAJ PATRIKA,HARHIN/2016/66944,2016-05-20,Hindi,Monthly,SHARWAN KUMAR AGGARWAL,AGGARSAIN FOUNDATION,Haryana,Ambala
AGARWAL SAMMELAN,DELHIN/2000/01513,2013-12-30,Hindi,Monthly,GOPAL SHARAN GARG,AKHIL BHARTIYA AGRAWAL SAMELAN,Delhi,New Delhi
AGASTYA VAANI,KARKAN/2020/79085,2020-11-16,Kannada,Daily,RAGHAVENDRA,RAGHAVENDRA,Karnataka,Koppal
AGATHIAR WEEKLY,TNTAM/2007/21244,2007-09-26,Tamil,Weekly,K . M . PARAMASIVAM,K.M. PARAMASIVAM,Tamil Nadu,Karur
AGATHIYAR ADHIKARAM,TNTAM/2024/90256,2024-12-03,TAMIL,Monthly,MALATHI,MALATHI,Tamil Nadu,Tiruppur
AGAVANPUR TIMES,UPHIN/2020/79193,2020-12-11,Hindi,Weekly,MUZAHID HUSAIN,MUZAHID HUSAIN,Uttar Pradesh,Moradabad
AGAWAN EXPRESS,MPHIN/2018/76215,2018-10-15,Hindi,Fortnightly,MOHAMMED IRFAN,MOHAMMED IRFAN,Madhya Pradesh,Mandsaur
AGE KUTCH,1744,1957-03-04,Gujarati,Weekly,NATVARLAL S. SHAH,NATVARLAL S SHAH,Gujarat,Arvalli
AGEETAYAN,66304,1997-08-07,Hindi,Weekly,ANURAG MISHRA,ANURAG MISHRA,Uttar Pradesh,Lucknow
AGEIBA,ODIODI/2009/33877,2010-10-05,Oriya,Daily,MAHESH SAHOO,MAHESH SAHOO,Odisha,Anugul
AGENDA BHARAT,DELHIN/2016/66610,2016-04-06,Hindi,Monthly,ANURAG KUMAR,ANURAG KUMAR,Delhi,New Delhi
AGENDA TIMES,MPHIN/2012/49053,2013-04-08,Hindi,Weekly,GAURAV SHRIVASTAVA,GAURAV SHRIVASTAVA,Madhya Pradesh,Gwalior
AGENT RAJASTHAN,35091,1979-12-22,Hindi,Fortnightly,ALOK SINGH SAINI,ALOK SINGH SAINI,Rajasthan,Jaipur
AGGARJAN PATRIKA,HARBIL/2012/43779,2012-07-06,"English, HINDI",Monthly,INDRA GUPTA,INDRA GUPTA,Haryana,Panchkula
AGGARJAN SEWAK,HARBIL/2017/75016,2019-03-11,"English, HINDI",Monthly,SHIV KUMAR JAIN,SHIV KUMAR JAIN,Haryana,Rohtak
AGGARWAL EKTA DARPAN,62839,1995-12-19,Hindi,Monthly,ANIL AGGARWAL,ANIL AGGARWAL,Madhya Pradesh,Indore
AGGI PULLA,APTEL/25/A3774,2025-11-07,Telugu,Daily,POLAVARAPU BABURAO,POLAVARAPU BABURAO,Andhra Pradesh,East Godavari
AGHADI,MAHMAR/2001/05370,2001-10-03,Marathi,Weekly,NANDKISHORE ANANT MAHAJAN,NANDKISHORE ANANT MAHAJAN,Maharashtra,Sindhudurg
AGHAL VILAKU,TNTAM/25/A5062,2025-12-11,Tamil,Monthly,Jayagopal G,Jayagopal G,Tamil Nadu,Chennai
AGHAZ E NAU,23442,1972-11-27,Urdu,Weekly,RAFI UDDIN KHAN,RAFIUDDIN KHAN,Uttar Pradesh,Rampur
AGHAZ-E-KAROBAR.,71984,1999-10-25,Urdu,Fortnightly,MUMTAZ SHARIQ,MUMTAZ SHARIQ,Jharkhand,Purbi Singhbhum
AGIPT SAMACHAR,GUJGUJ/2008/24737,2008-07-10,Gujarati,Weekly,Jhala Rekhadevi Hemantsingh,REKHA HEMANTSINH ZALA,Gujarat,Ahmedabad
AGITATOR (DAILY),9977,1964-01-01,Urdu,Daily,IKBAL KRISHNA SHARMA,IKBAL KRISHNA SHARMA,Punjab,Ludhiana
AGLI JINDAGI,46582,1987-03-27,Punjabi,Weekly,PREET SHARMA,PREET SHARMA,Punjab,Patiala
AGLI PICHLI KHABAR,MPHIN/25/A0984,2025-06-04,Hindi,Monthly,neha kushwaha,neha kushwaha,Madhya Pradesh,Bhopal
AGLI SADI,47620,1989-11-25,Hindi,Weekly,MOINUDDIN,MOINUDDIN,Madhya Pradesh,Bhopal
AGLI SADI,MPHIN/2009/38023,2011-06-27,Hindi,Weekly,MUINE-UDDIN,MUINE-UDDIN,Madhya Pradesh,Panna
AGLI SADI,58817,1994-12-12,Hindi,Daily,MOINUDDIN,MOINUDDIN,Madhya Pradesh,Bhopal
AGMAN,GUJGUJ/2013/52772,2013-10-24,Gujarati,Weekly,NILESH M. JANI,NILESH M. JANI,Gujarat,Amreli
AGMAN,GJGUJ/26/A1908,2026-03-24,Gujarati,Daily (Monday To Saturday),NILESH MUKUNDRAY JANI,NILESH MUKUNDRAY JANI,Gujarat,Bhavnagar
AGMAN,GUJGUJ/2015/66810,2016-05-04,Gujarati,Daily,NILESH M. JANI,NILESH M. JANI,Gujarat,Amreli
AGMAN PRATIKSHA,MAHMAR/2017/75679,2018-07-18,Marathi,Monthly,DEEPAK MADHUKAR KAMLE,DEEPAK MADHUKAR KAMLE,Maharashtra,Sangli
AGNESTRA,UPHIN/2014/63466,2015-07-31,Hindi,Daily,MANJU,MANJU,Uttar Pradesh,Lucknow
AGNI ALOK,MPHIN/2015/66025,2016-02-08,Hindi,Daily,RAMSWAROOP MANTRI,RAMSWAROOP MANTRI,Madhya Pradesh,Indore
AGNI BAANA,KARKAN/2023/89211,2024-10-04,KANNADA,Weekly,T. H. SANJAY KUMAR,T. H. SANJAY KUMAR,Karnataka,Chikmagalur
AGNI BAN,38430,2005-12-12,Hindi,Daily,Rajesh Chelawat,Rajesh Chelawat,Madhya Pradesh,Indore
AGNI BLAST,MPHIN/2004/16741,2006-06-13,Hindi,Monthly,MUKESH  THAKUR,MUKESH THAKUR,Madhya Pradesh,Indore
AGNI CHARAN,47774,1987-12-23,Hindi,Daily,KRISHAN BALLABH DUBEY,KRISHAN BALLABH DUBEY,Uttar Pradesh,Lalitpur
AGNI CHARAN,15372,2010-01-12,Hindi,Daily,SANJAY DUBEY,SANJAY DUBEY,Uttar Pradesh,Jalaun
AGNI CHARAN,UPHIN/2010/32293,2012-09-11,Hindi,Daily,SANJAY DUBEY,SANJAY DUBEY,Uttar Pradesh,Kanpur Nagar
AGNI DARSHAN,MPHIN/2010/31939,2010-04-19,Hindi,Daily,VIPUL JOSHI,VIPUL JOSHI,Madhya Pradesh,Ujjain
AGNI DHARA,TELTEL/2024/89359,2024-10-04,TELUGU,Weekly,CHEGONDA RAVI KUMAR YADAV,CHEGONDA RAVI KUMAR YADAV,Telangana,Peddapalli
AGNI EXPRESS,HRHIN/25/A1484,2025-07-01,Hindi,Weekly,Mohit Kumar,Mohit Kumar,Haryana,Sirsa
AGNI GAATHA,MPHIN/2010/66306,2016-03-04,Hindi,Monthly,RAJKUMARI JAIN,RAJ KUMARI JAIN,Madhya Pradesh,Bhopal
AGNI INDORE,MPHIN/2023/89726,2024-10-21,HINDI,Monthly,KAMAL,KAMAL,Madhya Pradesh,Indore
AGNI JWALE,KARKAN/2001/05924,2002-02-12,Kannada,Weekly,ANAND ISHWAR AWADI,ANAND ISHWAR AWADI,Karnataka,Bijapur
AGNI KADAM,MPHIN/2021/83254,2023-02-07,Hindi,Fortnightly,DIGVIJAY SINGH,DIGVIJAY SINGH,Madhya Pradesh,Ujjain
AGNI KATHIR,TNTAM/2012/45163,2012-09-13,Tamil,Monthly,X.GILMORE,X.GILMORE,Tamil Nadu,Coimbatore
AGNI KIRAN DAINIK,72260,1999-12-01,Hindi,Daily,DILEEP NIGAM,DILEEP NIGAM,Madhya Pradesh,Indore
AGNI KUMBH,MPHIN/2015/63121,2015-07-08,Hindi,Daily,NARENDRA YADAV,NARENDRA YADAV,Madhya Pradesh,Dewas
AGNI LEKHANA,KARKAN/2015/62809,2015-06-22,Kannada,Weekly,ANIL KUMAR K L,ANIL KUMAR K L,Karnataka,Bengaluru
AGNI MALARKAL,TNTAM/2013/53616,2013-12-17,Tamil,Monthly,R. PANNEERSELVAM,R. PANNEERSELVAM,Tamil Nadu,Chennai
AGNI MASHAAL,MPHIN/2005/15134,2005-08-11,Hindi,Daily,RAJESH  RATHORE,RAJESH RATHORE,Madhya Pradesh,Ujjain
AGNI MEDIA,KARBIL/2024/89347,2024-10-03,BILINGUAL,Daily,B. R. MANJUNATH,B R MANJUNATH,Karnataka,Kolar
AGNI MIMANSHA,MPHIN/2015/69990,2017-01-17,Hindi,Monthly,KUSUM SAHU,KUSUM SAHU,Madhya Pradesh,Bhopal
AGNI NATCHATHIRAM,TNTAM/2007/23054,2008-02-25,Tamil,Monthly,I. G. KHANNAN,DEVAR BHADUKAPPU PERAVAI MATRUM SAMUGA NALA ARAKKATTALAI,Tamil Nadu,Chennai
AGNI NAVRANG,MPHIN/2022/82303,2022-10-07,Hindi,Monthly,RUKSHAR KHAN,RUKSHAR KHAN,Madhya Pradesh,Indore
AGNI NAYAK,47871,1988-12-12,Hindi,Weekly,KAVITA AGGARWAL,KAVITA AGGARWAL,Uttarakhand,Dehradun
AGNI NETRA,APTEL/2018/76233,2018-10-17,Telugu,Monthly,KARTAM SRINIVASULU REDDY,KARTAM SRINIVASULU REDDY,Andhra Pradesh,Sri Potti Sriramulu Nellore
AGNI NETRA,KARKAN/2016/70102,2017-01-25,Kannada,Monthly,RUDRAPPA MOHAN PATTAR,RUDRAPPA MOHAN PATTAR,Karnataka,Bagalkot
AGNI OJASVI,MPHIN/2015/63503,2015-07-31,Hindi,Monthly,RADHA SONI,RADHA SONI,Madhya Pradesh,Bhopal
AGNI PARVA,KARKAN/2021/90331,2024-12-13,KANNADA,Daily,PRABHULINGAYYA HIREMATH,PRABHULINGAYYA HIREMATH,Karnataka,Bagalkot
AGNI PARVA TIMES,MAHBIL/2017/72600,2017-07-24,"Marathi, Hindi",Weekly,KAMLESH S. DUBEY,KAMLESH S. DUBEY,Maharashtra,Thane
AGNI PATAR,JKBIL/2013/53533,2013-12-13,"English, HINDI",Monthly,BHARTI SHARMA,BHARTI SHARMA,Jammu and Kashmir,Rajouri
AGNI PATH,50166,1990-03-12,Hindi,Daily,ARJUN SINGH CHANDEL,ARJUN SINGH CHANDEL,Madhya Pradesh,Ujjain
AGNI PATRIKA,MPBIL/25/A0504,2025-05-27,"Hindi, English",Monthly,VINAY AGNIHOTRI,VINAY AGNIHOTRI,Madhya Pradesh,Bhopal
AGNI POOKKAL,TNTAM/2022/82296,2022-10-11,Tamil,Monthly,PALANIVELU V,PALANIVELU V,Tamil Nadu,Thanjavur
AGNI POOLU,44850,1986-11-18,Telugu,Fortnightly,K SWAYM PRAKASH,K. SWAYM PRAKASH,Telangana,Nizamabad
AGNI PRABHAT SAMACHAR PATR,MPHIN/2017/70579,2017-03-07,Hindi,Weekly,NEERAJ BADODIYA,NEERAJ BADODIYA,Madhya Pradesh,Indore
AGNI PRAKASH,MPHIN/26/A2150,2026-04-02,Hindi,Weekly (monday to friday),ANAND PANCHAL,ANAND PANCHAL,Madhya Pradesh,Ujjain
AGNI PURATCHI,TNTAM/2013/53268,2013-12-02,Tamil,Monthly,D. NARAYANASAMY,D. NARAYANASAMY,Tamil Nadu,Thiruvallur
AGNI SADHANA,MPHIN/2015/63501,2015-07-31,Hindi,Monthly,SADHANA SHARMA,SADHANA SHARMA,Madhya Pradesh,Bhopal
AGNI SAKSHI,MPHIN/2012/47691,2013-01-28,Hindi,Daily,SHUBHAM BAMANE,SHUBHAM BAMANE,Madhya Pradesh,Ujjain
AGNI SAKSHI,MPHIN/2010/36127,2011-03-10,Hindi,Weekly,SHUBHAM BAMANE,SHUBHAM BAMNE,Madhya Pradesh,Ujjain
AGNI SAKSHI,MAHMAR/2005/19506,2007-05-07,Marathi,Weekly,RAUF NYAJU PATEL,RAUF NYAJU PATEL,Maharashtra,Chhatrapati Sambhaji Nagar
AGNI SANKET,MAHMAR/2016/73943,2017-11-22,Marathi,Weekly,KSHIRSAGAR HARISCHANDRA VASANT,KSHIRSAGAR HARISCHANDRA VASANT,Maharashtra,Pune
AGNI SANKET,WBBEN/2003/17589,2006-11-01,Bengali,Fortnightly,ELI MUKHERJEE,ELI MUKHERJEE,West Bengal,Purba Bardhaman
AGNI SEITHI,TNBIL/2022/86905,2024-04-23,"English, Tamil",Bimonthly (Once in two months),M. VANITHA,VANITHA M,Tamil Nadu,Thiruvallur
AGNI SHATHRIAN,TNTAM/2007/21944,2007-11-27,Tamil,Monthly,ARANGA SHANMUGAM,ARANGA SHANMUGAM,Tamil Nadu,Chennai
AGNI SHIKHA,4445,1966-10-23,Oriya,Daily,ARJUN RANJAN PANDA,ARJUN RANJAN PANDA,Odisha,Sambalpur
AGNI SHIKHA,18135,1971-01-11,Hindi,Monthly,NAVAJATA,AUROBINDO ACTION,Puducherry,Puducherry
AGNI SIRAGU,TNTAM/2016/70165,2017-01-27,Tamil,Monthly,M. MOHAMED IQBAL,M.MOHAMED IQBAL,Tamil Nadu,Tiruchirappalli
AGNI SURAKSHA,GJMUL/25/A5219,2025-12-17,"Gujarati, Hindi, English",Bimonthly (Once in two months),PATEL SHAILESHKUMAR,SALAMATI PUBLICATION (OPC) PRIVATE LIMITED,Gujarat,Ahmedabad
AGNI TIMES,KARKAN/2012/46628,2012-11-27,Kannada,Monthly,K.VENKATESH,K.VENKATESH,Karnataka,Bengaluru
AGNI TODAY,MPHIN/2013/50209,2013-06-10,Hindi,Monthly,UMA AGARWAL,UMA AGRWAL,Madhya Pradesh,Bhopal
AGNI VANDANA,MPHIN/2015/69993,2017-01-17,Hindi,Monthly,VANDANA SAHU,VANDANA SAHU,Madhya Pradesh,Bhopal
AGNI VANI,KARKAN/2014/58290,2015-01-20,Kannada,Monthly,DASAIAH,DASAIAH,Karnataka,Bengaluru
AGNI VARTA,MPHIN/2014/58895,2014-12-12,Hindi,Monthly,ZUBAIR KHALIL,ZUBAIR KHALII,Madhya Pradesh,Bhopal
AGNI YUGHA,KARKAN/2000/01398,2000-07-11,Kannada,Monthly,SHIVARAJ B.C.,SHIVARAJ B.C.,Karnataka,Bengaluru Rural
AGNI-ITHU PATHRIKEYALLA PRATHIBHATENEYA ASTHRA,70850,2009-11-06,Kannada,Weekly,M. S. RAVINDRA,M.S. RAVINDRA,Karnataka,Bengaluru
AGNIBAN,MPHIN/2005/15337,2005-09-30,Hindi,Daily,RAJESH CHELAWAT,RAJESH CHELAWAT,Madhya Pradesh,Bhopal
AGNIBAN,MPHIN/2012/48257,2013-02-25,Hindi,Daily,RAJESH CHELAWAT,RAJESH CHELAWAT,Madhya Pradesh,Gwalior
AGNIBAN,45133,2009-08-10,Hindi,Daily,RAJESH CHELAWAT,RAJESH CHELAWAT,Madhya Pradesh,Ujjain
AGNIBAN,MPHIN/2012/47586,2014-03-12,Hindi,Daily,RAJESH CHELAWAT,RAJESH CHELAWAT,Madhya Pradesh,Jabalpur
AGNIBANA,ODIODI/2021/81353,2022-04-25,Oriya,Weekly,RUKADEV PATTANAIK,RUKADEV PATTANAIK,Odisha,Khordha
AGNICHAKRA,66018,1997-01-01,Gujarati,Monthly,VINOD KHIMJI PRAJAPATI,VINOD KHIMJI PRAJAPATI,Maharashtra,Mumbai
AGNICHAKRA,64674,1996-12-04,Hindi,Weekly,SYED MAHMOOD ALI CHISTI,SYED MAHMOOD ALI CHISHTI,Madhya Pradesh,Harda
AGNICHARCHA TIMES,MPHIN/2016/70002,2017-01-17,Hindi,Quarterly,NEHA RATHORE,NEHA RATHORE,Madhya Pradesh,Bhopal
AGNICHARCHA TIMES,MPHIN/26/A2996,2026-04-30,Hindi,Monthly,NEHA RATHORE,NEHA RATHORE,Madhya Pradesh,Bhopal
AGNIDHARMA,MPHIN/2020/83706,2023-04-05,Hindi,Weekly,ASHISH JAIN,ASHISH JAIN,Madhya Pradesh,Indore
AGNIDHRUVAM,APTEL/2023/90135,2024-11-13,TELUGU,Daily,POTHAMSETTI  RAMALAKSHMI,POTHAMSETTI  RAMALAKSHMI,Andhra Pradesh,Kakinada
AGNIDIVYA,MAHMAR/1999/03241,2001-04-11,Marathi,Weekly,AJIT BAPUSAHAB PANSARE,AJIT PASARA,Maharashtra,Pune
AGNIGAMI,UPHIN/2005/16108,2012-05-03,Hindi,Weekly,SHIV KUMAR SHARMA,SHIV KUMAR SHARMA,Uttar Pradesh,Muzaffarnagar
AGNIJWALA AMARAVATHI,APTEL/26/A5627,2026-07-01,Telugu,Daily,Kesavarapu Venkateswara Rao,Kesavarapu Venkateswara Rao,Andhra Pradesh,Krishna
AGNIKAAN,MPHIN/2012/44378,2012-07-30,Hindi,Monthly,SUNIL VERMA,SUNIL VERMA,Madhya Pradesh,Bhopal
AGNIKALAM,TNTAM/2021/89616,2024-10-14,TAMIL,Monthly,SIVASUBRAMANIAN. B,SIVASUBRAMANIAN.B,Tamil Nadu,Madurai
AGNIKANAM,TELTEL/2021/83459,2023-02-28,Telugu,Monthly,KALUKURI RAJU,KALUKURI RAJU,Telangana,Hyderabad
AGNIMITRA,MPHIN/2010/35069,2011-01-04,Hindi,Monthly,ARVIND SHARMA,ARVIND SHARMA,Madhya Pradesh,Bhopal
AGNIPANKHA,MAHMAR/2015/63994,2015-09-01,Marathi,Weekly,FATUBHAI RAHIMAN MULANI,FATUBHAI RAHIMAN MULANI,Maharashtra,Pune
AGNIPATH,62859,2012-07-05,Hindi,Daily,PREM SINGH BAGDUWAL,ARJUN SINGH CHANDEL,Madhya Pradesh,Bhopal
AGNIPATH,GUJGUJ/2000/01951,2011-06-28,Gujarati,Weekly,HARISH RANA,HARISH RANA,Gujarat,Gandhinagar
AGNIPATH,GUJGUJ/2014/58245,2015-01-16,Gujarati,Fortnightly,HARISH RANA,HARISH RANA,Gujarat,Gandhinagar
AGNIPATH 24 SAMACHAR,MPHIN/2015/71807,2017-05-19,Hindi,Weekly,SADIQ KHAN,SADIQ KHAN,Madhya Pradesh,Indore
AGNIPRALAY,MAHMAR/2010/35179,2011-01-10,Marathi,Weekly,DILIP SHANTARAM JOSHI,DILIP SHANTARAM JOSHI,Maharashtra,Dhule
AGNIRATH,WBBEN/2000/02086,2000-09-23,Bengali,Fortnightly,MALA GHOSH SEN SARMA,MALA GHOSH SEN SARMA,West Bengal,Purba Bardhaman
AGNIROOPA,ODIMUL/2021/81299,2022-04-05,"English, Oriya, Hindi",Monthly,ARUN KUMAR PRADHAN,ARUN KUMAR PRADHAN,Odisha,Anugul
AGNISAGAR,MPHIN/2022/89903,2024-10-28,HINDI,Weekly,MANISH KUMAR MARU,MANISH KUMAR MARU,Madhya Pradesh,Agar Malwa
AGNISHIKHA,ASSASS/2014/59903,2015-01-30,Assamese,Weekly,SWAPNALI UZIR DEKA,SWAPNALI UZIR DEKA,Assam,Kamrup Metropolitan
AGNISHIKHA EVAM PURODHA,PONHIN/2023/88119,2024-07-29,HINDI,Monthly,PRADEEP NARANG,SRI AUROBINDO SOCIETY,Puducherry,Puducherry
AGNISHILA,MAHHIN/2004/14843,2005-06-22,Hindi,Monthly,ANIL VEDVYAS GALGALI,ANIL VEDVYAS GALGALI,Maharashtra,Mumbai
AGNITEJ,MPHIN/2021/80127,2021-08-31,Hindi,Weekly,RAVI SHAKYA,RAVI SHAKYA,Madhya Pradesh,Gwalior
AGNIVARSHA,APTEL/2009/27932,2009-06-04,Telugu,Daily,ESWARA RAO NAGESWARA,ESWARA RAO NAGESWARA,Andhra Pradesh,Srikakulam
AGNIVARSHA,MPHIN/2019/87148,2024-05-02,Hindi,Weekly,MUKESH KUMAR KACHER,MUKESH KUMAR KACHER,Madhya Pradesh,Jabalpur
AGNIVARSHA,APTEL/2006/16432,2006-04-17,Telugu,Monthly,ESWARA RAO NAGESWARA,ESWARA RAO NAGESWARA,Andhra Pradesh,Srikakulam
AGNIVARSHA,RJHIN/26/A4667,2026-06-04,Hindi,Monthly,Mukesh Kumar Kacher,Mukesh Kumar Kacher,Rajasthan,Sikar
AGNIVARSHA,MPHIN/2020/86971,2024-04-24,Hindi,Daily,MUKESH KUMAR KACHER,MUKESH KUMAR KACHER,Madhya Pradesh,Jabalpur
AGNIVARSHA,UPHIN/25/A3821,2025-11-10,Hindi,Monthly,Mukesh Kumar Kacher,Mukesh Kumar Kacher,Uttar Pradesh,Lucknow
AGNIVARSHA,MPHIN/2019/78320,2019-12-31,Hindi,Daily,MUKESH KUMAR KACHER,MUKESH KUMAR KACHER,Madhya Pradesh,Bhopal
AGNIVARSHA,MPHIN/2017/76149,2018-10-03,Hindi,Monthly,MUKESH KUMAR KACHER,MUKESH KUMAR KACHER,Madhya Pradesh,Bhopal
AGNIYUG TIMES,MPHIN/2017/72297,2017-06-20,Hindi,Monthly,PAWAN SINGH,PAWAN SINGH,Madhya Pradesh,Bhopal
AGNIZEP,MAHMAR/2012/60192,2015-02-12,Marathi,Weekly,VIJAY KISANRAO GAIKWAD,VIJAY KISANRAO GAIKWAD,Maharashtra,Amravati
AGONA SANDESH,40147,1993-11-26,Hindi,Weekly,SANDEEP SHUKLA,SANDEEP SHUKLA,Uttar Pradesh,Basti
AGOPA NEWS,APENG/1999/0113,2000-01-19,English,Monthly,D. CHRISTOPHER SATYARAJ,ACCOUNTANTS GENERAL OFFICES PENSIONERS ASSOCIATION,Telangana,Hyderabad
"AGPE THE ROYAL GONDWANA RESEARCH JOURNAL OF HISTORY,SCIENCE, ECONOMIC, POLITICAL AND SOCIAL SCIENCE",MAHMUL/2019/78986,2020-10-22,English,Annual,GONDRAJE DR. BIRSHAH ATRAM,ADIVASI GONDWANA BHASHA PRACHAR BAHUUDHESHIYA SHIKSHAN SANSTHA TIPAGAD WARORA,Maharashtra,Chandrapur
AGR MANCH,TELHIN/2014/58386,2014-11-19,Hindi,Monthly,DILIP KUMAR PANSARI,DILIP KUMAR PANSARI,Telangana,Hyderabad
AGR SANDESH,DELBIL/2014/57331,2014-09-18,"English, HINDI",Monthly,ISHWAR DAYAL MITTAL,DELHI PRADESHIK AGARWAL SAMMELAN,Delhi,New Delhi
AGR SATTA,MPHIN/2009/30893,2010-04-20,Hindi,Monthly,VIVEK AGRAWAL,VIVEK AGRAWAL,Madhya Pradesh,Bhopal
AGR SOCH,MPHIN/2017/72420,2017-06-29,Hindi,Daily,ASHISH GUPTA,ASHISH GUPTA,Madhya Pradesh,Sehore
AGR SOCH,MPHIN/2015/66018,2016-02-06,Hindi,Weekly,ASHISH GUPTA,ASHISH GUPTA,Madhya Pradesh,Sehore
AGR YUVA DARSHAN,49801,1990-02-22,"Marathi, Hindi",Fortnightly,SAGAR RAMESHWAR MODI,SAGAR RAMESHWAR MODI,Maharashtra,Buldhana
AGRA BHARAT,RAJHIN/2012/48594,2013-03-14,Hindi,Daily,DHARMENDRA SINGH,DHARMENDRA SINGH,Rajasthan,Bharatpur
AGRA BHARAT,UPHIN/2007/21286,2007-09-27,Hindi,Daily,DHARMENDRA SINGH,DHARMENDRA SINGH,Uttar Pradesh,Agra
AGRA DUNIYA,MAHMUL/2017/71040,2017-03-30,"English, Marathi, Hindi",Weekly,MANOUJ AGARWAAL,RAJESH AGARWAL,Maharashtra,Pune
AGRA GUJARAT,GUJGUJ/2023/85349,2023-09-11,Gujarati,Daily,ARPIT RAMESHBHAI VASOYA,PARAM DAILY NEWS AND MEDIA PRIVATE LIMITED,Gujarat,Rajkot
AGRA JYOTI,RAJHIN/2004/14119,2005-03-11,Hindi,Fortnightly,MUKESH BANSAL,MUKESH BANSAL,Rajasthan,Jaipur
AGRA KHOJ TODAY,DELHIN/2014/54605,2014-07-08,Hindi,Bimonthly (Once in two months),MEENAKSHI GOYAL,MEENAKSHI GOYAL,Delhi,New Delhi
AGRA MANGAL PATRIKA,DELBIL/2016/68569,2016-09-06,"English, HINDI",Monthly,SANJAY GOYAL,SANJAY GOYAL,Delhi,New Delhi
AGRA NETHA,APTEL/2014/58043,2014-10-31,Telugu,Weekly,UPPUGALLA SANTHOSH KUMAR,UPPUGALLA SANTOSH KUMAR,Telangana,Rangareddy
AGRA NETHA,TELTEL/2015/66279,2016-03-03,Telugu,Daily,UPPUGALLA SANTHOSH KUMAR,UPPUGALLA SANTOSH KUMAR,Telangana,Rangareddy
AGRA SAMAJ PATRIKA,RAJHIN/2008/25292,2008-08-25,Hindi,Quarterly,SANJEEV KUMAR BANSAL,SANJEEV KUMAR BANSAL,Rajasthan,Hanumangarh
AGRA SANSAR,MPHIN/2010/34079,2010-10-21,Hindi,Monthly,RAKESH KUMAR AGGARWAL,RAKESH KUMAR AGGARWAL,Madhya Pradesh,Gwalior
AGRA SHINE,UPHIN/2015/66353,2016-03-04,Hindi,Weekly,MOHD BURHAN SHAKEEL,MOHD BURHAN SHAKEEL,Uttar Pradesh,Agra
AGRA TIMES,UPENG/2015/63397,2015-07-22,English,Daily,DHANUSH VIR SINGH,"BENNETT, COLEMAN & CO.LTD",Uttar Pradesh,Lucknow
AGRA VETERINARY JOURNAL,UPENG/2014/60209,2015-02-16,English,Annual,DR. HARI SHANKAR OJHA,AGRA VETERINARY CLUB,Uttar Pradesh,Agra
AGRADOOT,13957,1967-05-10,Marathi,Weekly,P. B. BHILWADE,P. B. BHILWADE,Maharashtra,Sangli
AGRADOOT,47702,1989-08-14,Hindi,Daily,VISHNU SINHA,VISHNU SINHA,Madhya Pradesh,Jabalpur
AGRADOOT,50212,1990-04-06,Hindi,Daily,VISHNU SINHA,VISHNU SINHA,Chhattisgarh,Bilaspur
AGRADOOT,1527,1957-03-04,Hindi,Daily,VISHNU SINHA,VISHNU SINHA,Chhattisgarh,Raipur
AGRADOOT PASEKIA,18591,1972-03-14,Assamese,Weekly,KHAGEN SARMA,BHANUSHREE SEN DEKA,Assam,Darrang
AGRAGAMI,37837,1982-10-05,Telugu,Weekly,KANNA PARUSHU RAMULU,KANNA PARUSHU RAMULU,Telangana,Warangal
AGRAGAMI SANDESH,RAJHIN/2011/43653,2012-06-30,Hindi,Weekly,HIRA CHAND JAIN,HIRA CHAND JAIN,Rajasthan,Jaipur
AGRAGANYA,MAHMAR/2017/72626,2017-07-25,Marathi,Weekly,SOU. VIJAYMALA SANJAY PATIL,VIJAYMALA SANJAY PATIL,Maharashtra,Sangli
AGRAGYAN,68532,2013-12-30,Hindi,Weekly,UMA SHANKAR VERMA,UMA SHANKAR VERMA,Madhya Pradesh,Bhopal
AGRAHARI SAMAJ,12584,2013-09-30,Hindi,Monthly,DAYARAM GUPTA,AGRAHARI SAMAJ,Delhi,New Delhi
AGRAHARI SAMAJ,UPHIN/2019/78529,2020-03-09,Hindi,Monthly,MANIK CHANDRA,AGRAHARI SAMAJ,Uttar Pradesh,Prayagraj
AGRALEKH,MAHMAR/2021/81361,2022-04-11,Marathi,Daily,UMESH MARUTI BHERE,UMESH MARUTI BHERE,Maharashtra,Thane
AGRANEE VARTA,MAHMAR/2012/45609,2012-10-08,Marathi,Daily,YOGESH VITTHALASA TURERAO,YOGESH VITTHALASA TURERAO,Maharashtra,Solapur
AGRANI INDIA,RAJBIL/2007/20539,2017-11-09,HINDI,Fortnightly,AASTHA MATHUR,AASTHA MATHUR,Rajasthan,Jaipur
AGRANI ODISHA,ODIODI/2020/79056,2020-11-09,Oriya,Weekly,AJIT KUMAR DAS,AJIT KUMAR DAS,Odisha,Khordha
AGRANI SHIVAR,MHMAR/25/A4390,2025-11-27,Marathi,Monthly,MAHESH YASHWANT KHARADE,MAHESH YASHWANT KHARADE,Maharashtra,Sangli
AGRANI TIMES,MPHIN/2016/69939,2017-01-16,Hindi,Monthly,LALIT KUMAR CHOKIKAR,LALIT KUMAR CHOKIKAR,Madhya Pradesh,Bhopal
AGRARIAN SOUTH: JOURNAL OF POLITICAL ECONOMY,DELENG/2012/44720,2012-08-16,English,Thrice In a Year,VIVEK MEHRA,CENTER FOR AGRARIAN RESEARCH AND EDUCATION FOR SOUTH ( CARES),Delhi,New Delhi
AGRARIANS MOVE,UABIL/25/A1486,2025-07-01,"English, Hindi",Fortnightly,Yogesh Kumar,Yogesh Kumar,Uttarakhand,Udham Singh Nagar
AGRARIANS STAR,UAMUL/25/A1660,2025-07-04,"Punjabi, Hindi, English",Quarterly,Harpal singh,Harpal singh,Uttarakhand,Dehradun
AGRASAR BHARAT,UPHIN/2023/90314,2024-12-09,HINDI,Weekly,JITENDRA KUMAR,JITENDRA KUMAR,Uttar Pradesh,Kanpur Nagar
AGRASEEN PUSHPANJALI,17266,1969-06-18,Hindi,Monthly,NARENDRA KUMAR AGRAWAL,NARENDRA KUMAR AGRAWAL,Madhya Pradesh,Indore
AGRASEN SHAKTI,70307,1999-03-23,Hindi,Fortnightly,BHAGWATI DEVI,BHAGWATI DEVI,Rajasthan,Jaipur
AGRASEN TIMES,MAHMAR/2015/65768,2016-01-22,Marathi,Weekly,ARUN KUMAR SOMNATH MUNDADA,ARUN KUMAR SOMNATH MUNDADA,Maharashtra,Chhatrapati Sambhaji Nagar
AGRASEN VANDNA,UPHIN/2022/83441,2023-02-27,Hindi,Monthly,SAROJ,SAROJ,Uttar Pradesh,Muzaffarnagar
AGRASENDARPAN,MPHIN/2012/45675,2012-10-12,Hindi,Weekly,CHANDRA PRAKASH GUPTA,CHANDRA PRAKASH GUPTA,Madhya Pradesh,Indore
AGRASHRENI,APTEL/2008/29378,2009-11-05,Telugu,Daily,SOYINENI RAJ KUMAR,SOYINENI RAJ KUMAR,Andhra Pradesh,Karimnagar
AGRASHRENI,APTEL/2007/22492,2008-01-09,Telugu,Fortnightly,S. RAJ KUMAR,SOYINENI RAJ KUMAR,Andhra Pradesh,Karimnagar
AGRAVANSH,MPHIN/2021/85566,2023-10-18,Hindi,Daily,SATYAM AGRAWAL,SATYAM AGRAWAL,Madhya Pradesh,Gwalior
AGRAVANSHI EKTA,RAJHIN/2017/73739,2017-11-07,Hindi,Weekly,SUBHASH CHAND AGARWAL,SUBHASH CHAND AGARWAL,Rajasthan,Jaipur
AGRAWAL CHETNA,MPHIN/2006/18322,2007-01-10,Hindi,Quarterly,D.P.GOYAL,D.P.GOYAL,Madhya Pradesh,Bhopal
AGRAWAL TIMES,DELHIN/2001/05448,2001-10-01,Hindi,Fortnightly,NANAKCHAND JAIN,NANAKCHAND JAIN,Delhi,New Delhi
AGRAWAL TODAY,UPBIL/2002/08378,2002-11-28,"English, HINDI",Monthly,MANJU AGARWAL,AGRASEN DARBAR SEVA SAMITI,Uttar Pradesh,Agra
AGRAWAL VAISHY PARINAY SETU,MPHIN/2015/64929,2015-11-27,Hindi,Monthly,MADANLAL AGRAWAL,MADANLAL AGRAWAL,Madhya Pradesh,Indore
AGRESAR BHARAT,GUJGUJ/2023/87286,2024-05-14,Gujarati,Daily,PARAKRAMSINH RAJENDRASINH GOHIL,PARAKRAMSINH RAJENDRASINH GOHIL,Gujarat,Rajkot
AGRESHIT DUNIYA,MPHIN/2021/82735,2022-11-17,Hindi,Monthly,RACHANA SEN,RACHANA SEN,Madhya Pradesh,Bhopal
AGRI BHARAT SAMACHAR,MPHIN/2016/75102,2018-05-09,Hindi,Weekly,MOHD. AMEEN,MOHD AMEEN,Madhya Pradesh,Indore
AGRI BUSINESS,TNTAM/2016/70138,2017-01-27,Tamil,Monthly,S.A. ARUL,S.A.ARUL,Tamil Nadu,Madurai
AGRI CLINIC,APTEL/2010/34567,2010-12-02,Telugu,Monthly,YELURI SAMBA SIVA RAO,SAMBA SIVA RAO. YELURI,Andhra Pradesh,Hyderabad
AGRI COMMODITY TIMES,HARBIL/2023/88292,2024-07-31,BILINGUAL,Quarterly,NAGENDER SINGH,NAGENDER SINGH,Haryana,Sonipat
AGRI DOCTOR,TNTAM/2012/49602,2014-03-05,Tamil,Daily,M.J. VASUDEVAN,M.J. VASUDEVAN,Tamil Nadu,Madurai
AGRI FOOD BAZAR,DLBIL/26/A1331,2026-02-19,"English, Hindi",Monthly,Sanjay Kumar Ranjan,Sanjay Kumar Ranjan,Delhi,New Delhi
AGRI INDUS,MAHMAR/2020/79431,2021-02-17,Marathi,Weekly,SHILPA SURENDRA RAMTEKE,SHILPA SURENDRA RAMTEKE,Maharashtra,Wardha
AGRI INSIGHT,CTBIL/26/A6929,2026-08-14,"English, Hindi",Monthly,RAVENDRA TRIPATHI,RAVENDRA TRIPATHI,Chhattisgarh,Raipur
AGRI MECH,HARENG/2015/67168,2016-06-03,English,Monthly,SYED KHAMIS ALI,SYED KHAMIS ALI,Haryana,Karnal
AGRI PULSE PATRIKAA,UPBIL/26/A1852,2026-03-23,"Hindi, English",Monthly,SANDEEP KUMAR SHARMA,SANDEEP KUMAR SHARMA,Uttar Pradesh,Moradabad
AGRI TRADE MEDIA,MAHMUL/2018/77896,2019-08-22,"English, Hindi, Gujarati, Marathi",Monthly,SAHIL SANJAY NYAHARKAR,MEDIA EXHIBITORS PRIVATE LIMITED,Maharashtra,Nashik
AGRICULTURAL ENGINEERING TODAY,28688,1976-09-28,English,Bimonthly (Once in two months),AMARJIT SINGH DEEPAK,"INDIAN SOCIETY OF AGRICULTURAL ENGINEERS, DELHI",Delhi,New Delhi
AGRICULTURAL INNOVATION,RJENG/25/A4148,2025-11-20,English,Fortnightly,Shri Rakesh,Shri Rakesh,Rajasthan,Bikaner
AGRICULTURAL SPECTRUM,DELENG/2010/31305,2010-03-09,English,Monthly,VISHAL RAWAT,VISHAL RAWAT,Delhi,New Delhi
AGRICULTURE & INDUSTRY SURVEY,50352,1990-01-17,English,Monthly,SHENBI,VADAMALAI MEDIA (P) LTD.,Karnataka,Bengaluru
AGRICULTURE AND FARMER,DELENG/2001/03835,2001-06-04,English,Monthly,RAM SAKAL TIWARI,CHANDRA JYOTI PRAKASHAN PVT LTD.,Delhi,New Delhi
AGRICULTURE PRODUCTS NEWS,PUNENG/2011/39996,2011-12-14,English,Monthly,KARAMJIT SINGH,KARAMJIT SINGH,Punjab,Ludhiana
AGRICULTURE TIMES,RAJHIN/2011/40401,2014-07-14,Hindi,Fortnightly,VIKAS SUBHASHCHANDRA VYAS,VIKAS SUBHASH CHANDRAVYAS,Rajasthan,Jaipur
AGRICULTURE UPDATE,UPENG/2006/16372,2006-04-03,English,Quarterly,R.K.SINGH,R.K.SINGH,Uttar Pradesh,Muzaffarnagar
AGRICULTURE VISION,UPENG/26/A4863,2026-06-09,English,Bimonthly (Once in two months),Prem Pal Singh,Prem Pal Singh,Uttar Pradesh,Ghaziabad
AGRICULTURE WORLD,CHHHIN/2012/42451,2012-05-25,HINDI,Monthly,DURGESH SHARMA,DURGESH SHARMA,Chhattisgarh,Korba
AGRICULTURE WORLD,MPHIN/2012/43012,2012-06-19,Hindi,Bimonthly (Once in two months),DURGESH SHARMA,DURGESH SHARMA,Madhya Pradesh,Bhopal
AGRICULTURE WORLD,DELENG/2015/65174,2015-12-09,English,Monthly,M.C. DOMINIC,M.C.DOMINIC,Delhi,New Delhi
AGRIM PANKTI,57879,1994-03-04,Hindi,Fortnightly,OM PRAKASH ARYA,OM PRAKASH ARYA,Rajasthan,Ganganagar
AGRIM PRADESH,MPHIN/2010/31821,2010-04-06,Hindi,Weekly,DEEPAK CHOUCKSEY,DEEPAK CHOUCKSEY,Madhya Pradesh,Bhopal
AGRIM TIMES,57481,1993-01-27,Hindi,Weekly,ROHTASH KUMAR,ROHTASH KUMAR,Uttar Pradesh,Meerut
AGRIM UPBHOKTA,RAJHIN/2000/00847,2000-04-17,Hindi,Monthly,SANJAY ARYA,UPBHOKTA SANRAKSHAN SAMITI,Rajasthan,Hanumangarh
AGRO HALCHAL,UPHIN/2016/70489,2017-02-27,Hindi,Monthly,KUNWAR KHURSHEED ALAM,KUNWAR KHURSHEED ALAM,Uttar Pradesh,Hapur
AGRO HEADLINE,MAHMAR/2024/90560,2025-03-24,MARATHI,Weekly,SANJAY SHRIKRISHNARAO DESAI,SANJAY SHRIKRISHNARAO DESAI,Maharashtra,Wardha
AGRO INDIA,MPHIN/2013/52199,2013-09-24,Hindi,Monthly,RAMSWAROOP MANTRI,RAM SWAROOP MANTRI,Madhya Pradesh,Indore
AGRO MANTHAN,RAJHIN/2015/67458,2016-06-10,Hindi,Fortnightly,BHAWANI TIWADI,BHAWANI TIWADI,Rajasthan,Hanumangarh
AGRO MARG,MAHMAR/2015/63844,2015-08-18,Marathi,Quarterly,DHAMMANAND BALIRAM INGLE,DHAMMANAND BALIRAM INGLE,Maharashtra,Chhatrapati Sambhaji Nagar
AGRO POST,CHHHIN/2018/75802,2018-08-06,Hindi,Monthly,LAXMAN YADAV,LAXMAN YADAV,Chhattisgarh,Raipur
AGRO SANDESH,GUJGUJ/2011/38395,2011-07-29,Gujarati,Weekly,DHAVAL PANDYA,THE SANDESH LIMITED,Gujarat,Ahmedabad
AGRO SCIENCE,MAHMAR/2021/86271,2024-02-01,Marathi,Weekly,CHAITALI VINOD INGOLE,CHAITALI VINOD INGOLE,Maharashtra,Akola
AGRO TIMES,MAHMAR/2014/57811,2014-10-17,Marathi,Fortnightly,VIJAY MAHADEO WARFADE,VIJAY MAHADEO WARFADE,Maharashtra,Nagpur
AGRO WORLD FARM,MAHMAR/2018/75652,2018-06-26,MARATHI,Monthly,SHAILENDRA SURESH CHAVAN,SHAILENDRA SURESH CHAVAN,Maharashtra,Jalgaon
AGROBIOS NEWSLETTER,RAJENG/2002/08649,2002-12-26,English,Monthly,UPDESH PUROHIT,UPDESH PUROHIT,Rajasthan,Jodhpur
AGROLOOK,DELENG/2000/01758,2000-09-01,English,Quarterly,G. KRISHNAMURTHY,G. KRISHNAMURTHY,Delhi,New Delhi
AGROSPECTRUM,MHENG/25/A5395,2025-12-30,English,Monthly,Ravindra Vidyadhar Boratkar,MM Activ Sci Tech Communications Pvt Ltd.,Maharashtra,Pune
AGROTOUCH,MAHMAR/2019/78375,2020-01-10,Marathi,Monthly,BHARATI PATIL,AGROTOUCH AGRICULTURE SERVICES LLP,Maharashtra,Pune
AGROWON,MAHMAR/2005/14922,2005-07-11,Marathi,Daily,ADINATH DATTATRY CHAVAN,SAKAL MEDIA PVT.LTD.,Maharashtra,Pune
AGROXY FASAL KRANTI,DELHIN/2014/59516,2015-01-12,Hindi,Monthly,RAJBIR SINGH,AGROXY CROPS SOLUTIONS PRIVATE LIMITED,Delhi,New Delhi
AGROXY FASAL KRANTI,DELPUN/2019/77952,2019-09-03,Punjabi,Monthly,RAJBIR SINGH,AGROXY CROPS SOLUTIONS PVT. LTD.,Delhi,New Delhi
AGROXY FASAL KRANTI,DELGUJ/2019/88721,2024-08-27,GUJARATI,Monthly,RAJBIR SINGH,AGROXY CROPS SOLUTIONS PVT. LTD.,Delhi,New Delhi
AGS TIMES,HARBIL/2016/66891,2016-05-09,"English, HINDI",Daily,GAURAV SHARMA,GAURAV SHARMA,Haryana,Faridabad
AGUAA,CHHCHH/2017/73429,2017-09-29,Chhattisgarhi,Monthly,NARENDRA SINGH NAYAK,NARENDRA SINGH NAYAK,Chhattisgarh,Raipur
AGUAN UDOYER POTHE,WBBEN/26/A4435,2026-06-01,Bengali,Bi-Annual,Akikul Islam,Akikul Islam,West Bengal,Kolkata
AGUSTY SHILPI,MPHIN/2021/81272,2022-03-25,Hindi,Quarterly,SUNITA YADAV,DEEPAK PRASAD,Madhya Pradesh,Bhopal
AGYAT DARSHAN,31262,1977-10-14,Hindi,Monthly,PANDIT RAMESH DWIVEDI,RAMESH DWIVEDI,Rajasthan,Jodhpur
AGYAT KHABAR,CTHIN/25/A4934,2025-12-09,Hindi,Weekly,surendra kumar pandey,surendra kumar pandey,Chhattisgarh,Raigarh
AGYAT SHATRU,61492,1995-02-07,Hindi,Quarterly,SMT. VIMLA DEVI,SMT. VIMLA DEVI,Uttar Pradesh,Basti
AHA INDIA,RAJHIN/2010/36747,2013-12-24,Hindi,Fortnightly,MAHENDRA CHAUDHARY,MAHENDRA CHAUDHARY,Rajasthan,Jaipur
AHA ZINDAGI,RAJHIN/2004/13288,2004-10-17,Hindi,Monthly,SUDHIR AGGARWAL,SUDHIR AGGARWAL,Rajasthan,Jaipur
AHAM AWAM WAYAM,MAHMUL/2013/53138,2013-11-19,"English, Hindi, Gujarati, Marathi",Annual,SHRIKANT SHANKAR BAPAT,LABINDIA ANALYTICAL INSTRUMENTS PVT. LTD.,Maharashtra,Thane
AHAM AWAZ,CHHHIN/2015/74920,2018-02-23,Hindi,Monthly,NAIM AHMED,NAIM AHMED,Chhattisgarh,Raipur
AHAM KADAM,RJHIN/25/A1786,2025-07-09,Hindi,Fortnightly,Devendra Sharma,Devendra Sharma,Rajasthan,Rajsamand
AHAM KHABAR,MPHIN/2022/84811,2023-06-08,Hindi,Quarterly,SHAKIR SHAIKH,SHANKAR SINGH DEWADA,Madhya Pradesh,Ujjain
AHAM SATTA,UPHIN/2021/86326,2024-02-06,Hindi,Weekly,SHAKEEL AHMAD,SHAKEEL AHMAD,Uttar Pradesh,Ghaziabad
AHAM SUTR,RAJHIN/2014/58750,2014-12-08,Hindi,Weekly,ANAND KISHORE SHARMA,ANAND KISHORE SHARMA,Rajasthan,Jaipur
AHAR CONNECT,MAHENG/2013/60096,2015-02-06,English,Monthly,SHASHIKANT SHETTY,INDIAN HOTEL & RESTAURANT ASSOCIATION,Maharashtra,Mumbai
AHAR HOSPITALITY,MAHENG/2013/60129,2015-02-09,English,Quarterly,SHASHIKANT SHETTY,INDIAN HOTEL & RESTAURANT ASSOCIATION,Maharashtra,Mumbai
AHARBAL POST,JKBIL/2020/80985,2022-02-01,BILINGUAL,Monthly,ZUBAIR FAROOQ RATHER,ZUBAIR FAROOQ RATHER,Jammu and Kashmir,Kulgam
AHARNISH,46988,1988-11-24,English,Weekly,SHIORAJ CHAMPALAL MUNOT,SHIORAJ CHAMPALAL MUNOT,Maharashtra,Amravati
AHASHAS-E-WATAN,67472,1997-01-01,Urdu,Weekly,ABDUL LATIF,ABDUL LATIF,Uttar Pradesh,Kanpur Nagar
AHDE E NOUW,UPURD/2015/62784,2015-06-22,Urdu,Weekly,MOHD. FAROOK KHAN,MOHD. FAROOK KHAN,Uttar Pradesh,Gonda
AHDE E NOUW,UPURD/2013/49454,2013-05-03,URDU,Daily,MOHD FAROOQ KHAN,MOHD FAROOK KHAN,Uttar Pradesh,Bahraich
AHDE E NOUW,UPURD/2010/33970,2010-10-13,Urdu,Daily,MOHD. FAROOK KHAN,MOHD. FAROOK KHAN,Uttar Pradesh,Gonda
AHEAD,DELENG/2002/7160,2002-07-10,English,Monthly,DINESH SHARMA,DINESH SHARMA,Delhi,New Delhi
AHEM ITELLA,MAHURD/2013/53496,2013-12-11,Urdu,Daily,SYED OSMAN RASHEED,SYED OSMAN RASHEED,Maharashtra,Mumbai
AHEM ITELLA,WBURD/2016/72028,2017-05-31,Urdu,Daily,SYED OSMAN RASHEED,SYED OSMAN RASHEED,West Bengal,Kolkata
AHEM ITELLA,APURD/2015/63927,2015-08-27,Urdu,Daily,SYED OSMAN RASHEED,SYED OSMAN RASHEED,Andhra Pradesh,N T R
AHEM ITELLA,61410,1995-05-22,Urdu,Fortnightly,SYED OSMAN RASHEED,SYED OSMAN RASHEED,Andhra Pradesh,Hyderabad
AHEM ITELLA,TELURD/2006/16495,2006-04-25,Urdu,Daily,SYED OSMAN RASHEED,SYED OSMAN RASHEED,Telangana,Hyderabad
AHEM KHABRE,UPURD/2022/84497,2023-05-26,Urdu,Daily,SIMRAN GUPTA,SHIVENDRA PANDEY,Uttar Pradesh,Lucknow
AHERIYA TIMES,UTTHIN/2002/06950,2002-06-24,Hindi,Fortnightly,JAYPAL SINGH AHERIYA,JAYPAL SINGH AHERIYA,Uttarakhand,Udham Singh Nagar
AHEWAL,GUJGUJ/2000/04487,2001-07-28,Gujarati,Weekly,PARMAR HIMAT BACHUBHAI,HIMAT BACHU PARMAR,Gujarat,Rajkot
AHILYA DEVI SANDESH,MAHMAR/2007/27938,2009-06-08,Marathi,Monthly,ROHIDAS HIRALAL HAKE,ROHIDAS HIRALAL HAKE,Maharashtra,Dhule
AHILYA EXPRESS,MPHIN/2003/12694,2004-06-09,Hindi,Monthly,REWASHANKAR PATHAK,REWASHANKAR PATHAK,Madhya Pradesh,Indore
AHILYA KA NAGAR,45169,1988-07-25,Hindi,Weekly,M.S. KHUSHWAH,M.S. KHUSHWAH,Madhya Pradesh,Indore
AHILYA KIRAN,MAHMAR/2015/61226,2015-04-13,Marathi,Weekly,KALYANI SUJEET WAGHMODE,KALYANI SUJEET WAGHMODE,Maharashtra,Pune
AHILYA RAAJ,MAHBIL/2021/84313,2023-05-16,"Marathi, Hindi",Daily,SHITAL VASANT KOLTE,SHITAL VASANT KOLTE,Maharashtra,Buldhana
AHILYA TIMES,MAHMAR/2015/61518,2015-04-24,Marathi,Weekly,SONVALKAR RAJENDRA MANOHAR,SONVALKAR RAJENDRA MANOHAR,Maharashtra,Pune
AHILYA VANI,38218,2005-12-12,Hindi,Weekly,ANMOL TIWARI,KASTURI TIWARI,Madhya Pradesh,Indore
AHILYA VICHAR,MAHMAR/2009/37981,2011-06-23,Marathi,Weekly,ANUSHAYA MAHADEO LAMBHADE,ANUSHAYA MAHADEO LAMBHADE,Maharashtra,Washim
AHINDA BANDHU,KARKAN/2015/64964,2015-12-01,KANNADA,Fortnightly,B. KUMARASWAMY,B. KUMARASWAMY,Karnataka,Bengaluru
AHINDA MITRA,KARKAN/2014/58558,2014-11-27,Kannada,Fortnightly,K. B. DHANANJAYA MURTHY,K. B. DHANANJAYA MURTHY,Karnataka,Bengaluru
AHINDA PATRIKE,KARKAN/2022/81537,2022-06-09,Kannada,Daily,V.M. MANJUNATHA,V M MANJUNATHA,Karnataka,Kolar
AHINDA SAMACHAR,KARKAN/2014/60231,2015-02-16,Kannada,Fortnightly,K. M. ZIKRIYA,K. M. ZIKRIYA,Karnataka,Bengaluru
AHINDA SHAKTI,KNKAN/26/A0914,2026-02-06,Kannada,Daily,Prasanna T R,Prasanna T R,Karnataka,Chitradurga
AHINDA VANI,KNKAN/26/A6164,2026-07-25,Kannada,Daily,D T Manjunatha,D T Manjunatha,Karnataka,Kolar
AHINDI KSHETRA MAIN HINDI KA PRACHAR,48906,2005-12-12,Hindi,Fortnightly,AVINASH SHARMA,AVINASH SHARMA,Rajasthan,Jaipur
AHINSA,3683,1953-04-03,Hindi,Fortnightly,INDRA LAL SHASTRI,INDRA LAL JAIN SHASTRI,Rajasthan,Jaipur
AHINSA CHETNA SAMACHAR,UPHIN/2004/14386,2005-04-19,Hindi,Monthly,GIRISH MOHAN GUPTA,GIRISH MOHAN GUPTA,Uttar Pradesh,Meerut
AHINSA EXPRESS,UPHIN/2017/76880,2019-02-20,Hindi,Weekly,ARAMAN KHAN,ARAMAN KHAN,Uttar Pradesh,Sonbhadra
AHINSA KI TALWAR,UPHIN/2009/28958,2009-09-17,Hindi,Weekly,RANJEET KUMAR KASODHAN,RANJEET KUMAR KASODHAN,Uttar Pradesh,Siddharthnagar
AHINSA KI VIJAY,MPHIN/2021/80236,2021-10-05,Hindi,Quarterly,MOHAMMAD AFZAL,MOHAMMAD AFZAL,Madhya Pradesh,Bhopal
AHINSA KI VIJAY,MPHIN/2021/85543,2023-10-13,Hindi,Monthly,MOHAMMAD AFZAL,MOHAMMAD AFZAL,Madhya Pradesh,Bhopal
AHINSA KRANTI,RAJHIN/2019/79236,2021-01-05,Hindi,Daily,MUKESH KUMAR RIKHABCHAND,MUKESH KUMAR RIKHABCHAND,Rajasthan,Jodhpur
AHINSA KRANTI,RAJHIN/2016/71230,2017-04-24,Hindi,Fortnightly,MUKESH KUMAR RIKHABCHAND,MUKESH KUMAR RIKHABCHAND,Rajasthan,Jodhpur
AHINSA KRANTI,RAJHIN/2021/90724,2025-05-19,Hindi,Fortnightly,MUKESH KUMAR RIKHABCHAND,MUKESH KUMAR RIKHABCHAND,Rajasthan,Barmer
AHINSA PARMODHARAM,MPHIN/2012/42578,2012-05-28,Hindi,Monthly,MANOJ CHIRANIA,MANOJ CHIRANIA,Madhya Pradesh,Bhopal
AHINSANJALI,HARHIN/1999/04060,1999-10-29,Hindi,Monthly,SATYA NARIAN JAIN,J.P.JAIN,Haryana,Panchkula
AHIR GATHA,GUJGUJ/2011/37741,2011-06-07,Gujarati,Monthly,KARETHA KHODA MANSUR,KARETHA KHODA MANSUR,Gujarat,Junagadh
AHIR SANDESH,27517,1974-11-13,Gujarati,Monthly,CHAVDA BALRAM PUNJABHAI,AHIR SAMAJ TRUST,Gujarat,Junagadh
AHIR TIMES,GUJGUJ/2013/52649,2013-10-23,Gujarati,Weekly,Ahir Rahulkumar Harshadbhai,Ahir Rahulkumar Harshadbhai,Gujarat,Ahmedabad
AHIRAULIDAN KI AWAJ,UPHIN/2022/83979,2023-04-25,Hindi,Daily,SANJIV KUMAR SINGH,SANJIV KUMAR SINGH,Uttar Pradesh,Kushinagar
AHIRWAL TIMES,HRHIN/26/A1500,2026-03-16,Hindi,Weekly,Sajan Singh,Sajan Singh,Haryana,Gurugram
AHIRWAL TIMES,51556,1993-11-24,Hindi,Daily,SAJAN SINGH,SAJAN SINGH,Haryana,Gurugram
AHL US SUNNAH,MAHURD/2011/49433,2013-05-02,Urdu,Monthly,SAAD KHALID PATEL,SAAD KHALID PATEL,Maharashtra,Mumbai
AHLE SIYASAT,UPURD/2015/61306,2015-04-16,Urdu,Daily,B.B. SINGH CHAUHAN,B.B. SINGH CHAUHAN,Uttar Pradesh,Lucknow
AHLE SUBAH,JHURD/26/A2191,2026-04-06,Urdu,Daily,Prashant Sharan,Prashant Sharan,Jharkhand,Dhanbad
AHLE SUBAH,JHAURD/2020/79028,2020-11-03,Urdu,Daily,PRASHANT SHARAN,PRASHANT SHARAN,Jharkhand,Ranchi
AHLE ZAKHAM,34013,1980-01-01,Punjabi,Fortnightly,JOGINDER SINGH BHATIA,JOGINDER SINGH BHATIA,Punjab,Amritsar
AHLUWALIA TODAY,PUNBIL/2014/58581,2014-11-28,"English, Punjabi",Monthly,JASPREET SINGH AHLUWALIA,JASPREET SINGH AHLUWALIA,Punjab,Ludhiana
AHMAD E MUKHTRA,MAHURD/2013/50127,2013-06-04,Urdu,Weekly,MOHAMMED AHMED MUKHTAR KHAN,MOHAMMAD AHMED MUKHTAR KHAN,Maharashtra,Thane
AHMADPUR TIMES,MPHIN/2023/88743,2024-08-29,HINDI,Daily,MOHD SALAR GORY,MOHD SALAR GORY,Madhya Pradesh,Sehore
AHMED TIMES,70917,1999-06-18,"English, Urdu",Monthly,ANWAR ALI KHAN,ANWAR ALI KHAN,Telangana,Hyderabad
AHMEDABAD AMRUT,GJGUJ/26/A2387,2026-04-10,Gujarati,Weekly,VIJAY A CHAKRAVARTI,VIJAY A CHAKRAVARTI,Gujarat,Ahmedabad
AHMEDABAD BEAT,GUJGUJ/2013/56394,2014-08-04,Gujarati,Fortnightly,UTPAL GIRISHBHAI PATHAK,UTPAL GIRISHBHAI PATHAK,Gujarat,Ahmedabad
AHMEDABAD BUSINESS REVIEW NEWS,GUJGUJ/2018/76426,2018-11-16,Gujarati,Weekly,NARESHKUMAR G. PRAJAPATI,NARESHKUMAR G. PRAJAPATI,Gujarat,Ahmedabad
AHMEDABAD CAREER,GUJGUJ/2013/52318,2013-09-30,Gujarati,Monthly,MANOJ NAGINDAS SHAH,MANOJ NAGINDAS SHAH,Gujarat,Ahmedabad
AHMEDABAD CITY NEWS,GUJGUJ/2019/78459,2020-02-10,Gujarati,Daily,DINESHBHAI GUNJARMAL SHARMA,DINESHBHAI GUNJARMAL SHARMA,Gujarat,Ahmedabad
AHMEDABAD CITY NEWS,GUJGUJ/2009/31378,2010-03-17,Gujarati,Weekly,SHARMA DINESH GUNJARMAL,DINESHBHAI GUNJARMAL SHARMA,Gujarat,Ahmedabad
AHMEDABAD COVERAGE,GUJGUJ/2021/80963,2022-01-10,Gujarati,Weekly,PARITA NIKHIL BAROT,PARITA NIKHIL BAROT,Gujarat,Ahmedabad
AHMEDABAD CRIME,GUJGUJ/2013/52871,2013-10-30,Gujarati,Daily,PARESH B. PATEL,PARESH B. PATEL,Gujarat,Ahmedabad
AHMEDABAD CRIME,GUJGUJ/2010/31288,2013-02-15,Gujarati,Weekly,PARESH B. PATEL,PARESH B. PATEL,Gujarat,Ahmedabad
AHMEDABAD EXPRESS,GUJGUJ/2015/66164,2016-02-17,Gujarati,Daily,KALPESH JAYRAM KOSHTI,KALPESH JAYRAM KOSHTI,Gujarat,Vadodara
AHMEDABAD EXPRESS,GUJGUJ/2015/66555,2016-03-29,Gujarati,Daily,KALPESH JAYRAM KOSHTI,KALPESH JAYRAM KOSHTI,Gujarat,Surat
AHMEDABAD EXPRESS,GUJGUJ/2011/40654,2012-02-06,Gujarati,Daily,KALPESH JAYRAM KOSHTI,KALPESH JAYRAM KOSHTI,Gujarat,Ahmedabad
AHMEDABAD HEADLINE NEWS,GUJGUJ/2021/80937,2022-01-10,Gujarati,Fortnightly,VORA KULDEEP BHADRESHBHAI,VORA KULDEEP BHADRESHBHAI,Gujarat,Ahmedabad
AHMEDABAD HERITAGE,GUJGUJ/2020/79607,2021-03-05,Gujarati,Fortnightly,MOHAMMAD AAMIR MOHAMMAD HUSAIN PIPADWALA,MOHAMMAD AAMIR MOHAMMAD HUSAIN PIPADWALA,Gujarat,Ahmedabad
AHMEDABAD LAW TIMES,GUJBIL/2006/20713,2007-08-06,"English, Gujarati",Monthly,SHITAL ARVINDBHAI SONI,SHITAL ARVINDBHAI SONI,Gujarat,Ahmedabad
AHMEDABAD LAW TIMES,38406,1981-09-03,,Monthly,,,,
AHMEDABAD MEDICO NEWS,GUJENG/2006/17532,2006-10-25,English,Monthly,DR.MEHUL J.SHAH,AHMEDABAD MEDICAL ASSOCIATION,Gujarat,Ahmedabad
AHMEDABAD MIRROR,GUJENG/2005/16675,2012-02-14,ENGLISH,Daily,VASANT SURESHBHAI PATEL,SHAYONA TIMES PRIVATE LIMITED,Gujarat,Ahmedabad
AHMEDABAD MISSIONARY,11180,1957-01-01,English,Monthly,BROTHER S ABRIT SJ,THE BISHOP OF THE AHMEDABAD DIOCESE,Gujarat,Anand
AHMEDABAD MITRA,GUJGUJ/2018/76222,2018-10-15,Gujarati,Weekly,SHAIKH SHAHENAJBANU SHABBIRALI,SHAIKH SHAHENAJ BANU SHABBIR ALI,Gujarat,Ahmedabad
AHMEDABAD SAMAY,GUJGUJ/2015/62723,2015-06-19,Gujarati,Weekly,VISHAL R. PATANKAR,VISHAL R. PATANKAR,Gujarat,Ahmedabad
AHMEDABAD SPEED NEWS,GJGUJ/24/A0014,2024-11-20,Gujarati,Weekly,DABHI SONALBEN,DABHI SONALBEN,Gujarat,Ahmedabad
AHMEDABAD SUBAH,GUJHIN/2016/71780,2017-05-19,Hindi,Daily,ASHISH CHATURVEDI,ASHISH CHATURVEDI,Gujarat,Ahmedabad
AHMEDABAD TEHELKA,GUJHIN/2015/65543,2016-01-08,Hindi,Weekly,CHAUHAN RUSTAM SINGH,CHAUHAN RUSTAM SINGH,Gujarat,Ahmedabad
AHMEDABAD TEXTILE CHRONICLE,6083,1959-06-17,English,Weekly,B.R.SHAH,B.R.SHAH,Gujarat,Ahmedabad
AHMEDABAD TIMES,GUJENG/2002/05898,2002-02-06,English,Daily,RAMESH HUKMATRAI DHANANI,"BENNETT, COLEMAN & CO.LTD",Gujarat,Ahmedabad
AHMEDABAD TIMES MASALA MIX,GUJGUJ/2014/55797,2014-05-30,Gujarati,Daily,HITESH BUDHBHATTI,"BENNETT, COLEMAN & CO.LTD",Gujarat,Ahmedabad
AHMEDABAD TIMES OF INDIA,GUJENG/2002/07254,2009-12-16,English,Daily,Montoo Prakash Jain,"BENNETT, COLEMAN & CO.LTD",Gujarat,Ahmedabad
AHMEDABAD UDAY,GUJHIN/2021/80147,2021-09-13,Hindi,Weekly,AMOL VILAS DHABDAGE,AMOL VILAS DHABDAGE,Gujarat,Ahmedabad
AHMEDABADI NAVARATNA,GUJGUJ/2000/02383,2000-11-11,Gujarati,Weekly,DILIP M.PRAJAPATI,DILIP M.PRAJAPATI,Gujarat,Ahmedabad
AHMEDNAGAR DARPAN,MHMAR/25/A3800,2025-11-10,Marathi,Daily,Shaikh Yusuf Shabbir,Shaikh Yusuf Shabbir,Maharashtra,Ahilyanagar
AHMEDNAGAR GHADAMODI,MAHMAR/2017/75309,2018-05-25,Marathi,Daily,MANOJ VASUMAL MOTIYANI,MANOJ VASUMAL MOTIYANI,Maharashtra,Ahilyanagar
AHMEDNAGAR INSAF,MAHMAR/2012/43365,2012-06-25,Marathi,Weekly,SHAIKH IQBAL MUBARAK,SHAIKH IQBAL MUBARAK,Maharashtra,Ahilyanagar
AHMEDNAGAR PARISAR,MAHMAR/2018/76146,2018-10-03,Marathi,Weekly,PRAMOD RANGNATH ASHTEKAR,PRAMOD RANGNATH ASHTEKAR,Maharashtra,Ahilyanagar
AHMEDNAGAR PARIVARTAN,MAHMUL/2023/88143,2024-08-16,MULTILINGUAL,Weekly,RAMA ANNA SHINDE,RAMA ANNA SHINDE,Maharashtra,Ahilyanagar
AHMIYATH,TELURD/2008/56108,2014-07-04,Urdu,Daily,MD. IMRAN,MD. IMRAN,Telangana,Jagitial
AHNIK VARTA PATRAM,UTTSAN/2023/85321,2023-08-23,Sanskrit,Daily,ANAND NARAYAN SHUKLA,ANAND NARAYAN SHUKLA,Uttarakhand,Dehradun
AHNIK VARTA PATRAM,UPSAN/2023/87523,2024-06-12,SANSKRIT,Daily,ANAND NARAYAN SHUKLA,ANAND NARAYAN SHUKLA,Uttar Pradesh,Lucknow
AHNIK VARTA PATRAM,UPSAN/2018/76680,2019-01-15,Sanskrit,Daily,ANAND NARAYAN SHUKLA,ANAND NARAYAN SHUKLA,Uttar Pradesh,Prayagraj
AHOOTI,16935,2013-09-11,MARATHI,Weekly,GIRISH VASANT TRIVEDI,GIRISH VASANT TRIVEDI,Maharashtra,Thane
AHOOTI,9987,1963-01-01,Urdu,Weekly,JAGAN NATH DAWAR,JANGAN NATH DAWAR & BAHADUR CHAND GOYAL,Punjab,Firozpur
AHORAN SAMACHAR,64076,1996-09-17,Bengali,Weekly,AJAY CHANDRA AGARWAL,M/S BEECEE GRAPHIC MACHINES,West Bengal,Kolkata
AHTHMAA REPORTER,TNTAM/2009/30865,2010-02-10,Tamil,Fortnightly,B. FAZULUDEEN,B. FAZULUDEEN,Tamil Nadu,Tiruchirappalli
AHTISAB,JKURD/1998/00449,2000-03-06,Urdu,Weekly,IRSHAD MEHMOOD SHAH,IRSHAD MEHMOOD SHAH,Jammu and Kashmir,Srinagar
AHUJAS INTELLECTUAL PROPERTY CASES IPC,62518,1995-10-19,English,Other,SUDHIR DESH AHUJA,BUSINESS ESTATES PVT. LTD.,West Bengal,Kolkata
AHUJAS PATENT AND TRADEMARK NEWS,69567,1998-12-17,English,Other,SUDHIR DESH AHUJA,BUSINESS ESTATES PVT. LTD.,West Bengal,Kolkata
AHUJAS WORLD PATENT AND TRADE MARK NEWS,69594,1998-12-22,English,Other,SUDHIR DESH AHUJA,BUSINESS ESTATES PVT. LTD.,West Bengal,Kolkata
AHWAL E HIND,DELURD/2013/48869,2013-03-28,Urdu,Daily,YASMEEN RAHMANI,YASMEEN RAHMANI,Delhi,New Delhi
AIBSNLREA NEWS GUJARAT,GUJENG/2018/75929,2018-08-28,English,Half Yearly,AMBALAL BABALDAS PATEL,"AIBSNLREA, GUJARAT",Gujarat,Ahmedabad
AICRA FUTURE TECH,DELENG/2019/77726,2019-07-11,English,Monthly,RAJKUMAR SHARMA,COUNCIL FOR ROBOTICS & AUTOMATION(AICRA),Delhi,New Delhi
AIDA NEWS LETTER,DELENG/2001/05436,2001-12-07,English,Monthly,SHRI. PRAMOD SHARMA,ALL INDIA DISTILLERS ASSOCIATION,Delhi,New Delhi
AIE CANDOUR AN INTERNATIONAL JOURNAL IN SOCIAL SCIENCES AND EDUCATION,UPENG/2019/79275,2021-01-12,English,Four Monthly,SHUSHILA AGARWAL,ASSOCIATION FOR INNOVATIVE EDUCATION,Uttar Pradesh,Meerut
AIENA,37876,1981-12-06,Urdu,Weekly,AHMED MUKESH,,Telangana,Hyderabad
AIENA E CHASHM,44821,1985-12-24,Urdu,Weekly,AHMED MUKESH,AHMED MUKESH,Telangana,Hyderabad
AIFRUCTA NEWS,TELENG/2015/66657,2016-04-08,English,Bimonthly (Once in two months),K. TIRUVENKATACHARYULU,ALL INDIA FEDERATION OF RETIRED UNIVERSITY AND COLLEGE TEACHERS ASSOCIATIONS,Telangana,Rangareddy
AIFTP TIMES,MAHENG/2010/32910,2010-07-16,English,Monthly,KOTECHA MITESH ASHWIN,ALL INDIA FEDERATION OF TAX PRACTITIONERS,Maharashtra,Mumbai
AIITA,MPBIL/2015/66648,2016-04-08,"English, HINDI",Monthly,RAJESH SHUKLA,RAJESH SHUKLA,Madhya Pradesh,Indore
AIKA DAVNDI,MAHBIL/2005/15360,2005-10-10,"Marathi, Hindi",Weekly,SHARMA PRAKASH PRABHATILAL,SHARMA PRAKASH PRABHATILAL,Maharashtra,Akola
AIKKIYAA MADALOSAI,TNTAM/25/A2777,2025-09-22,Tamil,Monthly,KALIMUTHU,KALIMUTHU,Tamil Nadu,Tenkasi
AIKS NAAD,53585,2012-07-14,English,Monthly,TEJ KUMAR TIKOO,ALL INDIA KASHMIRI SAMAJ,Delhi,New Delhi
AIKYA,1982,1957-03-04,Marathi,Daily,SHAILENDRA SURESH PALNITKAR,M/S DAILY AIKYA,Maharashtra,Satara
AIKYAUPADHYAYA,APMUL/2019/80460,2021-11-15,MULTILINGUAL,Monthly,KANDALA SATYA SUBRAHMANYA PRASAD,A. P.UNITED TEACHERS FEDERATION,Andhra Pradesh,N T R
AIKYAUPADHYAYA,25433,1976-08-10,Telugu,Monthly,A. VENKATA SWAMY,A.P. UNITED TEACHERS FEDERATION,Telangana,Hyderabad
AILAN E AAM,MAHURD/2016/68333,2016-08-17,Urdu,Weekly,SALAHUDDIN AYYUBI SHAIKH RASHEED,SALAHUDDIN AYYUBI SHAIKH RASHEED,Maharashtra,Nashik
AILAN E JHARKHAND,JHAURD/2013/53064,2013-11-14,Urdu,Daily,ALE IMRAN,ALE IMRAN,Jharkhand,Ranchi
AILAN-E-AWADH,UPURD/2006/19780,2007-05-17,Urdu,Daily,SADIA HASAN,SADIA HASAN,Uttar Pradesh,Lucknow
AIMS AND ARROWS,DELENG/2017/74557,2018-02-05,English,Monthly,K.S. VISHAL,K S VISHAL,Delhi,New Delhi
AIN WAQT,UPHIN/2006/16633,2006-05-24,Hindi,Weekly,SUSHIL SHRIWASTAVA,SUSHIL SHRIVASTAVA,Uttar Pradesh,Lucknow
AINA E HYDERABAD,37875,2012-12-17,Urdu,Daily,MOHD. KALEEMUDDIN,MOHD. KALEEMUDDIN,Telangana,Hyderabad
AINA E JAMAL,BIHURD/2014/55981,2014-06-20,Urdu,Weekly,MD. NAYYAR AZAM,MD. NAYYAR AZAM,Bihar,Patna
AINA E NIZAMABAD,TELURD/2020/78818,2020-07-16,Urdu,Daily,HUMERA MEHENAZ MAZHAR,HUMERA MEHENAZ MAZHAR,Telangana,Nizamabad
AINA E SABOORI,DELHIN/2012/43961,2012-07-11,Hindi,Monthly,GULE RANA,GULE RANA,Delhi,New Delhi
AINA E SAMAJ,DELURD/2013/52560,2013-10-11,Urdu,Daily,MOHD. AHTESHAMUL HASAN,MOHD. AHTESHAMUL HASAN,Delhi,New Delhi
AINA E TIKAMGARH,MPHIN/2015/65670,2016-01-21,Hindi,Weekly,SHEKH RAEES,SHEKH RAEES,Madhya Pradesh,Tikamgarh
AINA INDIA,DELHIN/2004/13866,2005-02-02,Hindi,Weekly,SHAMA PARVIN SAIFI,SHAMA PARVIN SAIFI,Delhi,New Delhi
AINA KI GUNJ,DELHIN/2011/38327,2011-07-25,Hindi,Weekly,BINDU SHARMA,BINDU SHARMA,Delhi,New Delhi
AINA KUMAON KA,UAHIN/26/A2610,2026-04-15,Hindi,Fortnightly,Daya Joshi,Daya Joshi,Uttarakhand,Nainital
AINA SANDESH,UPHIN/2013/54061,2014-01-20,Hindi,Weekly,PAVITRA KUMAR TIWARI,PAVITRA KUMAR TIWARI,Uttar Pradesh,Ballia
AINA-A-KIRDAR,UPHIN/2022/83231,2023-01-31,Hindi,Weekly,KM RANI,KM RANI,Uttar Pradesh,Ghaziabad
AINA-E-HYDERABAD,38993,2012-12-17,Urdu,Weekly,MOHD. KALEEMUDDIN,MOHD. KALEEMUDDIN,Telangana,Hyderabad
AINA-E-SHEKHAVATI,57844,1994-03-15,Hindi,Fortnightly,RAMANAND SHARMA,RAMANAND SHARMA,Rajasthan,Jhunjhunu
AINAA E AWAAM,KARURD/2021/82488,2022-10-21,Urdu,Daily,SHAHEEN SULTANA,SHAHEEN SULTANA,Karnataka,Raichur
AIPNBOA NEWSLETTERS,26773,2013-08-06,English,Monthly,DILIP SAHA,ALL INDIA PUNJAB NATIONAL BANK OFFICERS ASSOCIATION,Delhi,New Delhi
AIR CIVIL CASES,MAHENG/2017/75853,2018-08-07,English,Monthly,SUMANT W. CHITALEY,ALL INDIA REPORTER PRIVATE LIMITED,Maharashtra,Nagpur
AIR COSTA HAPPY FLYING,MAHENG/2016/71014,2017-04-17,English,Monthly,ABBAS J. KAPADIA,BLITZ MULTIMEDIA PVT.LTD,Maharashtra,Mumbai
AIR POWER,DELENG/2006/18450,2007-02-09,English,Quarterly,AIR CMDE JASJIT SINGH(RETD.),FORUM FOR NATIONAL SECURITY STUDIES TRUST,Delhi,New Delhi
AIR-KARNATAKA HIGH COURT REPORTS,MAHENG/2000/10029,2003-06-05,English,Monthly,SUMANT W. CHITALEY,ALL INDIA REPORTER PVT. LTD.,Maharashtra,Nagpur
AIRA VARTA,RAJHIN/2016/71202,2017-04-20,Hindi,Weekly,IQBAL KHAN,IQBAL KHAN,Rajasthan,Bikaner
AIRAWAT PATRIKE,KARKAN/2022/83451,2023-02-28,Kannada,Monthly,NEELAKANTH BHAJANTRI,NEELAKANTH BHAJANTRI,Karnataka,Belagavi
AIRPORT TIMES,DELBIL/2014/56692,2014-08-26,"English, HINDI",Monthly,MANPREET SINGH,MANPREET SINGH,Delhi,New Delhi
AIRSON EXPRESS,MPHIN/2011/45437,2012-09-27,Hindi,Weekly,NARESH MANDEKAR,NARESH DAYALAL MANDEKAR,Madhya Pradesh,Betul
AIS JMI JOURNAL OF INTERNATIONAL AND AREA STUDIES,DELENG/2019/77502,2019-06-17,English,Annual,PROF. RASHMI DORAISWAMY,"MMAJ ACADEMY OF INTERNATIONAL STUDIES, JAMIA MILLIA ISLAMIA",Delhi,New Delhi
AISA KAL,UPHIN/2022/83748,2023-04-12,Hindi,Monthly,DHARMENDRA KUMAR SINGH,DHARMENDRA KUMAR SINGH,Uttar Pradesh,Lucknow
AISAS CRIME REPORTER,36926,1980-10-16,Hindi,Weekly,J C SEHGAL,J C SEHGAL,Haryana,Sonipat
AISESLENS,54140,1991-11-15,Hindi,Weekly,,,Madhya Pradesh,Gwalior
AISHBAG TODAY,MPHIN/2021/81884,2022-08-26,Hindi,Monthly,NEELAM MEHAR,NEELAM MEHAR,Madhya Pradesh,Bhopal
AISHBAG TODAY,MPHIN/2017/74191,2017-12-18,Hindi,Weekly,NEELAM MEHAR,NEELAM MEHAR,Madhya Pradesh,Bhopal
AISHBAG TODAY,MPHIN/2018/77680,2019-07-03,Hindi,Fortnightly,NEELAM MEHAR,NEELAM MEHAR,Madhya Pradesh,Bhopal
AISHWARYA,MAHMAR/2005/15972,2012-04-26,Marathi,Annual,SUNJJOY MANOHAR DAHAKE,M/S.KOTHRUD MITRA NEWSPAPERS PRIVATE LIMITED,Maharashtra,Pune
AISHWARYA PRABHA,MAHHIN/2013/54435,2014-02-28,Hindi,Weekly,ARCHANA S. SHRIVASTAV,ARCHANA S. SHRIVASTAV,Maharashtra,Mumbai
AITIHASIK QADAM,UPHIN/2021/82168,2022-09-19,Hindi,Monthly,SANDHYA MISHRA,SANDHYA MISHRA,Uttar Pradesh,Lucknow
AITIHASIK RAJDHANI,MPHIN/2011/43000,2012-06-20,Hindi,Monthly,VIRENDRA KUMAR PATHAK,VIRENDRA KUMAR PATHAK,Madhya Pradesh,Bhopal
AITIHYA KHABAR,ORORI/26/A3774,2026-05-15,Oriya,Monthly,ISWAR JENA,ISWAR JENA,Odisha,Cuttack
AITIJYA BANGLA,WBBEN/2014/58536,2014-11-27,Bengali,Weekly,KRISHNENDU KUNDU,KRISHNENDU KUNDU,West Bengal,North 24 Parganas
AITORMA,TRIKOK/2013/56055,2014-06-27,English,Monthly,FR. BENNY MUSHAHARY SDB,DON BOSCO WELFARE SOCIETY,Tripura,West Tripura
AIWAN-E-URDU DELHI,45938,2014-10-08,URDU,Monthly,MOHAMMAD AHSAN ABID,"URDU ACADEMY, DELHI",Delhi,New Delhi
AJ,47967,1989-07-05,Hindi,Daily,SURESH SINGH,JNANAMANDAL LTD.,Uttar Pradesh,Lucknow
AJ DI AWAZ,46843,2005-12-12,PUNJABI,Daily,ARSHDEEP SINGH SAMRA,"PANTH MATA SAHIB KAUR, CHARITABLE TRUST",Punjab,Jalandhar
AJ DI AWAZ,PUNPUN/2015/70097,2017-01-25,Punjabi,Daily,GURMUKH SINGH,"PANTH MATA SAHIB KAUR, CHARITABLE TRUST",Punjab,Bathinda
AJ KAL PARSU,WBBEN/2007/21163,2007-09-20,Bengali,Fortnightly,JAYANTA KUMAR DATTA,JAYANTA KUMAR DATTA,West Bengal,Purba Bardhaman
AJA KACHANG,MANTHN/2019/78010,2019-09-20,English,Monthly,VALLEYROSE HUNGYO,VALLEYROSE HUNGYO,Manipur,Imphal East
AJAATHA SHTRU,TGBIL/26/A0173,2026-01-01,"Telugu, English",Daily,Adulapuram Ravindra prasad,Adulapuram Ravindra prasad,Telangana,Siddipet
AJAB GAJAB,58478,1994-06-16,Hindi,Weekly,HARI LAL JAISWAL,HARI LAL JAISWAL,Uttar Pradesh,Lucknow
AJAB GAJAB,64373,1996-10-03,Hindi,Fortnightly,HARILAL JAISWAL,HARILAL JAISWAL,Uttar Pradesh,Lucknow
AJAB KI DUNIYA,MPHIN/2011/38633,2011-08-23,Hindi,Monthly,RIYAZ KHAN,RIYAZ KHAN,Madhya Pradesh,Bhopal
AJAB-GAJAB SAMACHAR,GUJGUJ/2001/05832,2002-01-29,Gujarati,Weekly,KAUSHIK VINAYAKRAI BHATT,KAUSHIK VINAYAKRAI BHATT,Gujarat,Bhavnagar
AJACHA MAHARASHTRA,MAHMAR/2009/28412,2009-07-20,Marathi,Daily,SANTOSH BHAURAO GHARAT,SANTOSH BHAURAO  GHARAT,Maharashtra,Raigarh
AJACHA-AMADAR,MAHMAR/2006/22792,2008-02-04,Marathi,Weekly,Santosh Ashok Abbad,Santosh Ashok Abbad,Maharashtra,Chhatrapati Sambhaji Nagar
AJACHI UDYOG NAGARI,MAHMAR/2016/67182,2016-06-03,Marathi,Weekly,DEEPA MOHAN WAGHMARE,DEEPA MOHAN WAGHMARE,Maharashtra,Thane
AJAD HINDIM,13100,1957-01-01,Hindi,Weekly,GOPAL CHOURISHI,BHARAT PRAKASHAN SAMITI,Madhya Pradesh,Ujjain
AJAGAR BHOOMI,UPHIN/2007/21359,2007-10-17,Hindi,Fortnightly,CHAUDHARY OM PRAKASH SINGH,CHAUDHARY OM PRAKASH SINGH,Uttar Pradesh,Bulandshahr
AJAKA GOTALA,71570,1999-09-06,Gujarati,Weekly,NEETA N TRIVEDI,ASHWAJIT PUBLICATION,Gujarat,Surendranagar
AJAMGARH TIMES,50950,1990-01-09,Hindi,Weekly,MIRA MISHRA,RAVIKANT MISHRA,Uttar Pradesh,Azamgarh
AJAMGARH UDGAR,63328,1996-02-28,Hindi,Daily,SHIVANAND SINGH,SHIVANAND SINGH,Uttar Pradesh,Azamgarh
AJANA PATHIK,53112,1993-02-16,Bengali,Fortnightly,ACHARIYA MAHESHANANDA AVADHUTA,PROUTISTS UNIVERSAL,West Bengal,Purba Bardhaman
AJANA RAHSHYA,WBBEN/2003/10932,2003-10-09,Bengali,Weekly,ARUN SEN GUPTA,ARUN SEN GUPTA,West Bengal,Purba Bardhaman
AJANTA,APURD/2008/28793,2009-08-27,Urdu,Weekly,RISHI MAMCHAND KAUSHICK,RISHI MAMCHAND KAUSHICK,Andhra Pradesh,Hyderabad
AJANTA FAST WAY,PBBIL/25/A2712,2025-09-19,"Hindi, Punjabi",Monthly,Manish Kumar,Manish Kumar,Punjab,Ludhiana
AJANTA LOKWARTA,MHHIN/26/A0489,2026-01-20,Hindi,Weekly,Shaikh Iqbal Ahmed Abdul Razzaque,Shaikh Iqbal Ahmed Abdul Razzaque,Maharashtra,Chhatrapati Sambhaji Nagar
AJAPALAKAN,KERMAL/2010/34547,2011-02-04,Malayalam,Monthly,SAJUMON MATHEW (FR. THOMAS),SAJUMON MATHEW (FR. THOMAS),Kerala,Kannur
AJATASHATRU TIMES,UPHIN/2018/77308,2019-05-07,Hindi,Weekly,ARTI RAI,SURAJ PRASAD RAI,Uttar Pradesh,Sitapur
AJATASHATRU TIMES,UPHIN/2023/86744,2024-03-28,Hindi,Half Yearly,ARTI RAI,SURAJ PRASAD RAI,Uttar Pradesh,Sitapur
AJATHA SHATHRU,KNKAN/26/A4008,2026-05-21,Kannada,Daily,Pradeep kumar,Pradeep kumar,Karnataka,Koppal
AJAY BHARAT,CHHHIN/2015/62418,2015-06-04,Hindi,Daily,AJAY DIXIT,AJAY DIXIT,Chhattisgarh,Raipur
AJAY BHARAT,MPHIN/2014/57342,2014-09-18,Hindi,Daily,AJAY DIXIT,AJAY DIXIT,Madhya Pradesh,Bhopal
AJAY BHARAT,RAJHIN/2014/55926,2014-06-16,Hindi,Daily,AJAY DIXIT,AJAY DIXIT,Rajasthan,Dhaulpur
AJAY BHARAT,DELHIN/2016/68007,2016-07-29,Hindi,Daily,AJAY DIXIT,AJAY DIXIT,Delhi,New Delhi
AJAY BHARAT,MPHIN/2008/24023,2008-05-23,Hindi,Daily,AJAY DIXIT,AJAY DIXIT,Madhya Pradesh,Morena
AJAY BHARAT,MPHIN/2013/53959,2014-01-13,Hindi,Daily,AJAY DIXIT,AJAY DIXIT,Madhya Pradesh,Gwalior
AJAY BHARAT,UPHIN/25/A0859,2025-06-03,Hindi,Daily,AJAY DIXIT,AJAY DIXIT,Uttar Pradesh,Mathura
AJAY BHARAT,MPHIN/2014/58809,2014-12-10,Hindi,Daily,AJAY DIXIT,AJAY DIXIT,Madhya Pradesh,Bhind
AJAY BHARAT,CHAHIN/2022/85706,2023-11-10,Hindi,Daily,AJAY DIXIT,AJAY DIXIT,Chandigarh,Chandigarh
AJAY DARPAN,MPHIN/2016/66054,2016-02-08,Hindi,Quarterly,AKSHAY GUPTA,AKSHAY GUPTA,Madhya Pradesh,Bhopal
AJAY DHARA,GUJHIN/2015/60882,2015-03-21,Hindi,Weekly,AJAY DHANSUKH BHAI DUBE,AJAY DHANSUKHBHAI DUBEY,Gujarat,Surat
AJAY KI PUKAR,MPHIN/2011/42829,2012-06-13,Hindi,Monthly,ANITA VISHWAKARMA,ANITA VISHWAKARMA,Madhya Pradesh,Bhopal
AJAY KRANTI,MPHIN/2017/74991,2018-03-07,Hindi,Weekly,AJAY SINGH CHOUHAN,AJAY SINGH CHOUHAN,Madhya Pradesh,Ujjain
AJAY KRANTI,MPHIN/25/A2842,2025-09-23,Hindi,Daily,AJAY SINGH CHAOUHAN,AJAY SINGH CHAOUHAN,Madhya Pradesh,Ujjain
AJAY MERU,48750,1990-01-01,Hindi,Daily,,,,
AJAY SAHARA,MPHIN/2021/82591,2022-10-28,Hindi,Daily,AJAY DANDOTIYA,AJAY DANDOTIYA,Madhya Pradesh,Morena
AJAY SAMAY,MPHIN/2022/85001,2023-06-14,Hindi,Monthly,PRAKASH ROHRA,PRAKASH ROHRA,Madhya Pradesh,Jabalpur
AJAY SANKALP,GJGUJ/26/A4669,2026-06-04,Gujarati,Weekly,Pathan Fatemaben Ali Mohammed,Pathan Fatemaben Ali Mohammed,Gujarat,Ahmedabad
AJAY TODAY,MPHIN/2015/65450,2016-01-04,Hindi,Quarterly,AJAY AHIRWAR,AJAY AHIRWAR,Madhya Pradesh,Bhopal
AJAY UJAGAR,MPHIN/2022/82288,2022-10-06,Hindi,Weekly,Prashant Sharma,Prashant Sharma,Madhya Pradesh,Morena
AJAY VIJAY,MAHMAR/2015/62657,2015-06-17,Marathi,Weekly,DNYESHWAR NAMDEVRAO CHORPAGAR,DNYANESHWAR NAMDEORAO CHORAPAGAR,Maharashtra,Amravati
AJAY YODDHA,MPHIN/26/A6278,2026-07-30,Hindi,Weekly,Noor Mohammad,Noor Mohammad,Madhya Pradesh,Dewas
AJAYA KARNATAKA,KARKAN/2021/83099,2022-12-23,Kannada,Daily,AJAY YELSANGIKAR,AJAY YELSANGIKAR,Karnataka,Yadgir
AJAYA VANI,KNKAN/25/A3781,2025-11-07,Kannada,Daily,AKSHAY,AKSHAY,Karnataka,Yadgir
AJAYAB BANI,RAJHIN/2003/09899,2003-05-21,Hindi,Monthly,PREM PRAKASH CHHABRA,PREM PRAKASH CHHABRA,Rajasthan,Ganganagar
AJAYMERU JOURNAL OF MEDICAL EDUCATION AND RESEARCH,RAJENG/2018/76743,2019-01-28,English,Quarterly,DR. RAJENDRA KUMAR GOKHROO,"PRINCIPAL AND CONTROLLER, J L N MEDICAL COLLEGE",Rajasthan,Ajmer
AJAYMERU TIMES,RAJHIN/2008/25702,2008-09-24,Hindi,Fortnightly,PANKAJ JAIN,PANKAJ JAIN,Rajasthan,Ajmer
AJEY BHARAT,DELHIN/2000/02038,2000-09-23,Hindi,Weekly,UMESH JOSHI,UMESH JOSHI,Delhi,New Delhi
AJEY NEWS,GUJGUJ/2017/73801,2017-11-14,Gujarati,Weekly,PANDYA DHAVAL KUMAR KALIDAS,PANDYA DHAVAL KUMAR KALIDAS,Gujarat,Gandhinagar
AJEY SAMACHAR JAGAT,55910,1992-09-18,Hindi,Weekly,MANJU GOSWAMI,MANJU GOSWAMI,Uttar Pradesh,Meerut
AJEYA,70994,1999-06-29,KANNADA,Daily,M. SRINIVASAN,M. SRINIVASAN,Karnataka,Shimoga
AJEYA VARTA,UPHIN/2023/85822,2024-01-30,Hindi,Weekly,AJAY SINGH BHADAURIA,AJAY SINGH BHADAURIA,Uttar Pradesh,Fatehpur
AJGAR DOOT,55867,1992-08-12,Hindi,Weekly,RAM SINGH TOMAR,RAM SINGH TOMAR,Uttar Pradesh,Meerut
AJGAR DOOT,51639,1991-10-07,Hindi,Weekly,RAM SINGH TOMAR,RAM SINGH TOMAR,Uttar Pradesh,Ghaziabad
AJGARDOOT,66066,1997-05-06,Hindi,Daily,RAM SINGH TOMAR,RAM SINGH TOMAR,Uttar Pradesh,Azamgarh
AJIKALI,ORIORI/2005/14962,,Oriya,Daily,KISHORE DAS,KISHORE DAS,Odisha,Odisha
AJIKALI,44026,1986-06-06,Oriya,Daily,KISHORE DAS,NIRMALYA MOHANTY,Odisha,Baleshwar
AJINKY NAGRI,MAHMAR/2022/84628,2023-05-29,Marathi,Weekly,KUNAL DASHRATH GAIKWAD,KUNAL DASHRATH GAIKWAD,Maharashtra,Ahilyanagar
AJINKYA BHARAT,MAHMAR/2009/35271,2011-01-12,Marathi,Daily,TIKSHNAGAT SUGAT WAGHMARE,TIKSHNAGAT MEDIA PRIVATE LIMITED,Maharashtra,Akola
AJINKYA BHARAT,GUJHIN/2019/77020,2019-03-14,Hindi,Weekly,KHAN SHAMPRAVEZ SAFIQUE AHAMAD KHAN,KHAN SHAMPRAVEZ SAFIQUE AHAMAD KHAN,Gujarat,Surat
AJINKYA BHARAT,MAHMAR/2011/37021,2011-05-02,Marathi,Daily,TIKSHNAGAT SUGAT WAGHMARE,TIKSHNAGAT MEDIA PRIVATE LIMITED,Maharashtra,Buldhana
AJINKYA KESARI,MAHMAR/2023/87479,2024-06-12,MARATHI,Daily,SAMADHAN TUKARAM WANI,SAMADHAN TUKARAM WANI,Maharashtra,Chhatrapati Sambhaji Nagar
AJINKYA PRABODHAN WARTA,MHMAR/25/A0714,2025-05-30,Marathi,Daily,Azad Balwant Avhad,Azad Balwant Avhad,Maharashtra,Nashik
AJINKYA SAHYADRI,MAHMAR/2021/82601,2022-10-28,Marathi,Weekly,SAMRAT TUKARAM GAIKWAD,SAMRAT TUKARAM GAIKWAD,Maharashtra,Satara
AJINKYA YODHA,MAHMAR/2020/79976,2021-07-15,Marathi,Daily,YASHWANT BHIKAJI HARNE,YESHWANT BHIKAJI HARNE,Maharashtra,Dhule
AJINKYAWARTA,MHMAR/25/A0538,2025-05-28,Marathi,Weekly,Himmat Bhimrao Dhole,Himmat Bhimrao Dhole,Maharashtra,Amravati
AJINTHA EXPRESS,MAHMAR/2007/21089,2007-09-10,Marathi,Daily,DEELIP VINAYAKRAO SHINDE,SHINDE DILIP VINAYAKRAO,Maharashtra,Nanded
AJINTHA LOKPRATIBIMB,MHMAR/26/A4727,2026-06-05,Marathi,Daily,Mangesh Ambadas Sananse,Mangesh Ambadas Sananse,Maharashtra,Chhatrapati Sambhaji Nagar
AJIR DAINIK BATORI,ASSASS/2005/14968,,Assamese,Daily,DALIT KALITA,HKS PUBLICAIONS LTD.,Assam,Dibrugarh
AJIRA AHWAN,ODIODI/2014/61586,2015-04-27,Oriya,Monthly,MANAS RANJAN JENA,MANAS RANJAN JENA,Odisha,Jajapur
AJIRA ODISHA,ODIODI/2006/16661,2006-05-29,Oriya,Fortnightly,LIPIKA MISHRA,AJIRA ODISHA PRACHAR SAMITI,Odisha,Anugul
AJIRA ODISHA DARBAR,ODIODI/2011/39025,2011-09-29,Oriya,Fortnightly,RABINDRA KUMAR MOHARANA,RABINDRA KUMAR MOHARANA,Odisha,Ganjam
AJIRA SAVYATA,ODIODI/2010/31207,2010-03-05,Oriya,Monthly,SANJEEV SAHOO,SANJEEV SAHOO,Odisha,Khordha
AJIRA TUFAN,ODIODI/2013/50566,2013-07-01,Oriya,Daily,TAPAN KUMAR PATI,TAPAN KUMAR PATI,Odisha,Mayurbhanj
AJIT,CHAPUN/2015/59762,2015-01-22,Punjabi,Daily,Rajinder Singh,SADHU SINGH HAMDARD TRUST,Chandigarh,Chandigarh
AJIT,PUNPUN/2017/70557,2017-03-02,Punjabi,Daily,Rajinder Singh,SADHU SINGH HAMDARD TRUST,Punjab,Bathinda
AJIT,7107,1990-03-22,PUNJABI,Daily,Rajinder Singh,SADHU SINGH HAMDARD TRUST,Punjab,Jalandhar
AJIT PARTH NEWS,UPHIN/2015/62575,2015-06-12,Hindi,Weekly,AJIT MANI TRIPATHI,AJIT MANI TRIPATHI,Uttar Pradesh,Basti
AJIT SAMACHAR,CHAHIN/2015/59797,2015-01-27,Hindi,Daily,RAJINDER SINGH,SADHU SINGH HAMDARD TRUST,Chandigarh,Chandigarh
AJIT SAMACHAR,63293,1996-02-26,Hindi,Daily,RAJINDER SINGH,SADHU SINGH HAMDARD TRUST,Punjab,Jalandhar
AJIT SAMACHAR,PUNHIN/2017/71166,2017-04-19,Hindi,Daily,Rajinder Singh,SADHU SINGH HAMDARD TRUST,Punjab,Bathinda
AJITANJAY SAMACHAR MITRA,RAJHIN/2011/41325,2012-03-28,Hindi,Fortnightly,BIRDY CHAND,BIRDY CHAND,Rajasthan,Ajmer
AJIVAK NEWS,UPHIN/2023/85805,2023-11-30,Hindi,Monthly,ANIL KUMAR,ANIL KUMAR,Uttar Pradesh,Basti
AJJ DI GALL,64903,1994-01-01,Punjabi,Fortnightly,DARSHAN LAL HIRA,DARSHAN LAL HIRA,Punjab,Firozpur
AJJAKS TIMES,MPHIN/2009/30931,2010-02-12,Hindi,Weekly,DEVENDRA SURYAVANSHI,DEVENDRA SURYAVANSHI,Madhya Pradesh,Bhopal
AJJKER BARTALAP,WBBEN/25/A5333,2025-12-19,Bengali,Weekly,PARTHA MUKHERJEE,PARTHA MUKHERJEE,West Bengal,Hooghly
AJJKER NABANNA,WBBEN/26/A0460,2026-01-16,Bengali,Quarterly,NITIS CHANDRA ROY,NITIS CHANDRA ROY,West Bengal,Kolkata
AJJTAK MHATMA JYOTIBA FHULE NEWS,GUJGUJ/2011/39456,2011-11-05,GUJARATI,Fortnightly,KHETAJI SONAJI  SOLANKI,KHETAJI SONAJI  SOLANKI,Gujarat,Banaskantha
AJKAL,701,1957-03-04,Hindi,Monthly,Rajeev Kumar Jain,"PUBLICATION DIVISION, MINISTRY OF I & B",Delhi,New Delhi
AJKAL,948,1957-03-04,Urdu,Monthly,Rajeev Kumar Jain,"PUBLICATION DIVISION, MINISTRY OF I & B",Delhi,New Delhi
AJKER BANGLA,WBBEN/2000/02538,2000-12-18,Bengali,Monthly,NASIR UDDIN,NASIR UDDIN,West Bengal,Howrah
AJKER DESHABARTI,53207,1994-09-06,Bengali,Weekly,KARTICK PAL,WEST STATE COMMITTEE.COMMUNIST PARTY OF INDIA,West Bengal,Kolkata
AJKER DRISHTI KON,WBBEN/2023/85922,2023-12-08,Bengali,Fortnightly,KAUSIK CHATTARAJ,KAUSIK CHATTARAJ,West Bengal,Paschim Bardhaman
AJKER FARIAD,23541/72,2005-12-12,BENGALI,Daily,SANIT DEBROY,PYRAMID PRINTERS & PUBLISHERS PVT. LTD.,Tripura,West Tripura
AJKER GRAM BANGLA,WBBEN/2011/40812,2012-08-01,Bengali,Fortnightly,SAMARENDRA JANA,SAMARENDRA JANA,West Bengal,Purba Medinipur
AJKER HOWRAH,WBBEN/2018/81666,2022-07-12,Bengali,Fortnightly,AMIT KUMAR GHOSH,AMIT KUMAR GHOSH,West Bengal,Howrah
AJKER JODHAN,53025,1991-09-18,Bengali,Monthly,BASUDEV MONDAL,BASUDER MAONDAL,West Bengal,Purba Bardhaman
AJKER NALISH,TRIBEN/2011/39297,2011-10-14,Bengali,Weekly,DEBASREE BHOWMIK,DEBASREE BHOWMIK,Tripura,West Tripura
AJKER PURBABHAS,WBBIL/2018/76235,2018-10-17,"English, Bengali",Quarterly,DHIMAN SARKAR,DHIMAN SARKAR,West Bengal,South 24 Parganas
AJKER SAMPURNA,WBBEN/2015/62870,2015-06-25,Bengali,Fortnightly,DIPAK KUMAR GHOSH,APOLLO GLENEAGLES HOSPITAL EDUCATIONAL TRUST,West Bengal,North 24 Parganas
AJKER TRIPURA,28424,1976-02-06,Bengali,Weekly,SUBHAS DAS,SUBHAS DAS,Tripura,West Tripura
AJMER AAJKAL,RAJHIN/2006/18525,2010-04-21,HINDI,Fortnightly,AKLESH JAIN,AKLESH JAIN,Rajasthan,Ajmer
AJMER ADALAT,56355,1993-10-06,Hindi,Daily,SHAIKHZADA ZULFIKAR CHISTI,SHAIKHZADA ZULFIKAR CHISTI,Rajasthan,Ajmer
AJMER DOOT,46329,1986-04-30,Hindi,Weekly,Monika Jain,Monika Jain,Rajasthan,Ajmer
AJMER JAGRAN,54657,1992-07-16,Hindi,Weekly,JITENDRA KUMAR NARSINGHANI,JITENDRA KUMAR NARSINGHANI,Rajasthan,Ajmer
AJMER KA AAINA,RAJHIN/2017/72173,2017-06-08,Hindi,Weekly,OM PRAKASH NAJWANI,OM PRAKASH NAJWANI,Rajasthan,Ajmer
AJMER KA PAKSHI,56306,1993-07-06,Hindi,Fortnightly,PANDIT SRIKRISHAN MISHRA,PANDIT SHRIKISHAN MISHRA,Rajasthan,Ajmer
AJMER KI AWAZ,RAJHIN/2015/74070,2017-12-04,Hindi,Fortnightly,GAJENDRA SINGH,GAJENDRA SINGH,Rajasthan,Ajmer
AJMER KI MASHAL,RAJHIN/2022/91053,2025-07-16,Hindi,Fortnightly,RASHIKA MAHARISHI,RASHIKA MAHARISHI,Rajasthan,Jaipur
AJMER KI MASHAL,57832,2012-11-20,Hindi,Fortnightly,RASHIKA MAHARISHI,RASHIKA MAHARISHI,Rajasthan,Ajmer
AJMER KIRAN,57915,1993-07-23,Hindi,Fortnightly,,,,
AJMER METRO,RAJHIN/2013/55187,2014-04-04,Hindi,Fortnightly,RESHMA THAKUR,RESHMA THAKUR,Rajasthan,Ajmer
AJMER MUSKAN,RAJHIN/2019/78214,2019-11-29,Hindi,Fortnightly,VIJAY KUMAR HANSRAJANI,VIJAY KUMAR HANSRAJANI,Rajasthan,Ajmer
AJMER POLITICS,RAJHIN/2014/57887,2014-10-22,Hindi,Weekly,MOHAMMED IMRAN KHAN,MOHAMMED IMRAN KHAN,Rajasthan,Ajmer
AJMER RAJ NEWS TIMES,RAJHIN/2023/90972,2025-06-19,HINDI,Fortnightly,SYED MOHAMMAD SALIM,SYED MOHAMMAD SALIM,Rajasthan,Ajmer
AJMER SAMRAT,57789,1993-02-24,Hindi,Fortnightly,TARA CHAND PANCHAL,TARA CHAND PANCHAL,Rajasthan,Ajmer
AJMER SANGAM,56244,2005-12-12,Hindi,Fortnightly,SARVAR SIDDIQUI,SARVAR SIDDIQUI,Rajasthan,Ajmer
AJMER SHARIF,56287,1993-06-18,Hindi,Fortnightly,KISHORE SINGH,KISHORE SINGH,Rajasthan,Ajmer
AJMER TODAY,48875,2005-12-12,Hindi,Fortnightly,ANURAG JAIN,ANURAG JAIN,Rajasthan,Ajmer
AJMER VOICE,RAJHIN/2010/33263,2010-08-11,Hindi,Fortnightly,ANUPAM JAIN,ANUPAM JAIN,Rajasthan,Ajmer
AJMERA TIMES,HARHIN/2017/75185,2018-05-10,Hindi,Weekly,PHOOL KUMAR,PHOOL KUMAR,Haryana,Hisar
AJMIDH NANDADEEP SANDESH,MHHIN/25/A2612,2025-09-17,Hindi,Monthly,Dileepkumar Lalchand Varma,Dileepkumar Lalchand Varma,Maharashtra,Chhatrapati Sambhaji Nagar
AJNABI DUNIYA,UTTHIN/2006/18174,2007-01-12,Hindi,Weekly,VINOD KUMAR VERMA,VINOD KUMAR VERMA,Uttarakhand,Dehradun
AJNALA NEWS,PBPUN/26/A3550,2026-05-12,Punjabi,Monthly,LAKHAN PAL,LAKHAN PAL,Punjab,Amritsar
AJNAR KI HALCHAL,MPHIN/2023/87732,2024-07-03,HINDI,Monthly,AMEEN KHA,AMEEN KHA,Madhya Pradesh,Rajgarh
AJNAR KI PUKAR,MPHIN/2023/87731,2024-07-03,HINDI,Weekly,AMEEN KHA,AMEEN KHA,Madhya Pradesh,Rajgarh
AJNU SURAT,GUJGUJ/2008/28214,2009-07-06,Gujarati,Weekly,BHAVESHBHAI B. VAGHAMASHI,BHAVESH B. VAGHAMASHI,Gujarat,Surat
AJOD AWAAZ,GJGUJ/25/A4034,2025-11-19,Gujarati,Weekly,VAGHELA KAMLESHSINGH GODDSINGH,VAGHELA KAMLESHSINGH GODDSINGH,Gujarat,Banaskantha
AJOOBA TIMES,DELHIN2001/04756,2001-02-15,Hindi,Fortnightly,AVINASH PURI,AVINASH PURI,Delhi,New Delhi
AJOOBI DUNIYA,MPHIN/2009/28939,2009-09-22,Hindi,Weekly,LALTESH KUMAR,LALTESH KUMAR,Madhya Pradesh,Bhopal
AJOY ASHOK,38741,1980-02-02,Hindi,Weekly,,,,
AJRA NEWS,UPHIN/2010/36633,2011-04-05,Hindi,Weekly,MOHD. ZARREYAB KHAN,MOHD. ZARREYAB KHAN,Uttar Pradesh,Fatehpur
AK BINDHAST PRAHAR,MAHBIL/2024/89681,2024-10-17,BILINGUAL,Weekly,JYOTI MANOJ PATIL,JYOTI MANOJ PATIL,Maharashtra,Nagpur
AKAAL NEWS,UPHIN/2014/56536,2014-08-13,Hindi,Weekly,TARSEM SINGH,TARSEM SINGH,Uttar Pradesh,Lakhimpur Kheri
AKACH LAKSHYA,MAHMAR/2012/46653,2013-01-01,Marathi,Weekly,ATISH PRAKASH BIDKAR,ATISH PRAKASH BIDKAR,Maharashtra,Buldhana
AKAL PURUSH,GUJGUJ/2020/84297,2023-05-16,Gujarati,Monthly,RAJENDRABHAI KHIMANI,"SUSHIL TRUST, NILPAR",Gujarat,Kutch
AKALI PATRIKA,23,1957-03-04,Punjabi,Daily,BIR PAL SINGH,THE SIKH NEWSPAPERER LTD.,Punjab,Jalandhar
AKALVIR,GUJGUJ/2018/77795,2019-07-29,Gujarati,Weekly,SANDSUR TAKHUBHAI ALABHAI,SANDSUR TAKHUBHAI ALABHAI,Gujarat,Bhavnagar
AKANDA NUEES,APTEL/25/A2580,2025-09-16,Telugu,Monthly,Saguturu Venkata Ramana Ravi Babu,Saguturu Venkata Ramana Ravi Babu,Andhra Pradesh,Guntur
AKANKSHA EXPRESS,UPHIN/2017/71979,2017-06-01,Hindi,Daily,ANIS AHMAD SIDDIQUI,ANIS AHMAD SIDDIQUI,Uttar Pradesh,Lucknow
AKANKSHA POST,PUNBIL/2012/46234,2012-11-09,"English, HINDI",Annual,RAJIV NARANG,RAJIV NARANG,Punjab,Fazilka
AKANKSHI KENDUJHARI,ORORI/25/A1003,2025-06-04,Oriya,Monthly,PRAMOD KUMAR MAHAKUD,PRAMOD KUMAR MAHAKUD,Odisha,Kendujhar
AKANSHA NAVI DISHA ANI AAVHANE,MAHMUL/2015/74000,2017-12-01,"English, Marathi, Hindi",Monthly,MAYUR BANDU LAHANE,MAYUR BANDU LAHANE,Maharashtra,Akola
AKANTO APAN PARIWAR,WBBEN/2009/30036,2009-12-15,Bengali,Monthly,SANKAR CHAKRABORTY,SANKAR CHAKRABORTY,West Bengal,Maldah
AKANTO APPAN,WBBEN/2003/15265,2011-10-11,Bengali,Weekly,SANKAR CHAKRABORTY,SANKAR CHAKRABORTY,West Bengal,Maldah
AKARSHAN,42034,1982-06-02,Bengali,Monthly,DIPENDU SEKHAR GHOSH,ARATI GHOSH,West Bengal,West Bengal
AKAS TIMES,MHHIN/25/A4593,2025-12-02,Hindi,Monthly,Ram Prakash Sharda Prasad Tiwari,Ram Prakash Sharda Prasad Tiwari,Maharashtra,Mumbai Suburban
AKASH BHARATI,UPHIN/2015/65381,2015-12-30,Hindi,Weekly,SANJAY KUMAR DIXIT,SANJAY KUMAR DIXIT,Uttar Pradesh,Kanpur Dehat
AKASH BHUMI,UPHIN/2015/64818,2015-11-20,Hindi,Weekly,SURESH KUMAR MISHRA,SURESH KUMAR MISHRA,Uttar Pradesh,Hardoi
AKASH DEEP,23730,1973-11-24,Hindi,Weekly,LALCHAND BHARTIYA,LALCHAND BHARTIYA,Rajasthan,Jaipur
AKASH DHARA,MPHIN/2021/83922,2023-04-21,Hindi,Monthly,AKASH AHIRWAR,AKASH AHIRWAR,Madhya Pradesh,Bhopal
AKASH GANGA JYOTI,58609,1994-12-29,Hindi,Weekly,SYED MOHAMMAD ASIF,SYED MOHAMMAD ASIF,Uttar Pradesh,Ayodhya
AKASH GANGA TIMES,HPHIN/2011/37699,2011-06-06,Hindi,Monthly,SUNIL KUMAR,SUNIL KUMAR,Himachal Pradesh,Sirmaur
AKASH GAURAV,55898,1992-09-09,HINDI,Weekly,GAURAV GOEL,GAURAV GOEL,Uttar Pradesh,Bulandshahr
AKASH GYAN VATIKA,UTTBIL/2010/37771,2011-06-09,"English, HINDI",Quarterly,NIRMALA JOSHI,NIRMALA JOSHI,Uttarakhand,Dehradun
AKASH HEADLINES,KARKAN/2023/85205,2023-07-19,Kannada,Daily,BHARADWAJA. M.N,BHARADWAJA.M.N,Karnataka,Kolar
AKASH JYOTI,TELHIN/2000/04452,2001-07-26,Hindi,Daily,VUPPALA SUJATHA,VUPPALA SUJATHA,Telangana,Hyderabad
AKASH JYOTI,TNHIN/2007/22714,2008-01-30,Hindi,Daily,VUPPALA SUJATHA,VUPPALA SUJATHA,Tamil Nadu,Chennai
AKASH KA PANCHI,MPHIN/2004/14171,2005-03-21,Hindi,Monthly,PRIYANKA SAHU,PRIYANKA SAHU,Madhya Pradesh,Bhopal
AKASH KA TARA,MPHIN/2011/41837,2012-04-30,Hindi,Monthly,AVNISH TIWARI,AVNISH TIWARI,Madhya Pradesh,Bhopal
AKASH KE SANSKAR,MPHIN/2021/83781,2023-04-17,Hindi,Monthly,AKASH MEHAR,AKASH MEHAR,Madhya Pradesh,Bhopal
AKASH MARG,40285,2013-10-01,Hindi,Daily,RAKESH PANDEY,RAKESH PANDEY,Uttar Pradesh,Deoria
AKASH MITRA,UPHIN/2021/83474,2023-03-02,Hindi,Daily,RAM SUKH,RAM SUKH,Uttar Pradesh,Basti
AKASHARA KOUMUDHI,APTEL/25/A5343,2025-12-30,Telugu,Monthly,YEMPADA APPARAO,YEMPADA APPARAO,Andhra Pradesh,Vizianagaram
AKASHARMALA,MAHMAR/2017/72936,2017-08-08,Marathi,Weekly,VINOD BALKRUSHAN MUNDE,VINOD BALKRUSHAN MUNDE,Maharashtra,Amravati
AKASHAYA DEEP,UTTHIN/2001/05572,2001-10-20,Hindi,Daily,ABHISHEK SHARMA,ABHISHEK SHARMA,Uttarakhand,Haridwar
AKASHAYA DEEP,UPHIN/2018/75019,2018-03-08,Hindi,Weekly,ABHISHEK SHARMA,ABHISHEK SHARMA,Uttar Pradesh,Shahjahanpur
AKASHAYA DEEP,UTTHIN/2001/05573,2001-11-13,Hindi,Daily,ABHISHEK SHARMA,ABHISHEK SHARMA,Uttarakhand,Dehradun
AKASHAYA DEEP,HARHIN/2001/05101,2001-10-15,Hindi,Daily,ABHISHEK SHARMA,ABHISHEK SHARMA,Haryana,Kurukshetra
AKASHGANGA,MAHMAR/2000/02324,2000-11-04,Marathi,Weekly,ALNASIR ABDULLA KAZI,ALNASIR ABDULLA KAZI,Maharashtra,Kolhapur
AKASHHIND,DELHIN/2012/45602,2012-10-08,Hindi,Weekly,LAL BABU GIRI,LAL BABU GIRI,Delhi,New Delhi
AKASHI,13830,1959-01-01,Assamese,Fortnightly,G.C. CHAKRAVARTY,A.I.R. KOLKATA,West Bengal,Kolkata
AKASHRA MALIKA,APTEL/25/A2488,2025-09-11,Telugu,Daily,ADIANDHRA GANESH,ADIANDHRA GANESH,Andhra Pradesh,Sri Sathya Sai
AKATH,16096,1967-12-12,Hindi,Monthly,RACHNA MANI,MANI MADHUKAR,Rajasthan,Jaipur
AKBAR TIMES,MPHIN/2012/45006,2013-10-25,Hindi,Weekly,SMT. IRAM HASAN,SMTI. IRAM HASAN,Madhya Pradesh,Betul
AKBAR TIMES,CHHHIN/2011/43859,2013-10-31,Hindi,Weekly,IRAM HASAN,SMTI. IRAM HASAN,Chhattisgarh,Raipur
AKBAR TIMES,MPHIN/2006/19096,2013-10-25,Hindi,Weekly,IRAM HASAN,IRAM HASAN,Madhya Pradesh,Bhopal
AKBARI,UPBIL/2009/29665,2009-11-20,"Hindi, Urdu",Weekly,B.R. GUPTA,INDIA LEGAL PUBLISHERS PVT. LTD.,Uttar Pradesh,Gautam Buddha Nagar
AKBARPUR DARPAN,UPHIN/2020/79722,2021-03-31,Hindi,Weekly,RAJNISH VERMA,RAJNISH VERMA,Uttar Pradesh,Ambedkar Nagar
AKBARPUR EXPRESS,UPURD/2010/30762,2010-02-12,Urdu,Daily,ABHISHEK TIWARI,ABHISHEK TIWARI,Uttar Pradesh,Ambedkar Nagar
AKBARPUR EXPRESS,68006,1998-03-26,Hindi,Weekly,ABHISHEK TIWARI,ABHISHEK TIWARI,Uttar Pradesh,Ambedkar Nagar
AKBARPUR TAK,UPHIN/2023/90398,2025-01-03,HINDI,Monthly,VINEET KUMAR,VINEET KUMAR,Uttar Pradesh,Ambedkar Nagar
AKBARPUR TIMES,UPHIN/2010/32269,2010-05-11,Hindi,Weekly,SANTOSH KUMAR TIWARI,SANTOSH KUMAR TIWARI,Uttar Pradesh,Ambedkar Nagar
AKBHAR-E-DECCAN,TELURD/2021/89283,2024-09-30,URDU,Daily,HAJI ABDUL KAREEM,HAJI ABDUL KAREEM,Telangana,Hyderabad
AKCHARPATH,MPHIN/2012/45008,2012-09-05,Hindi,Daily,DIWAKAR SHARMA,DIWAKAR SHARMA,Madhya Pradesh,Datia
AKCHARPATH,MPHIN/2010/33060,2010-07-28,Hindi,Daily,DIWAKAR SHARMA,DIWAKAR SHARMA,Madhya Pradesh,Gwalior
AKELA,8063,2017-02-09,Hindi,Weekly,BIRJU CHAND GUPTA,BIRJU CHAND GUPTA,Assam,Tinsukia
AKELA,ASSHIN/2019/79695,2021-03-24,Hindi,Daily,VINOD BIRMIWAL,BIRJU CHAND GUPTA,Assam,Tinsukia
AKELA RAHI,UTTHIN/2012/44635,2012-08-13,Hindi,Weekly,SIDHANAND KOTNALA,SIDHANAND KOTNALA,Uttarakhand,Dehradun
AKHABARVAANI,UPHIN/2023/87749,2024-07-03,HINDI,Daily,JAVITRI,JAVITRI,Uttar Pradesh,Lucknow
AKHAND AAJ TAK,PUNBIL/2020/80342,2021-10-11,"English, HINDI",Monthly,VINEET KUMAR SHARMA,VINEET KUMAR SHARMA,Punjab,Jalandhar
AKHAND ANAND,1652,1957-03-04,Gujarati,Monthly,PARESHBHAI ANANDBHAI AMIN,BHIKSHU AKHANDANAND TRUST,Gujarat,Ahmedabad
AKHAND ARANYA PRAHARI,RJHIN/26/A4249,2026-05-26,Hindi,Monthly,JASWANT SINGH,JASWANT SINGH,Rajasthan,Kota
AKHAND AWAAJ,DELHIN/2020/79653,2021-03-10,Hindi,Weekly,ARVIND MISHRA,ARVIND MISHRA,Delhi,New Delhi
AKHAND AWADH,UPHIN/25/A4380,2025-11-27,Hindi,Weekly,Vishal Singh,Vishal Singh,Uttar Pradesh,Bara Banki
AKHAND BARABANKI,UPHIN/2020/80468,2021-11-15,Hindi,Weekly,DEEPTI SRIVASTAVA,DEEPTI SRIVASTAVA,Uttar Pradesh,Bara Banki
AKHAND BHARAT,GUJGUJ/2011/39896,2013-07-03,Gujarati,Daily,TETARAWAL ROOPSINGH,TETARAWAL ROOPSINGH,Gujarat,Gandhinagar
AKHAND BHARAT SANDESH,UPHIN/2001/09025,2003-02-10,Hindi,Daily,YOGI SATYAM,YOG SATSANG SAMITI,Uttar Pradesh,Prayagraj
AKHAND BHARAT SWAPN SE YATHARTH TAK,UPHIN/2015/71719,2017-05-18,Hindi,Quarterly,AMITA MISHRA,AMITA MISHRA,Uttar Pradesh,Varanasi
AKHAND BHARAT TIMES,UPHIN/2024/90377,2024-12-23,HINDI,Daily,DEVENDRA SINGH YADAV,DEVENDRA SINGH YADAV,Uttar Pradesh,Lucknow
AKHAND BHUMI PATH,MPHIN/2022/83309,2023-02-10,Hindi,Quarterly,KIRAN PARIHAR,KIRAN PARIHAR,Madhya Pradesh,Bhopal
AKHAND BUNDELKHAND,62343,2005-12-12,Hindi,Weekly,P K JHA SARATHI,P K JHA,Uttar Pradesh,Jhansi
AKHAND CHAKRA,MPHIN/2023/87717,2024-07-01,HINDI,Daily,RAJENDRA KUMAR GUPTA,RAJENDRA KUMAR GUPTA,Madhya Pradesh,Bhopal
AKHAND CHETNA,UPHIN/2022/83512,2023-03-06,Hindi,Weekly,SATYA TIWARI,SATYA TIWARI,Uttar Pradesh,Lucknow
AKHAND DEEP,UPHIN/2023/90051,2024-11-05,HINDI,Quarterly,SARITA,SARITA,Uttar Pradesh,Lucknow
AKHAND DOOT,MPHIN/25/A3962,2025-11-17,Hindi,Daily,Raghuveer prasad malviya,Raghuveer prasad malviya,Madhya Pradesh,Ujjain
AKHAND DOOT,MPHIN/2012/41463,2012-04-10,Hindi,Daily,R.P. MALVIYA,R.P. MALVIYA,Madhya Pradesh,Bhopal
AKHAND DOOT,MPHIN/2010/32964,2010-07-16,Hindi,Weekly,R.P. MALVIYA,R.P. MALVIYA,Madhya Pradesh,Bhopal
AKHAND DRISHTI NEWS,MPHIN/26/A1990,2026-03-25,Hindi,Weekly,Bharat Sharan Rajoria,Bharat Sharan Rajoria,Madhya Pradesh,Datia
AKHAND DUNIYA,MPHIN/26/A6336,2026-08-03,Hindi,Daily,satish kumar mishra,satish kumar mishra,Madhya Pradesh,Seoni
AKHAND GONDWANA,MPHIN/2011/40706,2012-05-16,Hindi,Fortnightly,DURGAWATI,DURGAWATI,Madhya Pradesh,Bhopal
AKHAND GUJARAT,GUJGUJ/2015/73467,2017-10-05,Gujarati,Weekly,ARPITA MAYUR KUMAR MEHTA,ARPITA MAYAUR KUMAR MEHTA,Gujarat,Vadodara
AKHAND GYAN,PUNBIL/2006/18283,2007-01-05,"English, Punjabi",Monthly,NARENDRANAND,M/S DIVYA JYOTI JAGRATI SANSTHAN,Punjab,Jalandhar
AKHAND GYAN,DELENG/2008/23897,2013-09-09,English,Monthly,NARENDRANAND,DIVYA JYOTI JAGRATI SANSTHAN,Delhi,New Delhi
AKHAND GYAN,DELHIN/2003/10768,2013-12-02,Hindi,Monthly,NARENDRANAND,M/S DIVYA JYOTI JAGRATI SANSTHAN,Delhi,New Delhi
AKHAND JAGAT,BHHIN/25/A1894,2025-07-21,Hindi,Monthly,DIPMALA DEVI,DIPMALA DEVI,Bihar,Saran
AKHAND JAMBUDWIP,MHMAR/25/A3178,2025-10-13,Marathi,Weekly,Naresh Bapu Gavale,Naresh Bapu Gavale,Maharashtra,Dhule
AKHAND JAMMU KASHMIR,JKHIN/26/A2540,2026-04-15,Hindi,Monthly,BENVASHER SHARMA,BENVASHER SHARMA,Jammu and Kashmir,Rajouri
AKHAND JOT,49222,2005-12-12,Hindi,Weekly,A.S.THAKUR,A.S.THAKUR,Delhi,New Delhi
AKHAND JYOTI,2162,1957-03-04,Hindi,Monthly,MRITYUNJAY SHARMA,MRITYUNJAY SHARMA,Uttar Pradesh,Mathura
AKHAND JYOTI,UPENG/2003/09850,2003-05-14,English,Bimonthly (Once in two months),MRITYUNJAY SHARMA,MRITYUNJAY SHARMA,Uttar Pradesh,Mathura
AKHAND JYOTI,UTTMAL/2014/58072,2014-11-03,Malayalam,Bimonthly (Once in two months),SHAILBALA PANDYA,VED MATA GAYATRI TRUST,Uttarakhand,Haridwar
AKHAND JYOTI,UTTASS/2014/56330,2014-07-28,Assamese,Bimonthly (Once in two months),SHAILBALA PANDYA,VED MATA GAYATRI TRUST,Uttarakhand,Haridwar
AKHAND JYOTI,UTTTAM/2014/56328,2014-07-28,Tamil,Bimonthly (Once in two months),SHAILBALA PANDYA,VED MATA GAYATRI TRUST,Uttarakhand,Haridwar
AKHAND JYOTI,UTTKAN/2014/56329,2014-07-28,Kannada,Bimonthly (Once in two months),SHAILBALA PANDYA,VED MATA GAYATRI TRUST,Uttarakhand,Haridwar
AKHAND JYOTI MARATHI,UTTMAR/2008/23749,2008-05-06,Marathi,Monthly,SHAILBALA PANDYA,VEDMATA GAYATRI TRUST,Uttarakhand,Haridwar
AKHAND JYOTI UDIYA,UTTODI/2007/19879,2007-05-25,Oriya,Monthly,SHAILBALA PANDYA,VEDMATA GAYATRI TRUST,Uttarakhand,Haridwar
AKHAND KESARI,PUNHIN/2021/80910,2021-12-27,Hindi,Weekly,Ankit Bhaskar,Ankit Bhaskar,Punjab,Jalandhar
AKHAND LOK,PUNHIN/2021/80875,2022-02-17,Hindi,Twice a week,MUKTI SHARMA,MUKTI SHARMA,Punjab,Shahid Bhagat Singh Nagar
AKHAND MAHASHAKTI,MPHIN/2015/62103,2015-05-25,Hindi,Daily,HIMANSHU SINGH,HIMANSHU SINGH,Madhya Pradesh,Bhopal
AKHAND RAJPUTANA,KARHIN/2015/65700,2016-01-21,Hindi,Monthly,DEVENDAR PRATAP SINGH M.,DEVENDAR PRATAP SINGH.M,Karnataka,Bengaluru
AKHAND SAMACHAR,PUNMUL/2021/80868,2021-12-27,"English, Punjabi, Hindi",Weekly,SANDEEP KUMAR,SANDEEP KUMAR,Punjab,Jalandhar
AKHAND SANDESH,GUJGUJ/2020/84557,2023-05-29,Gujarati,Fortnightly,MITUL JAYENDRABHAI SUTHAR,KINNARIBEN MITUL SUTHAR,Gujarat,Panchmahal
AKHAND SATTA,MPHIN/25/A1086,2025-06-05,Hindi,Daily,ANANT KUMAR GUPTA,ANANT KUMAR GUPTA,Madhya Pradesh,Rewa
AKHAND SINDHU SANSAR,MPSIN/2004/13054,2004-08-20,Sindhi,Monthly,ANURADHA GYANCHAND LALWANI,ANURADHA GYANCHAND LALWANI,Madhya Pradesh,Bhopal
AKHAND SOOCHNA,MPHIN/2018/76356,2018-11-12,Hindi,Weekly,CHARAN SINGH,CHARAN SINGH,Madhya Pradesh,Bhopal
AKHAND SOOCHNA,MPHIN/2019/77710,2019-07-03,Hindi,Daily,CHARAN SINGH,CHARAN SINGH,Madhya Pradesh,Bhopal
AKHAND SWAR,CTHIN/25/A2269,2025-08-25,Hindi,Monthly,Nusrat Bano,Nusrat Bano,Chhattisgarh,Raipur
AKHAND TIMES,MPHIN/2017/72288,2017-06-20,Hindi,Monthly,RAVISHANKAR JHOD,RAVI SHANKAR JHOD,Madhya Pradesh,Chhindwara
AKHAND UTTARANCHAL,UTTHIN/2007/24640,2008-07-10,Hindi,Fortnightly,KANCHANA TIWARI,KANCHANA TIWARI,Uttarakhand,Almora
AKHAND VISHWAMBHARANAND GYAN SARITA,UPHIN/2016/73634,2017-10-25,Hindi,Half Yearly,SWAMI SHUKHDEVANAND,AKHAND VISHWAMBHARANAND SANT ASHRAM,Uttar Pradesh,Jhansi
AKHAND WARTA,MAHMAR/2012/47324,2013-01-07,Marathi,Daily,MAHIBUB DASTGIR PATHAN,MAHIBUB DASTGIR PATHAN,Maharashtra,Dharashiv
AKHAND YUG,MPHIN/2022/87032,2024-04-25,Hindi,Daily,KHALID AMAN,KHALID AMAN,Madhya Pradesh,Bhopal
AKHAND ZEP,MAHMAR/2015/60741,2015-03-11,Marathi,Weekly,RAVINDRA RAMBHAU WAGH,RAVINDRA RAMBHAU WAGH,Maharashtra,Buldhana
AKHANDA BHARAT EXPRESS,UPHIN/26/A1398,2026-02-25,Hindi,Daily,BRAJESH KUMAR BHARTI,BRAJESH KUMAR BHARTI,Uttar Pradesh,Lucknow
AKHANDA BHARAT EXPRESS,UPHIN/25/A1877,2025-07-21,Hindi,Daily,BRAJESH KUMAR BHARTI,BRAJESH KUMAR BHARTI,Uttar Pradesh,Azamgarh
AKHANDA BHOOMI,TGTEL/25/A3217,2025-10-14,Telugu,Daily,MASAPOGU ESWARAIAH,MASAPOGU ESWARAIAH,Telangana,Rangareddy
AKHANDA BHOOMI,TGTEL/26/A5301,2026-06-18,Telugu,Daily,MASAPOGU ESWARAIAH,MASAPOGU ESWARAIAH,Telangana,Mahbubnagar
AKHANDA BHOOMI,APTEL/2022/84042,2023-04-27,Telugu,Daily,MASAPOGU ESWARAIAH,MASAPOGU ESWARAIAH,Andhra Pradesh,Kurnool
AKHANDA BHOOMI,APTEL/25/A4964,2025-12-10,Telugu,Monthly,MASAPOGU ESWARAIAH,MASAPOGU ESWARAIAH,Andhra Pradesh,Kurnool
AKHANDA BHOOMI,APTEL/26/A4779,2026-06-08,Telugu,Daily,MASAPOGU ESWARAIAH,MASAPOGU ESWARAIAH,Andhra Pradesh,Ananthapuramu
AKHANDA HINDHUSTHAN,TGTEL/26/A2877,2026-04-29,Telugu,Daily,SRINIVAS RAO HAZARI,SRINIVAS RAO HAZARI,Telangana,Rangareddy
AKHANDA KARNATAKA,KARKAN/2022/86709,2024-03-28,Kannada,Monthly,KIRAN KUMAR. D,KIRAN KUMAR D,Karnataka,Hassan
AKHANDA NYAYDARPAN,MHMAR/25/A5398,2025-12-30,Marathi,Daily,SACHIN MAROTI MESHRAM,SACHIN MAROTI MESHRAM,Maharashtra,Chandrapur
AKHANDAA SURYAA,APTEL/26/A6444,2026-08-10,Telugu,Daily,PETTA VENKATA SURYANARAYANA,PETTA VENKATA SURYANARAYANA,Andhra Pradesh,Visakhapatnam
AKHANDAA SURYAA,APTEL/25/A4586,2025-12-02,Telugu,Daily,PETTA VENKATA SURYANARAYANA,PETTA VENKATA SURYANARAYANA,Andhra Pradesh,Krishna
AKHANDAA SURYAA,TGTEL/25/A1809,2025-07-11,Telugu,Daily,PETTA VENKATA SURYANARAYANA,PETTA VENKATA SURYANARAYANA,Telangana,Medchal Malkajgiri
AKHANDALMANI EXPRESS,ORORI/26/A2175,2026-04-02,Oriya,Monthly,HIMANSHU SAHOO,HIMANSHU SAHOO,Odisha,Jajapur
AKHANDDANI,MPHIN/25/A3572,2025-10-29,Hindi,Monthly,PRAKASH JOSHI,PRAKASH JOSHI,Madhya Pradesh,Bhopal
AKHANDTA KA NARA,56461,1993-06-21,Hindi,Weekly,VINOD KUMAR SHUKLA,VINOD KUMAR SHUKLA,Madhya Pradesh,Bhopal
AKHANDTA SANGRAM,40463,1983-11-08,Hindi,Fortnightly,SURENDER KUMAR MONGIA,SURENDER KUMAR MONGIA,Delhi,New Delhi
AKHAR,26449,1976-03-15,Punjabi,Bimonthly (Once in two months),PARMINDER JEET,PARMINDER JEET,Punjab,Amritsar
AKHAR E NAUJAWAN,47186,1987-11-10,Urdu,Fortnightly,SYED ABID ANIS,SYED ABID ANIS,Delhi,New Delhi
AKHBAAR AL ADAB,MPHIN/25/A1650,2025-07-04,Hindi,Monthly,MOHAMMAD FAIZAN KHAN,MOHAMMAD FAIZAN KHAN,Madhya Pradesh,Bhopal
AKHBAAR E SHEHAR,MPHIN/2022/90794,2025-06-02,HINDI,Quarterly,SAMIA HASSAN SIDDIQUI,SAMIA HASSAN SIDDIQUI,Madhya Pradesh,Bhopal
AKHBAAR E SHEHAR,MPHIN/25/A0543,2025-05-28,Hindi,Monthly,Samiya Hasan Siddiqui,Samiya Hasan Siddiqui,Madhya Pradesh,Bhopal
AKHBAAR NO.1,DELHIN/2008/24859,2008-07-23,Hindi,Daily,SAFDAR RIZVI,SAFDAR RIZWI,Delhi,New Delhi
AKHBAL-E-URDU JADEED,45853,,Urdu,Weekly,,,Delhi,
AKHBAR E BHOPAL,MPBIL/2020/79961,2021-07-15,"English, HINDI",Monthly,SHAHEDA SULTAN,SHAHEDA SULTAN,Madhya Pradesh,Bhopal
AKHBAR E BHOPAL,MPBIL/2016/73227,2017-09-13,"English, HINDI",Weekly,SHAHEDA SULTAN,SHAHEDA SULTAN,Madhya Pradesh,Bhopal
AKHBAR E GIRDI PESH,57471,1993-01-05,Urdu,Fortnightly,,,,
AKHBAR E HIND,MPHIN/2016/71707,2017-05-18,Hindi,Weekly,FIRDOUS AIJAZ,FIRDOUS AIJAZ,Madhya Pradesh,Bhopal
AKHBAR E MASHRIQ,JKURD/2017/72331,2017-06-20,Urdu,Daily,MANZOOR ZAHOOR,AKHBAR E MASHRIQ PVT LTD,Jammu and Kashmir,Srinagar
AKHBAR E MASHRIQ,WBURD/2015/62343,2015-06-01,Urdu,Daily,M.W. HAQUE,AKHBAR-E-MASHRIQ PVT.LTD.,West Bengal,Paschim Bardhaman
AKHBAR E MASHRIQ,UPURD/2015/63340,2015-07-24,Urdu,Daily,MOHD. WASIMUL HAQUE,AKHBAR-E-MASHRIQ PVT.LTD,Uttar Pradesh,Lucknow
AKHBAR E MASHRIQ,WBURD/2015/62353,2015-06-01,Urdu,Daily,MD. WASIMUL HAQUE,AKHBAR-E-MASHRIQ PVT.LTD.,West Bengal,Darjiling
AKHBAR E MASHRIQ,JHAURD/2007/18841,2007-03-21,Urdu,Daily,MD. WASIMUL HAQUE,AKHBAR-E-MASHRIQ PVT.LTD.,Jharkhand,Ranchi
AKHBAR E MASHRIQ,37217,2005-12-12,Urdu,Daily,M.W.HAQUE,AKHBAR-E-MASHRIQ PVT. LTD.,West Bengal,Kolkata
AKHBAR E MASHRIQ,63570,2014-06-04,Urdu,Daily,MOHAMMAD WASIMUL HAQUE,AKHBAR-E-MASHRIQ PVT. LTD.,Delhi,New Delhi
AKHBAR E MASHRIQ,MPURD/2014/58384,2014-11-19,Urdu,Daily,MOHAMMAD WASIMUL HAQUE,AKHBAR-E-MASHRIQ PVT. LTD.,Madhya Pradesh,Bhopal
AKHBAR E SULEMANI,UPURD/2014/57464,2014-09-23,Urdu,Daily,Sant Prasad Shukla,Sahiba Bano,Uttar Pradesh,Lucknow
AKHBAR E WATAN,UPHIN/2024/90310,2024-12-09,HINDI,Weekly,ZAKIR ALI BAIG,ZAKIR ALI BAIG,Uttar Pradesh,Moradabad
AKHBAR EK MISSION,DELURD/2014/57537,2014-10-01,Urdu,Daily,TANWEER AHMAD,TANWEER AHMAD,Delhi,New Delhi
AKHBAR JAGAT,MPBIL/2014/60977,2015-03-27,"English, HINDI",Monthly,PRADIP JOSHI,PRADIP JOSHI,Madhya Pradesh,Indore
AKHBAR-E-NAU,40537,2005-12-12,Urdu,Weekly,AHMED ADEEL KHAN,AHMED ADEEL KHAN,Delhi,New Delhi
AKHBARE KASHIF,BIHURD/2008/24019,2008-05-22,Urdu,Fortnightly,MD. SHAMIM,MD. SHAMIM,Bihar,Patna
AKHBARNAMA,ODIURD/2016/68224,2016-08-12,Urdu,Daily,SHAIKH RIAJ MOHAMMED,SHAIKH RIAJ MOHAMMED,Odisha,Jajapur
AKHBARNAMA,ODIURD/2011/39450,2012-10-31,Urdu,Daily,SHAIKH RIAJ MOHAMMED,SHAIKH RIAJ MOHAMMED,Odisha,Khordha
AKHBARO KA AKHBAR,RAJHIN/2011/48778,2013-03-22,Hindi,Weekly,KAVITA PARAKH,KAVITA PARAKH,Rajasthan,Chittorgarh
AKHIL AANJANA TIMES,GUJGUJ/2016/73533,2017-10-12,Gujarati,Weekly,SAVJIBHAI OKHABHAI CHAUDHARY,SAVJIBHAI OKHABHAI CHAUDHARY,Gujarat,Banaskantha
AKHIL BHARAT,UPHIN/2022/84844,2023-06-06,Hindi,Daily,MOHD ISARAR,MOHD ISARAR,Uttar Pradesh,Hardoi
AKHIL BHARAT PATRIKA,24522,2013-09-23,Bengali,Monthly,SUDHENDU SAHA,SRI AUROBINDO SOCIETY,West Bengal,Kolkata
AKHIL BHARAT PATRIKA,22511,2012-01-05,Kannada,Monthly,AJIT SABNIS,SRI AUROBINDO SOCIETY,Karnataka,Bengaluru
AKHIL BHARAT PATRIKA,23593,1999-01-27,Telugu,Monthly,PRADEEP NARANG,SRI AUROBINDO SOCIETY PUDUCHERRY,Puducherry,Puducherry
AKHIL BHARATIYA MAHESHWARI MANCH,MPHIN/2003/13031,2004-08-18,HINDI,Weekly,GIRISH MAHESHWARI,GIRISH MAHESHWARI,Madhya Pradesh,Indore
AKHIL BHARATIYA MANVADHIKAR MISSION PRAGATI,UPHIN/2015/63960,2015-08-28,Hindi,Monthly,KAMRAN ASAD,AKHIL BHARTIYA MANVADHIKAR MISSION,Uttar Pradesh,Lucknow
AKHIL BHARTIYA,GUJGUJ/2000/01563,2000-08-04,Gujarati,Weekly,JITENDRA GOPALBHAI BHOJVANI,JITENDRA GOPALBHAI BHOJVANI,Gujarat,Junagadh
AKHIL BHARTIYA SAMACHAR TIMES,MPHIN/2010/36018,2011-03-08,Hindi,Weekly,HARSH RAWAT,HARSH RAWAT,Madhya Pradesh,Bhopal
AKHIL BHARTIYA SHIVCHATRAPTI JANJIRA,MAHMAR/2016/68650,2016-09-08,Marathi,Weekly,NARAYAN VASANTRAO KHARADE,NARAYAN VASANTRAO KHARADE,Maharashtra,Chhatrapati Sambhaji Nagar
AKHIL BHARTIYA SWATANTRA LEKHAK MANCH,57419,1994-09-12,Hindi,Monthly,LAXMAN SINGH SWATANTRA,LAXMAN SINGH SWATANTRA,Delhi,New Delhi
AKHIL BHARTIYA TERAPANTH TIMES,72014,2012-11-05,HINDI,Weekly,Pawan H Jain,AKHIL BHARTIYA TERAPANTHI YUVAK PARISHAD,Delhi,Central Delhi
AKHIL DARPAN,UPHIN/2016/72020,2017-06-01,Hindi,Fortnightly,ANJU VERMA,ANJU VERMA,Uttar Pradesh,Saharanpur
AKHIL GOONJ,UPHIN/2012/43978,2012-07-11,Hindi,Weekly,ANJU VERMA,ANJU VERMA,Uttar Pradesh,Saharanpur
AKHIL GUJARAT,GUJGUJ/2014/57517,2014-09-29,Gujarati,Daily,SHAILESHBHAI JESHINGBHAI PARMAR,SHAILESHBHAI JESHINGBHAI PARMAR,Gujarat,Ahmedabad
AKHIL INDIA,DELHIN/2011/45750,2012-10-15,Hindi,Fortnightly,AKHILESH KUMAR,AKHILESH KUMAR,Delhi,New Delhi
AKHIL INDIA,UPURD/2016/68744,2016-09-14,Urdu,Daily,AKHILESH KUMAR,AKHILESH KUMAR,Uttar Pradesh,Gautam Buddha Nagar
AKHIL INDIA,DELURD/2013/52672,2013-10-21,Urdu,Daily,AKHILESH KUMAR,AKHILESH KUMAR,Delhi,New Delhi
AKHIL INDIA,DELURD/2012/46483,2012-11-20,Urdu,Fortnightly,AKHILESH KUMAR,AKHILESH KUMAR,Delhi,New Delhi
AKHIL LOKKRANTI,62099,2005-12-12,Marathi,Weekly,Dadasaheb Bhika Patil,Dadasaheb Bhika Patil,Maharashtra,Thane
AKHIL MANTHAN,MPHIN/2020/79403,2021-02-17,Hindi,Weekly,RAHUL SENGAR,RAHUL SENGAR,Madhya Pradesh,Jhabua
AKHIL SAMACHAR,MAHBIL/2023/89939,2024-11-04,BILINGUAL,Weekly,SUBHASH SHANKARRAO BORKAR,SUBHASH SHANKARRAO BORKAR,Maharashtra,Nagpur
AKHIL SAMARPAN,UPHIN/2022/83960,2024-05-09,Hindi,Monthly,AKHILESH KUMAR SRIVASTAVA,AKHILESH KUMAR SRIVASTAVA,Uttar Pradesh,Lucknow
AKHIL VAANI,UPHIN/2023/87212,2024-05-08,Hindi,Monthly,AKHILESH  DEWVEDI,AKHILESH  DEWVEDI,Uttar Pradesh,Lucknow
AKHILA BHARATH SURYA,APTEL/26/A3540,2026-05-12,Telugu,Daily,PAILA APPARAO,PAILA APPARAO,Andhra Pradesh,Visakhapatnam
AKHILA INDIA IDHAZH,70839,1999-06-07,Tamil,Monthly,PRADEEP NARANG,SRI AUROBINDO SOCIETY,Puducherry,Puducherry
AKHILA KARNATAKA SHIKSHAKA SAMACHAR,45459,1986-12-08,Kannada,Monthly,D.V. SATHYANARAYANA,KARNATAKA RAJYA MADHYAMIKA SHIKSHA SANGHA (REGD.),Karnataka,Bengaluru
AKHILA VANI,KARKAN/2020/79591,2021-03-04,Kannada,Daily,MOHAMAD KHALEEL,MOHAMAD KHALEEL,Karnataka,Koppal
AKHIR LIKHNA PADA,UPHIN/2010/41731,2012-04-20,Hindi,Weekly,BRIJENDRA AGNIHOTRI,BRIJENDRA AGNIHOTRI,Uttar Pradesh,Fatehpur
AKHIRI AGHAT,MPHIN/2011/39205,2011-10-11,Hindi,Weekly,SANJAY MALVIYA,SANJAY MALVIYA,Madhya Pradesh,Hoshangabad
AKHIRI DUNIYA,58511,1994-06-24,Urdu,Weekly,SHAKIL AHMED AYUBI,SHAKIL AHMED AYUBI,Uttar Pradesh,Lakhimpur Kheri
AKHIRI PAHAR,52035,,,,,,,
AKHIRI PATH,52020,1990-05-07,Hindi,Weekly,MOH NAFIS,MHO. NAFEES,Madhya Pradesh,Indore
AKHIRI UMMEED,RJMUL/25/A0104,2025-04-08,"Hindi, English, Rajasthani",Monthly,AJIT SINGH CHOUDHARY,AJIT SINGH CHOUDHARY,Rajasthan,Jaipur
AKHLAQ E DOR,MPHIN/26/A3819,2026-05-18,Hindi,Quarterly,arshi khan,arshi khan,Madhya Pradesh,Bhopal
AKHLAQ E DOR,MPHIN/2020/79140,2020-12-03,Hindi,Monthly,ARSHI KHAN,ARSHI KHAN,Madhya Pradesh,Bhopal
AKHLAQ E MULK,MPHIN/2024/89887,2024-10-28,HINDI,Monthly,MOHAMMAD SHAHWAR KHAN,MOHAMMAD SHAHWAR KHAN,Madhya Pradesh,Bhopal
AKHLAQ E MULK,MPHIN/26/A2368,2026-04-09,HINDI,Quarterly,mohammad shahwar khan,mohammad shahwar khan,Madhya Pradesh,Bhopal
AKHREI PAGE,DELURD/2007/23457,2008-04-01,Urdu,Fortnightly,KHALID NASEEM,KHALID NASEEM,Delhi,New Delhi
AKHSARA CHARITHRA,APTEL/2013/50148,2013-06-04,Telugu,Daily,SINGAMPALLI SRINIVAS,SINGAMPALLI SRINIVAS,Andhra Pradesh,Visakhapatnam
AKHYARA ODISHA,ORORI/25/A2226,2025-08-20,Oriya,Daily,Bharat Kumar Behera,Bharat Kumar Behera,Odisha,Khordha
AKICAHN BHARAT,57476,1993-01-27,Hindi,Daily,PUSHPENDRA SHARMA,PUSHPENDRA SHARMA,Uttar Pradesh,Firozabad
AKILAA,38382,1993-10-04,Gujarati,Daily,AJITBHAI GUNVANTRAI GANATRA,AJITBHAI GUNVANTRAI GANATRA,Gujarat,Rajkot
AKKAD BAKKAD,KERHIN/2014/60635,2015-03-05,Hindi,Monthly,SAJEEV GEORGE VARGHESE,M.M. PUBLICATIONS LTD.,Kerala,Kottayam
AKKALKOT GHADAMODI,MAHMAR/2022/84062,2023-05-01,Marathi,Weekly,ANAND KANTHEPPA CHAUGULE,ANAND KANTHEPPA CHAUGULE,Maharashtra,Solapur
AKKALKOT SAMARTH,MAHMAR/2015/67174,2016-06-01,Marathi,Daily,PRAVIN ARUNRAO DESHMUKH,PRAVIN ARUNRAO DESHMUKH,Maharashtra,Solapur
AKKALKOT UPDATE,MAHMAR/2017/74116,2017-12-11,Marathi,Weekly,PRAVINKUMAR ASHOK BABAR,PRAVINKUMAR ASHOK  BABAR,Maharashtra,Solapur
AKKAM PAKKAM,TNBIL/2015/64638,2015-11-09,"English, Tamil",Weekly,C. SUKUMAR,C. SUKUMAR,Tamil Nadu,Coimbatore
AKKAS,12047,1966-07-22,Urdu,Daily,SANA KASHIF,SANA KASHIF,West Bengal,Kolkata
AKLIYATI AWAAZ,UPURD/2004/12131,2004-03-15,Urdu,Monthly,DR . AASHISH KUMAR MASSEY,DR.AASHISH KUMAR MASSEY,Uttar Pradesh,Lucknow
AKLUJ RAHASYA,MAHMAR/2023/89429,2024-10-10,MARATHI,Weekly,RUSHIKESH SHIVAJI PALAWE,RUSHIKESH SHIVAJI PALAWE,Maharashtra,Solapur
AKLUJ VAIBHAV,57029,1993-11-30,Marathi,Weekly,BHAGYAWANT LAXMANRAO NAYKUDE,BHAGYAWANT LAXMANRAO NAYKUDE,Maharashtra,Solapur
AKNI CIRAKUKAL,TNTAM/26/A4170,2026-05-25,Tamil,Monthly,V CHELLADURAI,V CHELLADURAI,Tamil Nadu,Dindigul
AKODIYA SAMRAT,MPHIN/2015/72788,2017-07-28,Hindi,Weekly,KISHORE KUMAR KEWAT,KISHORE KUMAR KEWAT,Madhya Pradesh,Shajapur
AKOLA BATMI,MAHMAR/2009/29603,2009-11-20,Marathi,Weekly,RAJU MURLIDHAR SAWAKE,RAJU MURLIDHAR SAWAKE,Maharashtra,Akola
AKOLA COTTON CITY,MHHIN/26/A4836,2026-06-08,Hindi,Weekly,Mohammed Javed Dokadia Mohammed Zakriya Dokadia,Mohammed Javed Dokadia Mohammed Zakriya Dokadia,Maharashtra,Akola
AKOLA DARPAN,MAHBIL/2010/36249,2011-03-17,"Marathi, Hindi",Weekly,KOMAL RAJENDRAKISHOR SHRIWAS,KOMAL RAJENDRAKISHOR SHRIWAS,Maharashtra,Akola
AKOLA DARSHAN,71781,1999-09-30,"Marathi, Hindi",Daily,PRABHAKAR DEVIDAS PATHAK,PRABHAKAR DEVIDAS PATHAK,Maharashtra,Akola
AKOLA DASTAK,MAHHIN/2023/87333,2024-05-17,Hindi,Weekly,SAYYAD ZAMIRUDDIN SAYYAD RAUF,SAYYAD ZAMIRUDDIN SAYYAD RAUF,Maharashtra,Akola
AKOLA DIVYA,MAHMAR/2021/81981,2022-09-05,Marathi,Weekly,GAJANAN LAXMINARAYAN SOMANI,GAJANAN LAXMINARAYAN SOMANI,Maharashtra,Akola
AKOLA HAMDARD,MAHHIN/2010/34030,2010-10-20,Hindi,Weekly,NASIR HUSAIN ABDUL RASHID,NASIR HUSAIN ABDUL RASHID,Maharashtra,Akola
AKOLA HINDU JAGRITI,MAHMAR/2000/00915,2000-04-28,Marathi,Weekly,Gupta Nitin Vinod,Gupta Nitin Vinod,Maharashtra,Akola
AKOLA JANVAIBHAV,MAHMAR/2013/58294,2014-11-18,Marathi,Weekly,SUNIL SADASHIV RAMTEKE,SUNIL SADASHIV RAMTEKE,Maharashtra,Akola
AKOLA KESARI,MAHMAR/2023/89446,2024-10-08,MARATHI,Weekly,ANIL GOPALRAO MAWALE,ANIL GOPALRAO MAWALE,Maharashtra,Akola
AKOLA KHABAR,MAHHIN/2021/84411,2023-05-23,Hindi,Weekly,IRSHAD AHMED SHAIKH,IRSHAD AHMED SHAIKH,Maharashtra,Akola
AKOLA LINE,MAHHIN/2012/46243,2012-11-07,Hindi,Weekly,SYED ZAKIR SYED ZAMIRODDIN MADARI,SYED ZAKIR SYED ZAMIRODDIN MADARI,Maharashtra,Akola
AKOLA MAHANAGAR,MHMAR/26/A4685,2026-06-04,Marathi,Weekly,Chetan Deepak Nagzare,Chetan Deepak Nagzare,Maharashtra,Akola
AKOLA MEET,MAHBIL/2016/71497,2017-05-08,"Marathi, Hindi",Weekly,PAVAN RATANLAL PADIYA,PAVAN RATANLAL PADIYA,Maharashtra,Akola
AKOLA METRO,MAHMAR/2022/84250,2023-05-16,Marathi,Weekly,SANTOSH SHRIRAM MORE,SANTOSH SHRIRAM MORE,Maharashtra,Akola
AKOLA NAYAK,MAHMAR/2021/80368,2021-10-12,Marathi,Weekly,DHANANJAY PRALAHADRAO NALAT,DHANANJAY PRALAHADRAO NALAT,Maharashtra,Akola
AKOLA PAVAN,MAHMAR/2016/71611,2017-05-05,Marathi,Daily,PAVAN RATANLALA PADIYA,PAVAN RATANLALA PADIYA,Maharashtra,Akola
AKOLA RAJRAJESHWAR NAGARI,MAHMAR/2010/36133,2011-03-11,Marathi,Weekly,RAVINDRA BABAN SINGH THAKUR,RAVINDRA BABNSINGH THAKUR,Maharashtra,Akola
AKOLA REPORTER,MAHBIL/2019/78377,2020-01-10,"Marathi, Hindi",Weekly,KAMALKISHOR KISANLAL SHARMA,KAMALKISHOR KISANLALJI SHARMA,Maharashtra,Akola
AKOLA SAHAKAR VRUTTA,MAHMAR/2015/67479,2016-06-15,Marathi,Daily,NARAYANRAO KASHIRAO AWARE,NARAYANRAO KASHIRAO AWARE,Maharashtra,Akola
AKOLA SAHAKAR VRUTTA,MAHBIL/2008/24821,2008-07-23,"Marathi, Hindi",Weekly,NARAYANRAO KASHIRAO AWARE,NARAYANRAO KASHIRAO AWARE,Maharashtra,Akola
AKOLA SANDESH,MAHMAR/2023/89900,2024-10-28,MARATHI,Weekly,RAJENDRAKUMAR DADARAO PUNDKAR,RAJENDRAKUMAR DADARAO PUNDKAR,Maharashtra,Akola
AKOLA SANGRAM,MHMAR/26/A5629,2026-07-01,Marathi,Weekly,Sandip Ganesh Deshmukh,Sandip Ganesh Deshmukh,Maharashtra,Akola
AKOLA SANVAD,MAHHIN/2020/79293,2021-01-18,Hindi,Weekly,MOHD. FARHAN MOHD. NIZAM,MOHD. FARHAN MOHD. NIZAM,Maharashtra,Akola
AKOLA UNNATI,MAHMAR/2023/89993,2024-11-04,MARATHI,Weekly,ASIF KHAN NAZIR MOHAMMAD KHAN,ASIF KHAN NAZIR MOHAMMAD KHAN,Maharashtra,Akola
AKOLA VARTA,MAHMAR/2015/65944,2016-02-05,Marathi,Weekly,VIJAY DEVIDAS BURKALE,VIJAY DEVIDAS BURKALE,Maharashtra,Akola
AKOLA VIDHAN,MAHMAR/2017/73586,2017-10-23,Marathi,Weekly,SHANKAR NAMDEV KANKAL,SHANKAR NAMDEV KANKAL,Maharashtra,Akola
AKOLACHA AAWAZ,MAHMAR/2021/81761,2022-07-27,Marathi,Weekly,SHARAD KESHAV SHEGOKAR,SHARAD KESHAV SHEGOKAR,Maharashtra,Akola
AKOT PATRIKA,37558,1981-01-24,Marathi,Weekly,NIKHIL NARSINGHRAO DESHMUKH,NIKHIL NARSINGRAO DESHMUKH,Maharashtra,Akola
AKOTA,53054,1990-07-10,Bengali,Monthly,,,West Bengal,Kolkata
AKRAM VIGNAN,GUJENG/2011/39070,2011-10-05,English,Bimonthly (Once in two months),SANJAY J. SANGHVI,AKRAM VIGNAN FOUNDATION,Gujarat,Ahmedabad
AKRAM VIGYAN,GUJGUJ/2005/16173,2006-02-17,Gujarati,Monthly,JAYANTI C. PATEL,AKRAM VIGNAN FOUNDATION,Gujarat,Ahmedabad
AKRAM VIGYAN,GUJHIN/2011/38203,2011-07-11,Hindi,Bimonthly (Once in two months),SANJAY J. SANGHVI,AKRAM VIGNAN FOUNDATION,Gujarat,Ahmedabad
AKRAMA BETE,KNKAN/26/A0581,2026-01-21,Kannada,Fortnightly,Tukaram Pawar,Tukaram Pawar,Karnataka,Bijapur
AKRANDANA,KARKAN/2010/35982,2011-03-03,Kannada,Daily,Thejash S M,Thejash S M,Karnataka,Mandya
AKROSH,65350,1997-12-03,Gujarati,Weekly,DAVE JAY,DAVE JAY,Gujarat,Gandhinagar
AKROSH,20792,1972-03-13,MARATHI,Weekly,LATA DNYANESHWAR JARAD,LATA DNYANESHWAR JARAD,Maharashtra,Pune
AKROSH,63614,2011-06-24,Gujarati,Weekly,DAVE JAY,DAVE JAY,Gujarat,Ahmedabad
AKROSH VARTA,MPHIN/2000/08839,2003-01-21,Hindi,Weekly,VIJAY SINGH BISEN,VIJAY SINGH BISEN,Madhya Pradesh,Satna
AKRULI NEWS MEDIA,MHMAR/26/A3102,2026-05-06,Marathi,Monthly,Sunil Ramji Jadhav,Sunil Ramji Jadhav,Maharashtra,Raigad
AKRUTI,GUJGUJ/2011/38534,2011-08-11,Gujarati,Weekly,MAHENDRAKUMAR KESHAVLAL PATEL,MAHENDRAKUMAR KESHAVLAL PATEL,Gujarat,Mahesana
AKRUTI TODAY,UPHIN/2023/84632,2023-05-29,Hindi,Monthly,ATUL KUMAR YADAV,ATUL KUMAR YADAV,Uttar Pradesh,Lucknow
AKRUTI TODAY,UPHIN/2022/82947,2022-12-12,Hindi,Daily,ATUL KUMAR YADAV,ATUL KUMAR YADAV,Uttar Pradesh,Unnao
AKRUTI TODAY,UPHIN/2023/84472,2023-05-25,Hindi,Daily,ATUL KUMAR YADAV,ATUL KUMAR YADAV,Uttar Pradesh,Lucknow
AKS,26946,2013-10-07,Punjabi,Monthly,TEJINDER KAUR,TEJINDER KAUR,Delhi,New Delhi
AKS NEWS,UPHIN/2013/49394,2013-05-02,Hindi,Weekly,AMIT UPAL,AMIT UPAL,Uttar Pradesh,Meerut
AKS PARWAAZ,JKURD/2013/49811,2013-05-22,Urdu,Weekly,MOHMAD IQBAL,MOHMAD IQBAL,Jammu and Kashmir,Baramula
AKS-E-BIHAR,BIHURD/2012/42794,2012-06-13,Urdu,Daily,KASHIF AHMAD,KASHIF AHMAD,Bihar,Patna
AKSAA PRATIDINA SANJE,KARKAN/2006/18903,2007-03-23,Kannada,Daily,K. M. RISALDAR.,K.M. RISALDAR,Chhattisgarh,Bijapur
AKSARA CHATURYA,APTEL/25/A3613,2025-10-30,Telugu,Monthly,VANKARA ANANDA KUMAR,VANKARA ANANDA KUMAR,Andhra Pradesh,Visakhapatnam
AKSH,MPHIN/2002/08718,2003-01-03,Hindi,Fortnightly,RAJENDRA AGAL,RAJENDRA AGAL,Madhya Pradesh,Bhopal
AKSH SANSKAR,DLHIN/25/A2976,2025-10-06,Hindi,Weekly,USHA,USHA,Delhi,New Delhi
AKSHANTALA JOURNAL OF RESEARCH IN FORENSIC MEDICINE AND TOXICOLOGY,KARENG/2017/73375,2017-09-21,English,Half Yearly,SRIDHAR A.,AKSHANTALA ENTERPRISES,Karnataka,Mysore
AKSHANTALA JOURNAL OF RESEARCH IN PREVENTIVE AND SOCIAL MEDICINE,KARENG/2017/72289,2017-06-20,English,Half Yearly,SRIDHAR A,AKSHANTALA ENTERPRISES,Karnataka,Mysore
AKSHAR ANAND,MPHIN/26/A2294,2026-04-08,Hindi,Monthly,pushpa bai,pushpa bai,Madhya Pradesh,Bhopal
AKSHAR BHARAT TIMES,MAHMAR/2017/74916,2018-02-23,Marathi,Weekly,SHILPA SITARAM THETE,SHILPA SITARAM THETE,Maharashtra,Raigarh
AKSHAR BHASKAR,MPHIN/2022/91000,2025-06-26,Hindi,Daily,RITESH SHUKLA,RITESH SHUKLA,Madhya Pradesh,Chhindwara
AKSHAR BHET,MAHMAR/2016/71289,2017-05-01,Marathi,Annual,SUBHASH BAPU SURYAVNSHI,SUBHASH BAPU SURYAVNSHI,Maharashtra,Mumbai
AKSHAR BHUMI,MPHIN/2023/89083,2024-09-26,HINDI,Weekly,OMPRAKASH PAL,OMPRAKASH PAL,Madhya Pradesh,Ujjain
AKSHAR CHETNA,MPHIN/2005/16003,2006-01-18,Hindi,Daily,PADAMDHAR PATI TRIPA,PADAMDHAR PATI TRIPA,Madhya Pradesh,Singrauli
AKSHAR CHETNA,MPHIN/2004/13879,2005-02-09,Hindi,Weekly,PADMADHAR PATI TRIPATHI,PADAMDHAR PATI TRIPATHI,Madhya Pradesh,Sidhi
AKSHAR CHETNA,MAHMAR/2017/72992,2017-08-17,Marathi,Fortnightly,SHRIMANT SOPAN BANSODE,SHRIMANT SOPAN BANSODE,Maharashtra,Thane
AKSHAR DHAM,67992,1998-03-31,Hindi,Weekly,SANJAY NEMA,SANJAY NEMA,Madhya Pradesh,Bhopal
AKSHAR DHARA,MAHMAR/2015/64433,2018-04-26,Marathi,Monthly,RAMESH RATHIVDEKAR,RAMESH RATHIVDEKAR,Maharashtra,Pune
AKSHAR DUNIYA,CTHIN/26/A3092,2026-05-06,HINDI,Daily,sumedh m waghmare,sumedh m waghmare,Chhattisgarh,Raipur
AKSHAR DUNIYA,MPHIN/2021/80470,2021-11-23,Hindi,Daily,SUMEDH WAGHMARE,SUMEDH WAGHMARE,Madhya Pradesh,Bhopal
AKSHAR DUNIYA,CHHHIN/2023/88001,2024-07-16,HINDI,Monthly,SUMEDH WAGHMARE,SUMEDH WAGHMARE,Chhattisgarh,Raipur
AKSHAR EXPRESS,MPHIN/2019/77919,2019-08-28,Hindi,Monthly,JEETENDER KUMAR,JEETENDER KUMAR,Madhya Pradesh,Bhopal
AKSHAR GARJAN,MPBIL/2020/81008,2022-01-24,"English, HINDI",Monthly,AMIT CHANDEL,AMIT CHANDEL,Madhya Pradesh,Gwalior
AKSHAR JYOTI,56293,1993-04-17,Hindi,Fortnightly,,,Uttar Pradesh,
AKSHAR KENDR,MPHIN/26/A0792,2026-01-27,Hindi,Monthly,Mo SANA ULLAH,Mo SANA ULLAH,Madhya Pradesh,Bhopal
AKSHAR KHUSHI,KARKAN/2022/83467,2023-02-28,Kannada,Daily,SADYOJATA,SADYOJATA,Karnataka,Yadgir
AKSHAR KI AWAZ,62993,1996-01-19,Hindi,Daily,YOGESH JOSHI,YOGESH JOSHI,Rajasthan,Kota
AKSHAR KI PAHCHAN,54556,1992-03-26,Hindi,Weekly,CHANDRASHEKHAR DEVLIYA,CHANDRASHEKHAR DEVLIYA,Rajasthan,Kota
AKSHAR KI SUBHAH,CHHHIN/2018/75295,2018-05-25,Hindi,Monthly,SUDHIR MISHRA,SUDHIR MISHRA,Chhattisgarh,Raipur
AKSHAR KI SUBHAH,MPHIN/2012/43016,2012-06-19,Hindi,Weekly,SUDHIR MISHRA,SUDHIR MISHRA,Madhya Pradesh,Bhopal
AKSHAR LEKHANI,MPHIN/2017/72439,2017-06-29,Hindi,Daily,AMIT KAUSHAL,AMIT KAUSHAL,Madhya Pradesh,Bhopal
AKSHAR MAHIMA,MPHIN/2012/43561,2012-06-28,Hindi,Weekly,PREETI SHUKLA,PREETI SHUKLA,Madhya Pradesh,Bhopal
AKSHAR MAIFAL,MAHMAR/2017/74653,2018-02-13,Marathi,Monthly,MUKUL MAKARAND RANBHOR,MUKUL MAKARAND RANBHOR,Maharashtra,Pune
AKSHAR MANCH,MAHMAR/2016/73944,2017-11-22,Marathi,Weekly,AHIRE BALU GENUJI,AHIRE BALU GENUJI,Maharashtra,Nashik
AKSHAR MEGH,56544,1993-01-22,Hindi,Monthly,MAHESH SRIVASTAV,JEEWAN REKHA PRAKASHAN,Madhya Pradesh,Gwalior
AKSHAR MITRA,MPHIN/2004/14148,2005-03-17,Hindi,Fortnightly,ABDUL HAMEED KHAN,ABDUL HAMEED KHAN,Madhya Pradesh,Ujjain
AKSHAR NEWS,GUJGUJ/2021/83305,2023-06-07,Gujarati,Weekly,PARESH HARSHUKHBHAI CHAVDA,PARESH HARSHUKHBHAI CHAVDA,Gujarat,Rajkot
AKSHAR NI DUNIA,GJGUJ/26/A1316,2026-02-19,Gujarati,Weekly,PAGI NARESHBHAI,PAGI NARESHBHAI,Gujarat,Ahmedabad
AKSHAR NITI,MPHIN/2011/38706,2011-08-29,Hindi,Monthly,SANJEEV SRIVASTAVA,SANJEEV SRIVASTAVA,Madhya Pradesh,Bhopal
AKSHAR PARVA,69496,1998-02-12,Hindi,Monthly,SHARAD JAIN,PATRAKAR PRAKASHAN PVT. LTD,Chhattisgarh,Raipur
AKSHAR PATH,KNKAN/26/A2943,2026-04-29,Kannada,Daily,ARUN RAMAPPA NESARGI,ARUN RAMAPPA NESARGI,Karnataka,Dharwad
AKSHAR PRABHA,GUJGUJ/2012/44820,2012-08-24,Gujarati,Daily,MANSURI RAMJAN BHILUBHAI,MANSURI RAMJAN BHILUBHAI,Gujarat,Surat
AKSHAR PRABHA,GUJMAR/2002/07859,2002-09-27,Marathi,Weekly,MANSURI RAMJAN BHILU,MANSURI RAMJAN BHILU,Gujarat,Surat
AKSHAR PRABHAT,MPHIN/2002/13565,2004-11-05,Hindi,Monthly,RAM BANSAL,RAM BANSAL,Madhya Pradesh,Bhopal
AKSHAR PRERNA,MPBIL/2020/81025,2022-01-20,"English, HINDI",Monthly,SWETA CHANDEL,SWETA CHANDEL,Madhya Pradesh,Gwalior
AKSHAR SAMRAT,MPHIN/2018/77268,2019-04-30,Hindi,Daily,DHARMENDRA VERMA,DHARMENDRA VERMA,Madhya Pradesh,Bhopal
AKSHAR SAMVAD,JHAHIN/2017/74088,2017-12-06,Hindi,Fortnightly,ARVIND SINGH,ARVIND SINGH,Jharkhand,Purbi Singhbhum
AKSHAR SANDESH,UPHIN/2012/51344,2013-08-08,Hindi,Weekly,NAZAKAT ALI SAIFI,NAZAKAT ALI SAIFI,Uttar Pradesh,Gautam Buddha Nagar
AKSHAR SANGAATHA,KARKAN/2021/81236,2022-03-22,Kannada,Monthly,TIPPANNA GORAVAR,TIPPANNA GORAVAR,Karnataka,Gadag
AKSHAR SANGATH,GJGUJ/25/A3525,2025-10-28,Gujarati,Quarterly,Thakkar Nimisha Aniruddh,Thakkar Nimisha Aniruddh,Gujarat,Ahmedabad
AKSHAR SANSKAR,MAHMAR/2017/73669,2017-11-06,Marathi,Monthly,SHILPA SITARAM THETE,SHILPA SITARAM THETE,Maharashtra,Raigad
AKSHAR SATTA,MPHIN/2006/20193,2007-06-20,Hindi,Weekly,DAYAL CHAND YADAV,DAYAL CHAND YADAV,Madhya Pradesh,Jabalpur
AKSHAR SHAILY,MPHIN/2009/29756,2009-11-30,Hindi,Monthly,VARSHA NEMA,VARSHA NEMA,Madhya Pradesh,Bhopal
AKSHAR SHILPEE,MPHIN/2002/14356,2013-01-28,Hindi,Quarterly,DEEPAK GAVHADE,DEEPAK GAVHADE,Madhya Pradesh,Bhopal
AKSHAR SIDDHI,MAHMAR/2007/18834,2007-03-20,Marathi,Weekly,KUDALE SUBHASH MANOHAR,SUBHASH MANOHAR KUDALE,Maharashtra,Thane
AKSHAR SIPAHI,MPHIN/26/A1744,2026-03-20,Hindi,Monthly,ANIL KUMAR SHRIVASTAVA,ANIL KUMAR SHRIVASTAVA,Madhya Pradesh,Bhopal
AKSHAR SUMAN,GUJBIL/2020/84582,2023-05-29,"Gujarati, Marathi",Weekly,RAVINDRA BHATU PATIL,RAVINDRA BHATU PATIL,Gujarat,Surat
AKSHAR TIMES,UPHIN/2013/51326,2013-08-07,Hindi,Weekly,PRIYA SHARMA,PRIYA SHARMA,Uttar Pradesh,Meerut
AKSHAR UJALA,UTTHIN/2013/54879,2014-03-08,Hindi,Weekly,NEETA DHYANI,NEETA DHYANI,Uttarakhand,Dehradun
AKSHAR UTSAV,UTTHIN/2009/30702,2010-02-02,Hindi,Weekly,NAVEEN HICKEY,NAVEEN HICKY,Uttarakhand,Dehradun
AKSHAR VAIBHAV,MAHMAR/2017/74919,2018-02-23,Marathi,Annual,ANITA NARAYAN SHETTY,ANITA NARAYAN SHETTY,Maharashtra,Thane
AKSHAR VAIDARBHI,43658,1985-11-08,Marathi,Monthly,NIRMALA N. TARAR,NIRMALA N. TARAR,Maharashtra,Amravati
AKSHAR VANI,BIHSAN/2017/75649,2018-06-26,Sanskrit,Weekly,HERAMB KAMAL BRAHMACHARI,HERAMB KAMAL BRAHMACHARI,Bihar,Muzaffarpur
AKSHAR VISHV,65103,1997-11-02,Hindi,Daily,SHREY JAIN,AKSHAR CORP PRIVATE LIMITED,Madhya Pradesh,Shajapur
AKSHAR VISHV,MPHIN/2015/65850,2016-01-28,Hindi,Daily,SHREY JAIN,AKSHAR CORP PRIVATE LIMITED,Madhya Pradesh,Bhopal
AKSHAR VISHV,52098,1991-04-16,Hindi,Daily,SHREY JAIN,AKSHAR CORP PRIVATE LIMITED,Madhya Pradesh,Ujjain
AKSHAR VISHV,MPHIN/2007/22702,2008-01-24,Hindi,Daily,SHREY JAIN,AKSHAR CORP PRIVATE LIMITED,Madhya Pradesh,Indore
AKSHAR WARTA,MPHIN/2004/14249,2005-03-31,Hindi,Monthly,DR.MOHAN BAIRAGI,DR.MOHAN BAIRAGI,Madhya Pradesh,Ujjain
AKSHAR WARTA,MPHIN/2007/21991,2007-11-30,Hindi,Daily,DR. MOHAN BAIRAGI,DR.MOHAN BAIRAGI,Madhya Pradesh,Ujjain
AKSHAR WEALTH VISION,MAHENG/2018/76536,2018-12-14,English,Monthly,JAYESH SUBHASH SALVI,JAYESH SUBHASH SALVI,Maharashtra,Thane
AKSHARA,38470,1984-04-07,Hindi,Monthly,KAILASH CHANDRA PANT,MADHYA PRADESH RASHTRABHASHA PRACHAR SAMITY,Madhya Pradesh,Bhopal
AKSHARA AISIRI,KARKAN/2015/62845,2015-06-23,Kannada,Monthly,T. SHELVA KUMAR,T. SHELVA KUMAR,Karnataka,Bengaluru
AKSHARA ANVESHANA,APTEL/2013/48486,2013-03-07,Telugu,Monthly,POTTUMUTHU ASHOK KUMAR,POTTUMUTHU ASHOK KUMAR,Andhra Pradesh,Nalgonda
AKSHARA ANVESHANA,TELTEL/2018/75218,2018-05-17,Telugu,Daily,POTTUMUTHU ASHOK KUMAR,POTTUMUTHU ASHOK KUMAR,Telangana,Nalgonda
AKSHARA BALAM,APTEL/2010/35642,2011-02-07,Telugu,Fortnightly,MUKKU RAMANAIAH,MUKKU RAMANAIAH,Andhra Pradesh,Sri Potti Sriramulu Nellore
AKSHARA BANAM,APTEL/2010/33546,2010-09-06,Telugu,Monthly,PANCHADI APPARAO,PANCHADI APPA RAO,Andhra Pradesh,Vizianagaram
AKSHARA BHANU,APTEL/2019/77049,2019-04-01,TELUGU,Fortnightly,FAKHRUDDIN,FAKHRUDDIN,Andhra Pradesh,Visakhapatnam
AKSHARA BHERI,APTEL/2017/71639,2017-05-12,Telugu,Weekly,GARIKAPATI RAJESH,GARIKAPATI RAJESH,Andhra Pradesh,Guntur
AKSHARA BHOOMI,APTEL/2008/24803,2008-07-23,Telugu,Weekly,BILLA RAJU,BILLA RAJU,Andhra Pradesh,Guntur
AKSHARA BHOOMI,APBIL/2011/37448,2011-05-24,"English, Telugu",Daily,BILLA RAJU,BILLA RAJU,Andhra Pradesh,Guntur
AKSHARA CHAITANYAM,APTEL/2013/49074,2013-04-09,Telugu,Monthly,G. SUNDEEP,G.SUNDEEP,Telangana,Rangareddy
AKSHARA DHARBHAR,TELTEL/2022/81915,2022-08-29,Telugu,Daily,VEMULA RAJESHWER RAO,VEMULA RAJESHWER RAO,Telangana,Warangal
AKSHARA DHATRI,APTEL/2023/87743,2024-07-03,TELUGU,Daily,SURADA SAI LAKSHMI,SURADA SAI LAKSHMI,Andhra Pradesh,Srikakulam
AKSHARA DHWANI,APTEL/2013/52231,2013-09-25,Telugu,Weekly,SHAIK ABDUL KHADAR,SHAIK ABDUL KHADAR,Andhra Pradesh,Kurnool
AKSHARA DHWANI,APTEL/2016/70026,2017-01-19,Telugu,Daily,SHAIK ABDUL KHADAR,SHAIK ABDUL KHADAR,Andhra Pradesh,Kurnool
AKSHARA DIKSHA,TELTEL/2013/49472,2013-05-03,Telugu,Monthly,POTHUGANTI VENKATA RAMANA,POTHUGANTI VENKATA RAMANA,Telangana,Nalgonda
AKSHARA DIKSUCHI,TELTEL/2023/88249,2024-08-02,TELUGU,Daily,VELLENKI JAYAPAL REDDY,VELLENKI JAYAPAL REDDY,Telangana,Medchal Malkajgiri
AKSHARA GALAM,TELTEL/2022/83927,2023-04-25,Telugu,Daily,G KALPANA,G KALPANA,Telangana,Medchal Malkajgiri
AKSHARA GAMANAM,TELTEL/2022/82554,2022-10-25,Telugu,Daily,BIRU KUMARASWAMY,BIRRU KUMARASWAMY,Telangana,Warangal
AKSHARA JWALA,KERMAL/2015/70095,2017-01-24,Malayalam,Monthly,MANJU M. CHANDRAN,MANJU M. CHANDRAN,Kerala,Kottayam
AKSHARA KALAM,APTEL/2009/27246,2009-03-19,Telugu,Daily,PITTALA RAMA KRISHNA,PITTALA RAMA KRISHNA,Andhra Pradesh,Nalgonda
AKSHARA KANTHI,APTEL/2010/31624,2010-03-30,Telugu,Monthly,MOHD. SHOWKATH ALI,MOHD. SHOWKATH ALI,Andhra Pradesh,Nalgonda
AKSHARA KARA DEEPIKA VAARTHAA SUDHA,APTEL/2009/31083,2010-02-23,Telugu,Weekly,GANDI SUDHAKAR,GANDI SUDHAKAR,Andhra Pradesh,West Godavari
AKSHARA KAVACHAM,TELTEL/2015/62349,2015-06-02,Telugu,Daily,KOTHA UMA MAHESHWARA RAO,KOTHA UMA MAHESHWAR RAO,Telangana,Mahbubnagar
AKSHARA KERATAM,APTEL/2013/54371,2014-02-01,Telugu,Daily,KOLLURU JAGANNADHA SARMA,KOLLURU JAGANNADHA SARMA,Andhra Pradesh,Vizianagaram
AKSHARA KIRANAM,APTEL/2019/78427,2020-01-20,Telugu,Weekly,PUJARI NARASINGA RAO,PUJARI NARASINGA RAO,Andhra Pradesh,Visakhapatnam
AKSHARA KOUMUDI,APTEL/25/A1722,2025-07-07,Telugu,Daily,YEMPADA APPARAO,YEMPADA APPARAO,Andhra Pradesh,Vizianagaram
AKSHARA KRISHNA,APTEL/2018/77811,2019-07-31,Telugu,Daily,PAGADALA NAGESWARA RAO,PAGADALA NAGESWARA RAO,Andhra Pradesh,Krishna
AKSHARA KRISHNA,APTEL/25/A3688,2025-11-03,Telugu,Daily,Pagadala Nageswara Rao,Pagadala Nageswara Rao,Andhra Pradesh,Chittoor
AKSHARA KRISHNA,APTEL/26/A6607,2026-08-10,Telugu,Monthly,PAGADALA NAGESWARA RAO,PAGADALA NAGESWARA RAO,Andhra Pradesh,Guntur
AKSHARA KRISHNA,APTEL/26/A3066,2026-05-05,Telugu,Daily,Pagadala Nageswara Rao,Pagadala Nageswara Rao,Andhra Pradesh,Guntur
AKSHARA KSHETHRAM,TELTEL/2012/47436,2013-01-11,Telugu,Daily,GUDIPATI SRINIVASULU,GUDIPATI SRINIVASULU,Telangana,Nalgonda
AKSHARA LAHARI,KERBIL/2023/89969,2024-11-05,BILINGUAL,Monthly,GIRI ARAVIND,GIRI ARAVIND,Kerala,Thiruvananthapuram
AKSHARA LEADER,APTEL/2016/69537,2016-12-07,Telugu,Daily,ALLU UMAMAHESWARA RAO,ALLU UMAMAHESWARA RAO,Andhra Pradesh,Srikakulam
AKSHARA LEADER,APTEL/2015/63894,2015-08-25,Telugu,Monthly,ALLU UMAMAHESWARA RAO,ALLU UMAMAHESWARA RAO,Andhra Pradesh,Srikakulam
AKSHARA MANI,APTEL/2010/36519,2011-03-30,Telugu,Monthly,MAHESWARA RAO LANKADA,MAHESWARA RAO LANKADA,Andhra Pradesh,Visakhapatnam
AKSHARA MANI,APTEL/2012/44181,2012-07-20,Telugu,Daily,MAHESWARA RAO LANKADA,MAHESWARA RAO LANKADA,Andhra Pradesh,Visakhapatnam
AKSHARA MANJEERA,TGTEL/26/A5056,2026-06-12,Telugu,Daily,MD NAZEER AHMED,MD NAZEER AHMED,Telangana,Sangareddy
AKSHARA MEDHA,TELTEL/2020/79565,2021-03-04,Telugu,Monthly,M.SUREKHA,MACHAGONI SRINIVAS,Telangana,Vikarabad
AKSHARA MEDHA,TNTEL/2022/85565,2023-10-18,Telugu,Daily,M.SUREKHA,MACHAGONI SRINIVAS,Tamil Nadu,Vikarabad
AKSHARA MITRA,KARKAN/2013/48989,2013-04-05,Kannada,Weekly,SMT. PADMA.L,PADMA .L.,Karnataka,Davanagere
AKSHARA MOULYA,KARKAN/2019/78089,2019-10-30,Kannada,Daily,DEEPA LAKKAPPA RANAVVAGOL,DEEPA LAKKAPPA RANAVVAGOL,Karnataka,Bagalkot
AKSHARA MOULYA,KARKAN/2021/81814,2022-07-29,Kannada,Daily,DEEPA LAKKAPPA RANAVVAGOL,DEEPA LAKKAPPA RANAVVAGOL,Karnataka,Belagavi
AKSHARA MOULYA,KARKAN/2022/82987,2022-11-28,Kannada,Daily,DEEPA LAKKAPPA RANAVVAGOL,DEEPA LAKKAPPA RANAVVAGOL,Karnataka,Dharwad
AKSHARA NAANDI,TELTEL/2023/87663,2024-06-26,TELUGU,Daily,ADEVELLY SOMAIAH,ADEVELLY SOMAIAH,Telangana,Jangoan
AKSHARA NESTAM,TELTEL/2022/83462,2023-02-28,Telugu,Daily,SRINIVAS THIPIRISETTY,SRINIVAS THIPIRISETTY,Telangana,Warangal
AKSHARA NIDHI,TELTEL/2023/87916,2024-07-22,TELUGU,Daily,KONDAVEETI SHYAM PRASAD,KONDAVEETI SHYAM PRASAD,Telangana,Nizamabad
AKSHARA NIRNAYAM,APTEL/2018/76385,2018-11-15,Telugu,Monthly,CHAKRAM DINESH KUMAR,CHAKRAM DINESH KUMAR,Andhra Pradesh,Sri Potti Sriramulu Nellore
AKSHARA PORATAM,APTEL/2010/34224,2012-09-18,Telugu,Daily,KAMPELLI KISHAN RAO,KAMPELLI KISHAN RAO,Andhra Pradesh,Nalgonda
AKSHARA PORATAM,APTEL/2013/53679,2013-12-26,Telugu,Daily,KAMPELLI KISHAN RAO,KAMPELLI KISHAN RAO,Andhra Pradesh,N T R
AKSHARA PORATAM,APTEL/2011/37202,2012-12-31,Telugu,Monthly,KAMPELLI KISHARAO,KAMPELLI KISHAN RAO,Andhra Pradesh,Nalgonda
AKSHARA PRABHA,APTEL/2009/29089,2009-10-07,Telugu,Daily,P.V.VIJAYA BHASKAR KUMAR,P.V. VIJAYA BHASKAR KUMAR,Andhra Pradesh,Visakhapatnam
AKSHARA PRAKASAM,APTEL/2010/36692,2011-04-08,Telugu,Monthly,BIRAPUNENI SRINIVASA RAO,BIRAPUNENI SRINIVASA RAO,Andhra Pradesh,Prakasam
AKSHARA PRALAYAM,APTEL/25/A0290,2025-05-20,Telugu,Daily,MAJJI SRINIVASA MURTHY,MAJJI SRINIVASA MURTHY,Andhra Pradesh,Visakhapatnam
AKSHARA PUNITHA,APTEL/2015/63721,2015-08-10,Telugu,Monthly,C. RAVI KUMAR,C. RAVI KUMAR,Andhra Pradesh,Anantapur
AKSHARA RAJAAMUDHRA,TELTEL/2024/86684,2024-03-27,Telugu,Daily,RAVU RAJITHA,RAVU RAJITHA,Telangana,Medchal Malkajgiri
AKSHARA REKHA,TELTEL/2012/44706,2012-08-14,Telugu,Daily,V. SAI KRISHNA REDDY,V. SAI KRISHNA REDDY,Telangana,Adilabad
AKSHARA RUPAM,APTEL/2011/41888,2012-05-02,Telugu,Monthly,K. SHYAM PRASAD,K. SHYAM PRASAD,Andhra Pradesh,Visakhapatnam
AKSHARA SAAVAL,TELTEL/2023/84132,2023-05-03,Telugu,Daily,BADAVATH BALAJI,BADAVATH BALAJI,Telangana,Warangal
AKSHARA SAGARAM,APTEL/2018/74898,2018-02-22,Telugu,Fortnightly,SHAIK SHAMIM SULTANA,SHAIK SHAMIM SULTANA,Andhra Pradesh,Visakhapatnam
AKSHARA SAKHAM,APTEL/2022/85456,2023-10-04,Telugu,Daily,JAJJARA YEDUKONDALU,JAJJARA YEDUKONDALU,Andhra Pradesh,Prakasam
AKSHARA SAKSHI,APTEL/2010/32894,2010-07-09,Telugu,Daily,THAMMINANA RAMBABU,THAMMINANA RAMBABU,Andhra Pradesh,Srikakulam
AKSHARA SAMARAM,APTEL/2010/31138,2010-02-26,Telugu,Monthly,S. RAMAKRISHNA YADAV,S. RAMAKRISHNA YADAV,Telangana,Rangareddy
AKSHARA SAMUHAM,APTEL/2015/65372,2015-12-30,Telugu,Daily,S.A. RAWOOF,S A RAWOOF,Andhra Pradesh,Kurnool
AKSHARA SANCHALANAM,APTEL/2012/42350,2012-05-18,Telugu,Monthly,JOHN VARA BABU,JOHN VARA BABU,Andhra Pradesh,Visakhapatnam
AKSHARA SANDESHAM,APTEL/25/A1148,2025-06-06,Telugu,Monthly,MUTTURU NAGESHU,MUTTURU NAGESHU,Andhra Pradesh,Y.S.R.
AKSHARA SARASWATHI,29858,1978-02-06,Kannada,Monthly,KIGGA LOKESH,KIGGA LOKESH,Karnataka,Bengaluru
AKSHARA SATHYALU,APTEL/26/A1156,2026-02-17,Telugu,Monthly,Yegiteela Venkata Jayakumar,Yegiteela Venkata Jayakumar,Andhra Pradesh,Sri Potti Sriramulu Nellore
AKSHARA SATYAM,APTEL/2011/37689,2011-06-06,Telugu,Weekly,MAMIDI VENKATESWARLU,MAMIDI VENKATESWARLU,Andhra Pradesh,Guntur
AKSHARA SEEMA,APTEL/2023/87668,2024-06-26,TELUGU,Monthly,N. LAKSHMIPATHI,N LAKSHMIPATHI,Andhra Pradesh,Chittoor
AKSHARA SHAKTHI,APTEL/2006/18255,2007-01-23,Telugu,Weekly,B.V. RANI,B.V. RANI,Telangana,Karimnagar
AKSHARA SHILPAM,APTEL/2019/78680,2020-06-05,TELUGU,Daily,DUMPALA PRASADA RAO,DUMPALA PRASADA RAO,Andhra Pradesh,Visakhapatnam
AKSHARA SHILPAM,APTEL/2018/77191,2019-04-22,Telugu,Monthly,DUMPALA PRASADA RAO,DUMPALA PRASADARAO,Andhra Pradesh,Visakhapatnam
AKSHARA SODHANA,TELTEL/2023/88216,2024-07-29,TELUGU,Daily,RAVU RAJITHA,RAVU RAJITHA,Telangana,Medchal Malkajgiri
AKSHARA SUBHASHITHAM,TELTEL/2015/60246,2015-02-17,Telugu,Monthly,SUBHASH REDDY.A,SUBHASH REDDY.A,Telangana,Nalgonda
AKSHARA SUBHASHITHAM,TELTEL/2015/66324,2016-03-04,Telugu,Daily,SUBHASH REDDY.A,SUBHASH REDDY.A,Telangana,Nalgonda
AKSHARA SURYA,KNKAN/25/A3032,2025-10-07,Kannada,Daily,Barikara Bhimappa,Barikara Bhimappa,Karnataka,Bellary
AKSHARA SWARAM,APTEL/2022/82036,2022-09-06,Telugu,Bimonthly (Once in two months),URITI JAGADEESWARA RAO,URITI JAGADEESWARA RAO,Andhra Pradesh,Srikakulam
AKSHARA SWATHI,APTEL/2020/83788,2023-04-17,Telugu,Monthly,A CHANDRA KALA,ANURUP CHARITABLE TURST,Andhra Pradesh,Kurnool
AKSHARA TELANGANA,APTEL/2014/55200,2014-04-04,Telugu,Daily,M. SANTHOSH,M. SANTHOSH,Andhra Pradesh,Adilabad
AKSHARA THORANA,KARKAN/2011/38836,2012-10-16,Kannada,Daily,RAJESH.P.,RAJESH P.,Karnataka,Chikmagalur
AKSHARA TIMES,UTTHIN/2011/40640,2012-02-06,Hindi,Weekly,MAYUR SAINI,MAYUR SAINI,Uttarakhand,Haridwar
AKSHARA TODAY,TELTEL/2015/62326,2015-06-02,Telugu,Daily,KOUCHIKA ALEKHYA,KOUCHIKA ALEKHYA,Telangana,Nalgonda
AKSHARA TODAY,APTEL/2015/60422,2015-02-25,Telugu,Monthly,KOUCHIKA ALEKHYA,KOUCHIKA ALEKHYA,Telangana,Rangareddy
AKSHARA TODAY,TELTEL/2015/64160,2015-09-16,Telugu,Daily,KOUCHIKA ALEKHYA,KOUCHIKA ALEKHYA,Telangana,Rangareddy
AKSHARA TUNEERAM,APTEL/2015/63763,2015-08-13,Telugu,Monthly,C. ANIL KUMAR,C.ANIL KUMAR,Andhra Pradesh,Anantapur
AKSHARA UDAYAM,APTEL/2014/59846,2015-01-28,Telugu,Monthly,MALLEMSETTI LAKSHMANARAO,MALLEMSETTI LAKSHMANA RAO,Andhra Pradesh,Guntur
AKSHARA VAARTHA,TELTEL/2011/47101,2012-12-19,Telugu,Daily,T. SRINIVAS,T. SRINIVAS,Telangana,Karimnagar
AKSHARA VEDIKA,APTEL/2008/28435,2009-07-20,Telugu,Monthly,ADUKONDALA VENKATESHAM,ADUKONDALA VENKATESHAM,Andhra Pradesh,Nalgonda
AKSHARA VEDIKA,APTEL/2011/36304,2011-03-21,Telugu,Daily,ADUKONDALA VENKATESHAM,ADUKONDALA VENKATESHAM,Andhra Pradesh,Nalgonda
AKSHARA VEEKSHANA,TELTEL/2020/81091,2022-02-09,Telugu,Daily,VULLOJI VENKATARAMANA,VULLOJI VENKATARAMANA,Telangana,Khammam
AKSHARA VELUGU,TELTEL/2022/83798,2023-04-17,Telugu,Daily,GOSUKONDA PRUDHVIRAJU,GOSUKONDA PRUDHVIRAJU,Telangana,Nalgonda
AKSHARA VIDHANAM,TGTEL/25/A0308,2025-05-21,Telugu,Daily,JADALA LAXMI KAVITHA,JADALA LAXMI KAVITHA,Telangana,Warangal
AKSHARA VIJAYA,KARKAN/2022/85853,2023-12-12,Kannada,Monthly,DR. M NARAYANASWAMY,DR. M NARAYANASWAMY,Karnataka,Kolar
AKSHARA VIJETHA,TELTEL/2021/81079,2022-01-28,Telugu,Daily,BANAVATH ANIL KUMAR,BANAVATH ANIL KUMAR,Telangana,Warangal
AKSHARA VIPLAVAM,APTEL/2014/55199,2014-04-04,Telugu,Daily,B.V.G. SITA RAMA MURTHY,B.V.G. SITA RAMA MURTHY,Andhra Pradesh,Visakhapatnam
AKSHARA VISION,APTEL/2015/65441,2016-01-04,Telugu,Fortnightly,DEVAGUPTAPU SURYA NARAYANA,DEVAGUPTAPU SURYANARAYANA,Andhra Pradesh,Visakhapatnam
AKSHARA VOICE,KNKAN/25/A2726,2025-09-19,Kannada,Monthly,Muthaiah A V,Muthaiah A V,Karnataka,Bengaluru
AKSHARA VRUKSHAM,TELTEL/2019/77874,2019-08-20,Telugu,Monthly,RAJESH ALLAM,RAJESH ALLAM,Telangana,Warangal
AKSHARA YUDDHAM,TELTEL/2011/37855,2011-06-16,Telugu,Daily,PAPPULA JOSEPH,PAPPULA JOSEPH,Telangana,Mahbubnagar
AKSHARA YUDDHAM,TELTEL/2015/61934,2015-05-14,Telugu,Daily,PAPPULA JOSEPH,PAPPULA JOSEPH,Telangana,Rangareddy
AKSHARAA MAATHAM ERU MURAI,TNTAM/26/A1682,2026-03-18,Tamil,Monthly,RAJIVGANDHI DASAN,RAJIVGANDHI DASAN,Tamil Nadu,Dharmapuri
AKSHARABHARATHI,70940,1999-06-17,Telugu,Monthly,M.V.S.SASTRY,M.V.S.SASTRY,Andhra Pradesh,Prakasam
AKSHARADEEPAM,KERMAL/2017/75369,2018-06-01,Malayalam,Monthly,AJITHAKUMARI P.K.,AJITHAKUMARI P K,Kerala,Ernakulam
AKSHARAGANGA,KLBIL/25/A3625,2025-10-30,"Malayalam, English",Quarterly,SIDHARTHA SIVAPRASAD,COCHIN CANCER SOCIETY,Kerala,Ernakulam
AKSHARAGNI,APTEL/2017/72378,2017-06-23,Telugu,Monthly,KADUPU ESWARA RAO,KADUPU ESWARA RAO,Andhra Pradesh,Srikakulam
AKSHARAIJAM PRAJAJOURNALISIUM,APTEL/25/A3732,2025-11-06,Telugu,Daily,TALUPULA RAMANJULU,TALUPULA RAMANJULU,Andhra Pradesh,Ananthapuramu
AKSHARAJ,MAHMAR/2022/82056,2022-09-08,Marathi,Daily,VINOD KAILAS GORE,VINOD KAILAS GORE,Maharashtra,Buldhana
AKSHARAJWAALA,TGTEL/25/A0120,2025-04-21,Telugu,Daily,VADAPALLY RAJINI,VADAPALLY RAJINI,Telangana,Warangal
AKSHARAKRANTHI,APTEL/2021/80457,2021-10-28,Telugu,Monthly,Shaik Mohammad Asif,Shaik Mohammad Asif,Andhra Pradesh,Kurnool
AKSHARAM AVINITHI PAI ASTRAM,APTEL/2013/54231,2014-01-28,Telugu,Daily,SHAIK ABDUL AZEED,SHAIK ABDUL AZEED,Andhra Pradesh,Rangareddy
AKSHARAM GOPPA,APTEL/25/A2005,2025-07-29,Telugu,Daily,CHAKALI YELLAMMA,CHAKALI YELLAMMA,Andhra Pradesh,Kurnool
AKSHARAMALA,APTEL/2017/73941,2017-11-22,Telugu,Daily,G.K. LALITHA BAI,G K LALITHA BAI,Andhra Pradesh,Kurnool
AKSHARANADAM,KERMAL/2009/29245,2009-10-21,Malayalam,Monthly,APPU C. KURIAN,APPU C. KURIAN,Kerala,Kottayam
AKSHARANJALI,TELTEL/2009/30778,2010-02-05,Telugu,Monthly,PVM PAVAN,PVM PAVAN,Telangana,Mahbubnagar
AKSHARAPALLAVI,TGTEL/25/A0679,2025-05-29,Telugu,Daily,SAMPATH GANGA,PALLAVI MEDIA PRIVATE LIMITED,Telangana,Hyderabad
AKSHARASAKSHYAM,APTEL/26/A4722,2026-06-05,Telugu,Daily,ANIMISETTY SIVARAMAKRISHNA,ANIMISETTY SIVARAMAKRISHNA,Andhra Pradesh,Krishna
AKSHARASINEYAM,APTEL/2011/47177,2012-12-31,Telugu,Monthly,S. RAMAPRATAPA REDDY,S. RAMAPRATAPA REDDY,Andhra Pradesh,Y.S.R.
AKSHARASPURTHI,APTEL/2011/45062,2012-09-06,Telugu,Monthly,PENUGUDURU SIMHACHALAM,PENUGUDURU SIMHACHALAM,Andhra Pradesh,Srikakulam
AKSHARAVANI,APTEL/2010/34250,2010-11-12,Telugu,Monthly,PEELA MURALI MOHANA RAO,PEELA MURALI MOHANA RAO,Andhra Pradesh,Visakhapatnam
AKSHARAVEDAM,TELTEL/2012/46567,2012-11-26,TELUGU,Monthly,PANDILLA RAVINDER,PANDILLA RAVINDER,Telangana,Karimnagar
AKSHARAVEKUVA VARTHALU VIKASAM VISWASAM,TGTEL/25/A4430,2025-11-28,Telugu,Daily,THANGALLAPALLY ARUN KUMAR,THANGALLAPALLY ARUN KUMAR,Telangana,Mancherial
AKSHARBAN,MPHIN/26/A2813,2026-04-28,Hindi,Weekly,parag panchal,parag panchal,Madhya Pradesh,Ujjain
AKSHARBAN,MPHIN/2010/37111,2011-05-10,Hindi,Monthly,PARAG PANCHAL,PARAG PANCHAL,Madhya Pradesh,Ujjain
AKSHARDHARA TIMES,MPHIN/25/A3633,2025-10-30,Hindi,Monthly,Nandkishore saini,Nandkishore saini,Madhya Pradesh,Bhopal
AKSHARDOOT,MPHIN/2017/73544,2017-10-16,Hindi,Monthly,DEVENDRA VISHWAKARMA,DEVENDRA VISHWAKARMA,Madhya Pradesh,Jabalpur
AKSHARGANDH,MAHMAR/2016/67561,2016-06-27,Marathi,Weekly,RANJANA SANTOSH KAMBLE,RANJANA SANTOSH KAMBLE,Maharashtra,Solapur
AKSHARJIVI,MPHIN/2016/69670,2016-12-21,Hindi,Monthly,MEENA VERMA,MEENA VERMA,Madhya Pradesh,Bhopal
AKSHARNAD,MAHMAR/2021/82675,2022-11-07,Marathi,Weekly,VINAYKUMAR TUKARAM RATHOD,VINAYKUMAR TUKARAM RATHOD,Maharashtra,Yavatmal
AKSHARNAMA,MAHMAR/2021/80729,2021-12-16,Marathi,Weekly,DEEPAK JANARDAN JADHAV,DEEPAK JANARDAN JADHAV,Maharashtra,Dharashiv
AKSHARSAKSHI,MPHIN/2011/43170,2012-06-21,Hindi,Monthly,RAVI KUMAR BABUL,RAVI KUMAR BABUL,Madhya Pradesh,Gwalior
AKSHARSHAH,MPHIN/2007/21691,2007-11-05,Hindi,Daily,ASHUTOSH TRIPATHI,ASHUTOSH TRIPATHI,Madhya Pradesh,Anuppur
AKSHARSUDHA,MAHMAR/2016/72657,2017-07-25,Marathi,Weekly,SANJAY PANDIT MAIND,SANJAY PANDIT MAIND,Maharashtra,Jalgaon
AKSHARWEL,MAHMAR/2016/71748,2017-05-19,Marathi,Monthly,SANJAY RAMDAS MAHALLE,SANJAY RAMDAS MAHALLE,Maharashtra,Amravati
AKSHARYATRA,MAHMAR/2010/44918,2012-08-29,Marathi,Weekly,Pratik Shrikant Pathak,Pratik Shrikant Pathak,Maharashtra,Nandurbar
AKSHAT NAAD,UPHIN/26/A4633,2026-06-04,Hindi,Quarterly,Atul Kumar,Atul Kumar,Uttar Pradesh,Gautam Buddha Nagar
AKSHAT TIMES,UPHIN/2020/80075,2021-09-04,Hindi,Daily,POONAM SINGH,POONAM SINGH,Uttar Pradesh,Unnao
AKSHATAM UDAY,GJGUJ/26/A6211,2026-07-28,Gujarati,Quarterly,DESAI LABHUBHAI CHHAGANBHAI,DESAI LABHUBHAI CHHAGANBHAI,Gujarat,Patan
AKSHAY BHARAT,MPHIN/2021/82504,2022-10-21,Hindi,Weekly,ABHIJEET RAOKAR,ABHIJEET RAOKAR,Madhya Pradesh,Indore
AKSHAY DRISHTI,UPHIN/2014/62793,2015-06-22,Hindi,Weekly,VISHAL KUMAR YADAV,VISHAL KUMAR YADAV,Uttar Pradesh,Jaunpur
AKSHAY DUNIA,MPBIL/2022/86431,2024-02-12,"English, HINDI",Monthly,MAHENDRA MOHAN MALVIYA,MAHENDRA MOHAN MALVIYA,Madhya Pradesh,Indore
AKSHAY GUJARAT,GJGUJ/26/A5600,2026-06-29,Gujarati,Weekly,VIKAS KEDARNATH PANDEY,VIKAS KEDARNATH PANDEY,Gujarat,Ahmedabad
AKSHAY KIRAN,RAJHIN/2013/50687,2013-07-05,Hindi,Monthly,Satyanarayan Maheshwari,Dimple Khator,Rajasthan,Udaipur
AKSHAY KIRTI,MPHIN/2023/88872,2024-09-10,HINDI,Monthly,MANOHAR PRAJAPATI,MANOHAR PRAJAPATI,Madhya Pradesh,Bhopal
AKSHAY LOKJAN,RAJHIN/2016/71710,2017-05-17,Hindi,Monthly,JAI KISHAN CHOBEY,JAI KISHAN CHOBAY,Rajasthan,Udaipur
AKSHAY MAIL,UPHIN/2016/68022,2016-08-01,Hindi,Daily,HARI PRASAD YADAV,HARI PRASAD YADAV,Uttar Pradesh,Amethi
AKSHAY MITRA,APTEL/2022/81924,2022-08-26,Telugu,Monthly,M AVINASH,M AVINASH,Andhra Pradesh,Kurnool
AKSHAY MITRA,KARKAN/2010/45489,2012-10-03,Kannada,Monthly,M. MANJUNATHA,M. MANJUNATHA,Karnataka,Mysore
AKSHAY NIDHI,MPHIN/2017/75289,2018-05-30,Hindi,Monthly,SUNITA TRIPATHI,SUNITA TRIPATHI,Madhya Pradesh,Raisen
AKSHAY NITI,MAHMAR/2012/48301,2013-02-26,Marathi,Fortnightly,VISHWAMBER MANOHARRAO MULEY,VISHWAMBHAR MANOHARRAO MULEY,Maharashtra,Beed
AKSHAY PATRA,GUJGUJ/2015/66304,2016-03-04,Gujarati,Weekly,JIGNAR R. ACHARYA,JIGNAR R.ACHARYA,Gujarat,Surendranagar
AKSHAY SAMACHAR,UPHIN/2005/14864,2010-06-09,Hindi,Weekly,SATYAPAL SINGH,SATYAPAL SINGH,Uttar Pradesh,Muzaffarnagar
AKSHAY SANDESH,MPHIN/2014/54195,2014-01-23,HINDI,Weekly,VIDYA KHOT,VIDYA KHOT,Madhya Pradesh,Bhopal
AKSHAY TODAY,CHHHIN/2015/67216,2016-06-02,Hindi,Monthly,SMITA SHARMA,AAROH COMMUNICATIONS,Chhattisgarh,Raipur
AKSHAY WAT,MPHIN/2012/47506,2013-01-17,Hindi,Fortnightly,MADHU SUDAN PACHORI,MADHU SUDAN PACHORI,Madhya Pradesh,Vidisha
AKSHAYA,47041,1988-02-01,Kannada,Monthly,NITHYANAND D. KOTIAN,BILLAWAR ASSOCIATION,Maharashtra,Mumbai
AKSHAYA,APTEL/2010/33533,2010-09-06,TELUGU,Monthly,TENNETI SRINIVASA RAO,TENNETI SRINIVASA RAO,Andhra Pradesh,Visakhapatnam
AKSHAYA BALAGA,KARKAN/2016/69830,2017-01-02,Kannada,Monthly,M.V. KRISHNA,M.V. KRISHNA,Karnataka,Bengaluru
AKSHAYA ULLEKA,KARKAN/2018/76904,2019-02-26,Kannada,Monthly,P. CHELUVARAJ,P CHELUVARAJ,Karnataka,Bengaluru
AKSHAYA VAT MAHIMA,MPHIN/2014/58838,2014-12-10,Hindi,Monthly,USHA DUBEY,USHA DUBEY,Madhya Pradesh,Rewa
AKSHAYA VISHESHA,KARKAN/2013/54751,2014-02-24,Kannada,Monthly,RANGARAJU,RANGARAJU,Karnataka,Bengaluru
AKSHAYAVANI,50513,1984-09-10,Kannada,Monthly,,,,
AKSHAYPRABHA SAMACHAAR,MHMAR/25/A0568,2025-05-28,Marathi,Weekly,Satish Sadashiv Kulkarni,Satish Sadashiv Kulkarni,Maharashtra,Ahilyanagar
AKSHEET DHARAA,GJBIL/26/A1635,2026-03-18,Gujarati,Weekly,sandhyaben jyotishchandra das,sandhyaben jyotishchandra das,Gujarat,Gandhinagar
AKSHIT VIJAY,CTHIN/25/A1936,2025-07-24,Hindi,Monthly,CHANDA SONI,CHANDA SONI,Chhattisgarh,Durg
AKSHITA DARPAN,UPHIN/2021/83683,2023-04-05,Hindi,Daily,ANUJ DIXIT,ANUJ DIXIT,Uttar Pradesh,Lucknow
AKSHITHA,KERMAL/2016/71171,2017-04-19,Malayalam,Monthly,MADHUSOODANAN NAIR,MADHUSOODANAN NAIR,Kerala,Thiruvananthapuram
AKSHITHA,APTEL/2012/45772,2012-10-16,Telugu,Monthly,MATHANGI GURUVAIAH,MATHANGI GURUVAIAH,Andhra Pradesh,Nalgonda
AKSHITHA,APTEL/2011/37073,2011-05-05,Telugu,Daily,MATHANGI GURUVAIAH,MATHANGI GURUVAIAH,Andhra Pradesh,Nalgonda
AKSHRA DALAM,APTEL/2010/34551,2013-01-02,Telugu,Weekly,GULAM SUBHANI,GULAM SUBHANI,Andhra Pradesh,Nalgonda
AKSHRA NETRAM,TELTEL/2009/29185,2009-10-14,Telugu,Fortnightly,K. SUKUMAR,K.SUKUMAR,Telangana,Mahbubnagar
AKSHRA SIKHARAM,APTEL/2016/66443,2016-03-22,Telugu,Daily,GORIJAVOLU SUMAN,GORIJAVOLU SUMAN,Andhra Pradesh,Guntur
AKSHRA SPRUHA,APTEL/2009/29770,2009-11-30,Telugu,Daily,CH. SATYANARAYANA,CH. SATYANARAYANA,Andhra Pradesh,Srikakulam
AKSHRA SURYA,APTEL/2012/47576,2013-01-21,Telugu,Daily,GANGI SRINIVASA RAO,GANGI SRINIVASA RAO,Andhra Pradesh,Srikakulam
AKSHRA SURYA,APTEL/2023/90257,2024-12-03,TELUGU,Daily,GANGI SRINIVASA RAO,GANGI SRINIVASA RAO,Andhra Pradesh,Srikakulam
AKSHRA TIMES,APTEL/2022/90211,2024-11-21,TELUGU,Daily,BABAN JAVEED BASHA,BABAN JAVEED BASHA,Andhra Pradesh,Anantapur
AKSHRA TIMES,APTEL/26/A4786,2026-06-08,TELUGU,Daily,BABAN JAVEED BASHA,BABAN JAVEED BASHA,Andhra Pradesh,East Godavari
AKSHRAA JNANAJYOTI,APTEL/25/A1382,2025-06-24,Telugu,Daily,GONDU JANARDHANARAO,GONDU JANARDHANARAO,Andhra Pradesh,Srikakulam
AKSHRADEEPTHI TELUGUPATRIKA,APTEL/26/A2591,2026-04-15,Telugu,Monthly,CHAVVA LAVANYA,CHAVVA LAVANYA,Andhra Pradesh,Y.S.R.
AKSHRAMU SAKSHAMU,APTEL/26/A0191,2026-01-02,Telugu,Daily,Bairy Siva Ramakrishna,Bairy Siva Ramakrishna,Andhra Pradesh,Nandyal
AKSHRAVAHINI,APTEL/2017/73750,2017-11-09,Telugu,Monthly,SHAIK ROSHAN JAMEER,SHAIK ROSHAN JAMEER,Andhra Pradesh,Anantapur
AKSHUNN MADHY,MPHIN/2021/84970,2023-06-09,Hindi,Monthly,SEHDEV GHOSI,SEHDEV GHOSI,Madhya Pradesh,Bhopal
AKSHUNN MADHY,MPHIN/25/A5130,2025-12-12,Hindi,Daily,sehdev ghosi,sehdev ghosi,Madhya Pradesh,Sagar
AKSHUNN MADHY,MPHIN/25/A5151,2025-12-15,Hindi,Quarterly,sehdev ghosi,sehdev ghosi,Madhya Pradesh,Sagar
AKSHUNN MADHY,MPHIN/26/A2793,2026-04-27,Hindi,Quarterly,sehdev ghosi,sehdev ghosi,Madhya Pradesh,Raisen
AKSHYA BAAN,UPHIN/2018/75989,2018-09-10,Hindi,Weekly,VIBHAKANT HUNDAIT,VIBHAKANT HUNDAIT,Uttar Pradesh,Lalitpur
AKSHYA BHARTI,57813,1994-01-11,Hindi,Fortnightly,ASHOK SHARMA,ASHOK SHARMA,Rajasthan,Ganganagar
AKSRA PRAJAPRATHINIDHI,APTEL/25/A4659,2025-12-03,Telugu,Daily,Lolabhattu Sri Veerabhadra Raju,Lolabhattu Sri Veerabhadra Raju,Andhra Pradesh,Kakinada
AKU REVIEW,HARENG/2014/61876,2015-05-11,English,Annual,AMIT KUMAR JAIN,AMIT KUMAR JAIN,Haryana,Yamunanagar
AKUTOBHAY,51955,1990-08-30,Hindi,Weekly,KRISHNA NAND SHASTRI,KRISHNA NAND SHASTRI,Madhya Pradesh,Bhopal
AKVAM KI AAWAZ,UPURD/2012/48111,2013-02-19,Urdu,Weekly,SANTOSH KUMAR,SANTOSH KUMAR,Uttar Pradesh,Lucknow
AKWAM,UPHIN/2013/53895,2014-01-07,Hindi,Daily,M.M. AKMAL,M.M. AKMAL,Uttar Pradesh,Sultanpur
AL AHSAN,KARKAN/2009/33000,2010-07-27,Kannada,Weekly,M. M. ABDUL LATHIEEF DARIMI,M. M. ABDUL LATHIEEF DARIMI,Karnataka,Dakshina Kannada
AL AKHBAR KASHMIR,JKBIL/2012/48010,2013-02-13,"English, Urdu",Weekly,MOHAMMAD LATEEF MIRCHAL,MOHAMMAD LATEEF MIRCHAL,Jammu and Kashmir,Srinagar
AL AMAR,UPURD/2016/68471,2016-09-02,Urdu,Weekly,WASEEM AKRAM,WASEEM AKRAM,Uttar Pradesh,Moradabad
AL AMAR,UPBIL/2021/86094,2024-01-15,"Hindi, Urdu",Daily,WASEEM AKRAM,WASEEM AKRAM,Uttar Pradesh,Moradabad
AL AMAR,UPHIN/2008/24977,2008-08-14,Hindi,Weekly,WASEEM AKRAM,WASEEM AKRAM,Uttar Pradesh,Moradabad
AL AMEEN ANNUALS,KERENG/2017/74744,2018-02-20,English,Annual,DR. LEJI LATHEEF,AL AMEEN COLLEGE EDATHALA ALUVA,Kerala,Ernakulam
AL AMEEN BARTA,WBBEN/2022/82982,2022-11-30,Bengali,Quarterly,MD NURUL ISLAM MIDDYA,AL-AMEEN MISSION TRUST,West Bengal,Kolkata
AL ANSAR,KARKAN/2009/28984,2009-09-25,Kannada,Weekly,IQBAL AHMED MUYEENUDDIN,IQBAL AHMED MUYEENUDDIN,Karnataka,Dakshina Kannada
AL ASGHAR,UPMUL/2019/78221,2019-11-29,"English, Urdu, Hindi",Quarterly,SYED TAJAMMUL HUSAIN,SYED TAJAMMUL HUSAIN,Uttar Pradesh,Saharanpur
AL ASRAR,TNTAM/2010/33531,2016-08-26,Tamil,Monthly,SEYED ABU THAHIR,SEYED ABU THAHIR,Tamil Nadu,Chennai
AL BAAS EL ISLAMI,UPARA/2000/02341,2000-11-18,English,Monthly,ATHAR HUSSAIN,NADWATUL ULAMA,Uttar Pradesh,Lucknow
AL BARIKA JADID,UPURD/2021/82853,2022-11-21,Urdu,Daily,MUMTAZ BEGUM,MUMTAZ BEGUM,Uttar Pradesh,Kanpur Nagar
AL BARIKA JADID,UPURD/2006/17759,2006-12-07,Urdu,Weekly,MUMTAZ BEGUM,MUMTAZ BEGUM,Uttar Pradesh,Kanpur Nagar
AL FAISAL,45029,1989-11-10,Urdu,Monthly,MOHD HASHIM AL-QASIMI,MOHD HASHIM AL-QASIMI,Telangana,Hyderabad
AL FIDA,64717,1996-12-10,Urdu,Fortnightly,RAHMATH ANJUM,SMT.RAHMAT ANJUM,Telangana,Hyderabad
AL FURAAQ,DELURD/2018/75828,2018-08-09,Urdu,Fortnightly,MOHAMMED NASEERUDDIN,MOHAMMED NASEERUDDIN,Delhi,New Delhi
AL GAUSH,DELURD/2009/29500,2009-11-12,Urdu,Daily,SYED ZAKI HAIDER,SYED ZAKI HAIDER,Delhi,New Delhi
AL HANIF,GUJGUJ/2016/68713,2016-09-14,Gujarati,Monthly,IMRAN FARUKBHAI KOTVAL,IMRAN FARUKBHAI KOTVAL,Gujarat,Surat
AL HIDAYA,57936,1994-07-06,English,Monthly,MOHAMMED FAJAL UR RAHIM,MOHAMMED AZIZURRAHIM,Rajasthan,Jaipur
AL HIRA,APBIL/2006/16390,2006-04-04,English,Fortnightly,DR. SYED JAHANGIR,DR. SYED JAHANGIR,Telangana,Hyderabad
AL IFTHITAH,KARKAN/2016/67988,2016-07-29,Kannada,Monthly,RIYAZ,RIYAZ,Karnataka,Dakshina Kannada
AL ISLAAH,6482,1957-03-24,Gujarati,Monthly,(QAAREE) ABDULLAH  A.  MIA,MAJLIS-E-KHUDDAMUDDIN,Gujarat,Surat
AL ISLAAH KARIMNAGAR,TELBIL/2018/77301,2019-05-07,"English, Urdu",Monthly,MOHD OMAR FAROOQ,MOHD OMAR FAROOQ,Telangana,Karimnagar
AL ISLAH,KERMAL/2011/37166,2011-05-11,Malayalam,Monthly,AMEER. P,AMEER P.,Kerala,Malappuram
AL JANNATH,TNTAM/2000/00600,2000-03-16,Tamil,Monthly,S.KAMALUDEEN,S.KAMALUDEEN,Tamil Nadu,Chennai
AL JEEL AL JADEED,DELARA/2017/74554,2018-02-06,English,Half Yearly,PROF. RIZWANUR RAHMAN,CENTRE OF ARABIC AND AFRICAN STUDIES,Delhi,New Delhi
AL KHABAR,MPHIN/2012/48098,2013-02-19,Hindi,Daily,SARA TAJ,SARA TAJ,Madhya Pradesh,Bhopal
AL MANAR,7917,2010-06-10,Malayalam,Monthly,P.P. UNNEEN KUTTY MOULAVI,KERALA NADVATHUL MUJAHIDEEN SANGHAM,Kerala,Kozhikode
AL MANOON,UPURD/2015/61103,2015-04-06,Urdu,Daily,MOHD. IMRAN KHAN,MOHD. IMRAN KHAN,Uttar Pradesh,Lucknow
AL MAZAHIR MAJALLAH,UPARA/2016/69495,2016-12-06,English,Bimonthly (Once in two months),QARI RIZWAN NASEEM,QARI RIZWAN NASEEM,Uttar Pradesh,Saharanpur
AL MOMIN,UPURD/2007/22329,2007-12-31,Urdu,Daily,Md Alamgir,Md Alamgir,Uttar Pradesh,Ghaziabad
AL MOMIN,UPURD/2011/37799,2014-05-24,Urdu,Daily,Md alamgir,Md Alamgir,Uttar Pradesh,Prayagraj
AL MOMIN,WBURD/2011/40626,2013-08-23,Urdu,Daily,MD. ALAMGIR,MD. ALAMGIR,West Bengal,Kolkata
AL MOMIN,DELURD/2003/13481,2011-10-05,Urdu,Daily,MD. ALAMGIR,MD.ALAMGIR,Delhi,New Delhi
AL MOMIN,BIHURD/2008/24548,2008-06-27,Urdu,Daily,MD. ALAMGIR,MD. ALAMGIR,Bihar,Patna
AL MOMIN,UPURD/2023/88927,2024-09-13,URDU,Daily,MD ALAMGIR,MD ALAMGIR,Uttar Pradesh,Moradabad
AL MUKHTAR KASHMIR,JKURD/2010/33148,2012-11-30,Urdu,Daily,NASRULLAH GAZI,NASRULLAH GAZI,Jammu and Kashmir,Srinagar
AL MUNEER,UPURD/2015/67947,2016-07-20,Urdu,Monthly,L.U. KHAN SHERVANI,L.U. KHAN SHERVANI,Uttar Pradesh,Baghpat
AL MUSHAHID,UPARA/2015/61264,2015-04-15,English,Monthly,ANWAR AHAMAD,ANWAR AHAMAD,Uttar Pradesh,Lucknow
AL NAEEM TIMES,MPHIN/2016/68510,2016-09-05,Hindi,Monthly,NAZIM UDDIN,NAZIM UDDIN,Madhya Pradesh,Bhopal
AL QAEM AL MUNTAZAR,70209,1999-10-03,Urdu,Half Yearly,SYED MOHAMMED AKBAR RIZVI,ASSOCIATION OF IMMAM MAHDI  TRUST LTD,Maharashtra,Mumbai
AL QAEM AL MUNTAZAR,70065,2005-12-12,Gujarati,Half Yearly,SYED MOHAMMED AKBAR RIZVI,ASSOCIATION OF IMAM MOHD,Maharashtra,Mumbai
AL QAEM AL MUNTAZAR,70068,1999-02-18,English,Half Yearly,SYED MOHAMMED AKBAR RIZVI,ASSOCIATION OF IMAM MAHDI,Maharashtra,Mumbai
AL QAEM AL MUNTAZAR,70132,1999-01-03,Hindi,Half Yearly,SYED MOHAMMED AKBAR RIZVI,ASSOCIATION OF IMAM MAHDI TRUST REGD UNDER BOMBAY PUBLIC TRUST,Maharashtra,Mumbai
AL RABIYA MEDIA SAMACHAR,MAHHIN/2015/65816,2016-02-01,Hindi,Weekly,ANANDRAJ M PILLAI,ANANDRAJ M PILLAI,Maharashtra,Mumbai
AL RAID,4899,1965-09-04,English,Fortnightly,MOHAMMAD RABEY NADVI,"ASSOCIATION OF THE STUDENTS OF DAR-UL-ULAMA, LUCKNOW",Uttar Pradesh,Lucknow
AL RASHD,APURD/25/A4772,2025-12-05,Urdu,Monthly,VASEEM KAZI,VASEEM KAZI,Andhra Pradesh,Ananthapuramu
AL REZA MAIL,DELHIN/2013/51516,2013-08-21,Hindi,Weekly,FARRUKH HASSAN,FARRUKH HASSAN,Delhi,New Delhi
AL RIYAZ JADID,51813,2013-09-25,Urdu,Weekly,RAFIKQ AHMED LEHRI,RAFIQ AHMAD SAHRI,Uttar Pradesh,Kanpur Nagar
AL SHARIQ,UPURD/2001/06019,2002-02-20,Urdu,Monthly,DR.VALIUDDIN NADVI,DR. WALIUDDIN NADVI,Uttar Pradesh,Jaunpur
AL USMAN,UPURD/2015/62556,2015-06-15,Urdu,Weekly,MOHD.HASHIM,MD.HASHIM,Uttar Pradesh,Fatehpur
AL WATAN,TELURD/2019/78130,2019-11-05,Urdu,Daily,SYED KHAJA BAHAUDDIN SHABBIR NAQSHBANDI,S K B SHABBIR NAQSHBANDI,Telangana,Hyderabad
AL WATAN TIMES,JHAURD/2016/73116,2017-08-31,Urdu,Daily,MOHAMMAD IQBAL SABA,MOHAMMAD IQBAL SABA,Jharkhand,Ranchi
AL WATAN TIMES,BIHURD/2019/78601,2020-03-18,Urdu,Daily,MOHAMMAD IQBAL SABA,MOHAMMAD IQBAL SABA,Bihar,Nalanda
AL WATAN TIMES,BIHURD/2015/65654,2016-01-15,Urdu,Daily,MOHAMMAD IQBAL SABA,MOHAMMAD IQBAL SABA,Bihar,Patna
AL YAUM,34639,1979-09-12,Urdu,Daily,MOHD. ATIQ SIDDIQI,MOHD. ATIQ SIDDIQI,Delhi,New Delhi
AL YAUM,50926,2013-02-13,Urdu,Daily,M. ATIQ SIDDIQI,MD.TAUHEED SIDDQUIE,Delhi,New Delhi
AL- NABZE SAHAFAT,56089,1993-02-03,Urdu,Weekly,ZUBAIR AHMED,SHAUKAT HAYAN,Uttar Pradesh,Kanpur Nagar
AL-ANBA,MAHHIN/2012/45979,2012-10-26,Hindi,Monthly,BASHIR AMHAD SAYYED,BASHIR AMHAD SAYYED,Maharashtra,Mumbai
AL-ANWAR,KERMAL/2010/34703,2010-12-13,Malayalam,Quarterly,HAFIS MUHAMMED,HAFIS MUHAMMAD,Kerala,Kozhikode
AL-ASRAR,TNMUL/2007/26674,2008-12-26,,Monthly,SEYED ABUTHAHIR,SEYED ABUTHAHIR,Tamil Nadu,Chennai
AL-ATASH,68661,1998-07-07,Urdu,Weekly,RAJ KUMAR CHANDAN,RAJ KUMAR CHANDAN,Jammu and Kashmir,Jammu
AL-ATTIEEQ,JKBIL/2013/49159,2013-04-15,"English, Urdu",Weekly,WAJIDA TABASSUM,WAJIDA TABASSUM,Jammu and Kashmir,Srinagar
AL-FURQAN,DELARA/2002/06576,2002-05-08,English,Monthly,MD. OBADULLAH,ISLAMIC RESEARCH CENTRE,Delhi,New Delhi
AL-FURQAN,BIHARA/1990/03742,1999-12-08,English,Monthly,MD. OBAIDULLA,MANAGING COMMITTEE,Bihar,Saran
AL-JANZEERA,MAHURD/2007/20549,2007-07-24,Urdu,Daily,SHAIKH SAJJAD AHMED,SHAIKH SAIJJAD AHMAD,Maharashtra,Chhatrapati Sambhaji Nagar
AL-MUALLIM,KERMAL/2003/12065,2004-03-08,MALAYALAM,Monthly,BAHAUDDEEN NADWI,"SECRETARY, SAMSTHA KERALA JAM-IYYATHUL MUALLIMEEN CENTRAL COUNCIL (S.K.J.M.C.C)",Kerala,Malappuram
AL-RIAZ-UL-HIND,52874,1984-06-23,Urdu,Weekly,,,Uttar Pradesh,Hyderabad
AL-SAQIB,UPURD/2003/09575,2003-04-09,Urdu,Monthly,SHAMA QASIM,SHAMA QASIM,Uttar Pradesh,Lucknow
ALA,TGENG/25/A5441,2025-12-31,English,Daily,Bongu Venu Gopala Rao,Bongu Venu Gopala Rao,Telangana,Hyderabad
ALA,APENG/26/A4604,2026-06-03,English,Daily,Bongu Venu Gopala Rao,Bongu Venu Gopala Rao,Andhra Pradesh,Krishna
ALA ANJHIRI,MPHIN/25/A0907,2025-06-03,Hindi,Weekly,Shailendra Singh Chauhan,Shailendra Singh Chauhan,Madhya Pradesh,Gwalior
ALA.,APTEL/2003/09586,2003-04-10,Telugu,Monthly,B.VENU GOPALA RAO,B.VENU GOPALA RAO,Telangana,Rangareddy
ALA.,APTEL/25/A1376,2025-06-23,Telugu,Daily,Bongu Venu Gopala Rao,Bongu Venu Gopala Rao,Andhra Pradesh,Krishna
ALA.,APTEL/2006/18287,2007-01-05,Telugu,Daily,BONGU VENU GOPALA RAO,BONGU VENU GOPALA RAO,Telangana,Hyderabad
ALAG ALAG SANDESH,CHHHIN/2014/55756,2014-05-29,Hindi,Monthly,VIVEK SRIVASTAVA,VIVEK SHRIVASTAVA,Chhattisgarh,Rajnandgaon
ALAG ANDAJ,45187,1987-11-06,Hindi,Weekly,AMRIT LAL JAIN,AMRIT LAL JAIN,Madhya Pradesh,Ujjain
ALAG NAJAR,MPHIN/26/A5083,2026-06-15,Hindi,Quarterly,GOURAV RAIKWAR,GOURAV RAIKWAR,Madhya Pradesh,Narsimhapur
ALAG PAHCHAN,JHAHIN/2013/66670,2016-04-07,Hindi,Daily,ANPURNA GUPTA,ANPURNA GUPTA,Jharkhand,Jharkhand
ALAG SOCH,HARHIN/2020/79556,2021-03-04,Hindi,Monthly,DINESH BANSAL,DINESH BANSAL,Haryana,Fatehabad
ALAG THALAG,MPHIN/2017/73230,,Hindi,Monthly,MOHAMMAD ISHTIYAQ,MOHAMMAD ISHTIYAQ,Madhya Pradesh,Bhopal
ALAKH,MAHMAR/2021/80621,2021-12-20,Marathi,Weekly,RAJENDRA JAGANNATHRAO DESHMUKH,RAJENDRA JAGANNATHRAO DESHMUKH,Maharashtra,Akola
ALAKH GANGA,MPHIN/2016/66949,2016-05-20,Hindi,Monthly,mayank saraf,mayank saraf,Madhya Pradesh,Morena
ALAKH INDIA,BIHBIL/2016/67130,2016-05-31,"English, HINDI",Monthly,AMAR NATH KUMAR,AMAR NATH KUMAR,Bihar,Patna
ALAKH JYOTI,UPBIL/2011/36719,2011-04-11,"English, HINDI",Weekly,AMITABH TRIVEDI,AMITABH TRIVEDI,Uttar Pradesh,Lucknow
ALAKH JYOTI,UPBIL/2007/21906,2007-11-27,"English, HINDI",Fortnightly,AMITABH TRIVEDI,AMITABH TRIVEDI,Uttar Pradesh,Lucknow
ALAKHNAD,63513,2013-05-21,Hindi,Weekly,NEELAM NIGAM,NEELAM NIGAM,Uttar Pradesh,Lucknow
ALAKHNAD,UPHIN/2012/48519,2013-03-11,Hindi,Daily,NEELAM NIGAM,NEELAM NIGAM,Uttar Pradesh,Lucknow
ALAKHNAMA,BIHURD/2012/41717,2012-04-20,Urdu,Daily,G.N. BHATT,G.N. BHATT,Bihar,Muzaffarpur
ALAKNANDA SAMACHAR,58405,1993-11-09,Hindi,Weekly,SURENDRA SINGH RAWAT,SURENDRA SINGH RAWAT,Uttarakhand,Dehradun
ALAL SUBAH,69780,1999-01-15,Urdu,Daily,S.H. MEHANDI,S.H. MEHANDI,Uttar Pradesh,Lucknow
ALAM,11183,1959-01-01,Gujarati,Monthly,T. L. JOSHI,D.R. DESAI,Gujarat,Surat
ALAM VIZHUDUGAL,TNBIL/2003/11220,2003-11-14,"English, Tamil",Monthly,K. GANGADARAN,"THE TAMIL NADU RETIRED GOVERNMENT EMPLOYEES, ASSOCIATION",Tamil Nadu,Chennai
ALAM-E-IMROZ,64673,1996-12-04,Urdu,Weekly,SULTANA BANU,SULTANA BANU,Telangana,Hyderabad
ALAMGIR,10759,1965-09-16,Urdu,Weekly,MOHD. ABDUL RAHIM (FARYADI),MOHD ABDUL RAHIM (FARYADI),Telangana,Hyderabad
ALAMGIR,RAJHIN/2002/07530,2002-08-21,Hindi,Weekly,HASEENA BANO,HASINA BANO,Rajasthan,Jaipur
ALAMI PUNJABI AWAZ,PUNPUN/2008/24195,2008-05-30,Punjabi,Monthly,MAJOR SINGH,MAJOR SINGH,Punjab,Jalandhar
ALAMI TIMES,UPHIN/2011/42544,2012-05-25,Hindi,Weekly,JEESHAN AHMAD AZMI,JEESHAN AHMAD AZMI,Uttar Pradesh,Lucknow
ALANG EXPRESS,GUJGUJ/2015/61836,2015-05-06,Gujarati,Weekly,Vala Abhayrajsinh Hemarajsinh,Vala Abhayrajsinh Hemarajsinh,Gujarat,Bhavnagar
ALANG SANDESH,64684,2011-02-02,Gujarati,Weekly,Ramavat Dalpatbhai Jagjivandas,Ramavat Dalpatbhai Jagjivandas,Gujarat,Bhavnagar
ALANGAIMALAR,TNTAM/25/A2348,2025-08-29,Tamil,Monthly,RAMAMOORTHI KANNAN,RAMAMOORTHI KANNAN,Tamil Nadu,Madurai
ALANKAR,MPHIN/2014/58893,2014-12-12,Hindi,Daily,NAVED KHAN,NAVED KHAN,Madhya Pradesh,Raisen
ALANKAR,MPHIN/2012/46954,2012-12-12,Hindi,Daily,NAVED KHAN,NAVED KHAN,Madhya Pradesh,Bhopal
ALANKAR,MPHIN/2019/83578,2023-05-01,Hindi,Monthly,NAVED KHAN,NAVED KHAN,Madhya Pradesh,Bhopal
ALANKAR JYOTI,MPHIN/2009/30889,2010-02-11,Hindi,Quarterly,MANJU BAGHEL,MANJU BAGHEL,Madhya Pradesh,Bhopal
ALANKIT INFOLINE,DELBIL/2008/24661,2008-07-15,"English, HINDI",Monthly,ALOK KUMAR AGARWAL,ALANKIT ASSIGNMENTS LIMITED,Delhi,New Delhi
ALAUKIK PARIWAR,MAHMAR/2017/74700,2018-02-15,Marathi,Annual,DAYANAND SHAMRAO THOMBRE,DAYANAND SHAMRAO THOMBRE,Maharashtra,Pune
ALAYA SIKARAM,APBIL/2012/42193,2012-05-15,"English, Telugu",Monthly,S.TRIVENI MATHAJI,S.TRIVENI MATHAJI,Andhra Pradesh,Visakhapatnam
ALBELI SABKI SAHELI,UPHIN/2014/59634,2015-01-16,Hindi,Quarterly,SUNITA KUMARI,NARESH KUMAR UPADHYAY,Uttar Pradesh,Meerut
ALBOREAR INTERNATIONAL JOURNAL OF ADVANCE STUDY AND RESEARCH WORK,MAHBIL/2019/81153,2023-09-14,"English, HINDI",Monthly,PRIYANKA GUPTA,ALBOREAR (OPC) PVT. LTD.,Maharashtra,Thane
ALEEZA EXPRESS,MPHIN/2015/67427,2016-06-09,Hindi,Fortnightly,FOZIA ALI,FOZIA ALI,Madhya Pradesh,Bhopal
ALEHDA PAKSH,MPHIN/2021/80604,2021-12-20,Hindi,Monthly,AMIR ZAMAN KHAN,AMIR ZAMAN KHAN,Madhya Pradesh,Bhopal
ALEHDA PAKSH,MPHIN/26/A1542,2026-03-16,Hindi,Quarterly,amir zaman khan,amir zaman khan,Madhya Pradesh,Bhopal
ALEMARI BANDHU,KARKAN/2020/78617,2020-05-11,Kannada,Weekly,M.C. LOKAPPA,M C LOKAPPA,Karnataka,Bellary
ALERT AFSARSHAHI,DELHIN/2015/61931,2015-05-15,Hindi,Monthly,VINOD KUMAR YADAV,VINOD KUMAR YADAV,Delhi,New Delhi
ALERT BHARAT SAMACHAR,RAJHIN/2021/86001,2024-01-03,Hindi,Monthly,NIKHIL CHAWLA,ANIL RAWAT,Rajasthan,Bikaner
ALERT COMMANDO,69555,2012-06-30,Hindi,Monthly,ASHOK KUMAR SINHA,ASHOK KUMAR SINHA,Bihar,Katihar
ALERT DUNIYA,KARKAN/2023/88441,2024-08-21,KANNADA,Fortnightly,KOTRESHA M,KOTRESHA M,Karnataka,Bellary
ALERT HASTAKSHEP,UPHIN/2013/53000,2013-11-18,Hindi,Weekly,VINEET SRIVASTAVA,VINEET SRIVASTAVA,Uttar Pradesh,Hardoi
ALERT KHULASA,MPHIN/25/A4883,2025-12-08,Hindi,Monthly,Vinita Khandar,Vinita Khandar,Madhya Pradesh,Bhopal
ALERT MUMBAI,MAHHIN/2005/16004,2006-01-18,Hindi,Weekly,SURESHLAL MOHANLAL PATEL,SURESHLAL MOHANLAL PATEL,Maharashtra,Mumbai
ALERT NEWS,UPHIN/2004/14630,2010-06-09,Hindi,Weekly,NARESH KUMAR VISHWAKARMA,NARESH KUMAR VISHWAKARMA,Uttar Pradesh,Muzaffarnagar
ALERT NEWS,GUJGUJ/2023/90525,2025-03-18,GUJARATI,Weekly,SHAIKH MOHAMMAD SAKIR SABBIRMIYA,SHAIKH MOHAMMAD SAKIR SABBIRMIYA,Gujarat,Surat
ALERT NEWS,GUJGUJ/2020/84903,2023-06-12,Gujarati,Monthly,SHAIKH MOHAMMAD SAKIR SABBIRMIYA,SHAIKH MOHAMMAD SAKIR SABBIRMIYA,Gujarat,Surat
ALERT STAR,UPBIL/2013/56129,2014-07-04,"English, HINDI",Weekly,SANJEEV KUMAR SAXENA,SANJEEV KUMAR SAXENA,Uttar Pradesh,Shahjahanpur
ALERT TEAM,UPHIN/2014/60672,2015-03-11,Hindi,Weekly,KRISHAN KUMAR SAHOO,KRISHAN KUMAR SAHOO,Uttar Pradesh,Kanpur Nagar
ALERT TIMES,DELENG/2000/00987,2000-05-15,English,Weekly,JATINDER BIR SINGH,JATINDER BIR SINGH,Delhi,New Delhi
ALFA KHABAR,WBBEN/25/A5271,2025-12-18,Bengali,Fortnightly,Amjad Ali Sekh,Amjad Ali Sekh,West Bengal,Purba Bardhaman
ALFA TIMES,UPHIN/2011/42057,2012-05-09,Hindi,Weekly,RIZWAN AHMAD,RIZWAN AHMAD,Uttar Pradesh,Sultanpur
ALFAAZ INSIGHT,MPHIN/26/A1715,2026-03-18,Hindi,Quarterly,BUSHRA SULTAN,BUSHRA SULTAN,Madhya Pradesh,Bhopal
ALFAAZ INSIGHT,MPHIN/25/A5084,2025-12-11,Hindi,Monthly,BUSHRA SULTAN,BUSHRA SULTAN,Madhya Pradesh,Bhopal
ALFAAZ TIMES,MAHMUL/2023/88574,2024-08-20,MULTILINGUAL,Weekly,RAJEKHAN SHAUKAT PATEL,RAJEKHAN SHAUKAT PATEL,Maharashtra,Pune
ALFAAZO KI AHAMIYAT,MPHIN/2021/80914,2021-12-29,Hindi,Monthly,SHADAB AHMED,SHADAB AHMED,Madhya Pradesh,Bhopal
ALFAJ TODAY,RAJHIN/2000/03269,2013-01-30,Hindi,Fortnightly,MUNNA AHMED,MUNNA AHMED,Rajasthan,Ajmer
ALFAJ TODAY,RAJHIN/2010/33893,2013-01-30,Hindi,Monthly,MUNNA AHMED,MUNNA AHMED,Rajasthan,Ajmer
ALFAZ DASTAK,MPHIN/26/A2800,2026-04-27,Hindi,Monthly,ABDUL RASHEED,ABDUL RASHEED,Madhya Pradesh,Bhopal
ALFAZ DASTAK,MPHIN/25/A2702,2025-09-19,Hindi,Quarterly,ABDUL RASHEED,ABDUL RASHEED,Madhya Pradesh,Bhopal
ALFAZ DIL SE,UPHIN/2016/67145,2016-06-01,Hindi,Weekly,ATHER SAEED KHAN,ATHER SAEED KHAN,Uttar Pradesh,Bijnor
ALFAZ VATAN KE SATH,MPHIN/2020/86401,2024-02-12,Hindi,Monthly,SHEIKH DANISH,SHEIKH DANISH,Madhya Pradesh,Bhopal
ALGORITHM RENAISSANCE,DLENG/25/A1645,2025-07-04,English,Quarterly,SHLOK SINGH,DELLYTE MEDIA & ENTERTAINMENT PRIVATE LIMITED,Delhi,East Delhi
ALHADI,WBURD/26/A0579,2026-01-21,Urdu,Monthly,Zaki Ahmad,Zaki Ahmad,West Bengal,Howrah
ALHAMRA,MPURD/2007/24623,2008-07-10,Urdu,Daily,JAVED YAZDANI,JAVED YAZDANI,Madhya Pradesh,Bhopal
ALHAYAT,UPHIN/2007/22410,2008-01-07,Hindi,Weekly,NISAR AHAMAD KHAN,NISAR AHAMAD KHAN,Uttar Pradesh,Sultanpur
ALHAYAT,UPURD/2013/52961,2013-11-05,Urdu,Weekly,NISAR AHMAD KHAN,NISAR AHAMAD KHAN,Uttar Pradesh,Ghazipur
ALHILAL TIMES,MAHURD/2012/48710,2013-03-20,Urdu,Daily,QAMAR UL EMAN KHAN ZAFARNAZ,QAMAR UL EMAN KHAN ZAFARNAZ,Maharashtra,Beed
ALHUBAB,DELURD/2016/75497,2018-06-20,Urdu,Daily,SHAISHTA HASAN,SHAISHTA HASAN,Delhi,New Delhi
ALI KE DAAMN,MPHIN/2021/80106,2021-08-13,Hindi,Monthly,SAMREEN,SAMREEN,Madhya Pradesh,Bhopal
ALI SAMACHAR,TELURD/2015/65355,2015-12-30,Urdu,Fortnightly,MOHD. IMRAN,MOHD.IMRAN,Telangana,Nalgonda
ALI SAMVAD,MPHIN/2016/67563,2016-06-27,Hindi,Monthly,AKHTAR BANO,AKHTAR BANO,Madhya Pradesh,Bhopal
ALIGARH EXPRESS,UPHIN/2015/68829,2016-09-28,Hindi,Daily,MUSHEER AMHAD KHAN,MUSHEER AMHAD KHAN,Uttar Pradesh,Aligarh
ALIGARH GORAV,56821,1993-07-15,Hindi,Weekly,DINESH KUMAR SHARMA,DINESH KUMAR SHARMA,Uttar Pradesh,Aligarh
ALIGARH HUNGAMA,UPHIN/2012/41593,2012-04-18,Hindi,Weekly,VAKEEL AHMAD,VAKEEL AHMAD,Uttar Pradesh,Aligarh
ALIGARH JOURNAL OF ENGLISH STUDIES,29062,1976-10-07,English,Annual,A.A. ANSARI,ALIGARH MUSLIM UNIVERSITY,Uttar Pradesh,Aligarh
ALIGARH SAMACHAR SAMRAT,59564,1994-03-05,Hindi,Weekly,,,Uttar Pradesh,Aligarh
ALIGARH SAMRAT,54377,1992-03-13,Hindi,Weekly,MUKESH KUMAR SINGH,MUKESH KUMAR SINGH,Uttar Pradesh,Aligarh
ALIGNMENT NEWS,UPHIN/2022/84072,2023-05-01,Hindi,Monthly,Suvarn Rekha Upadhaya,Suvarn Rekha Upadhaya,Uttar Pradesh,Lucknow
ALIPUR BARTA,13709,1967-02-16,Bengali,Weekly,SUDHIR NANDI,NIKHIL BANGA KALYAN SAMITY,West Bengal,Kolkata
ALIPURE TIMES,WBBEN/2011/50067,2013-06-03,Bengali,Fortnightly,DEBASISH BHATTACHARJEE,DEBASISH BHATTACHARJEE,West Bengal,Kolkata
ALIS TIMES,MPHIN/2010/33923,2010-10-07,Hindi,Daily,S.M. ALI,S.M. ALI,Madhya Pradesh,Gwalior
ALIS TIMES,MPHIN/2012/47394,2013-01-09,Hindi,Daily,S.M.ALI,S.M. ALI,Madhya Pradesh,Bhopal
ALISHAAN RAJA,RAJHIN/2021/83098,2023-01-16,Hindi,Weekly,MOHAMMED NAPHIS,MOHAMMED NAPHIS,Rajasthan,Udaipur
ALIVE,592,1957-03-04,English,Monthly,DIVESH NATH,DELHI PRESS PATRA PRAKASHAN (PVT.) LTD.,Delhi,New Delhi
ALIVE NEWS,HARBIL/2012/45536,2012-10-05,"English, HINDI",Fortnightly,TILAK RAJ,TILAK RAJ,Haryana,Faridabad
ALJAMIAT,38985,1998-01-01,URDU,Weekly,MOHAMMAD TAIYAB KHAN,JAMIAT TRUST SOCIETY,Delhi,New Delhi
ALKA TODAY,DELHIN/2014/61187,2015-04-10,Hindi,Weekly,DEEPAK KUMAR,DEEPAK KUMAR,Delhi,New Delhi
ALKABIR,MPHIN/2012/43483,2012-06-27,Hindi,Monthly,AMIT VERMA,AMIT VERMA,Madhya Pradesh,Bhopal
ALKAPURI MAIL,UTTGAR/2016/71407,2017-05-03,GARHWALI,Fortnightly,YUDHBIR SINGH,YUDHBIR SINGH,Uttarakhand,Chamoli
ALKHADESH,PUNHIN/2001/05265,2001-03-16,Hindi,Monthly,SWAMI VISHESHANAND JI,SWAMI VISHESHANANDJI,Punjab,Hoshiarpur
ALKURAANIN KURALGAL,TNTAM/25/A2802,2025-09-22,Tamil,Monthly,Mohamed Ismail,Mohamed Ismail,Tamil Nadu,Madurai
ALL ABOUT EDUCATION,RAJBIL/2016/75609,2018-06-22,"English, HINDI",Monthly,ARVIND PANDIT,ARVIND PANDIT,Rajasthan,Jodhpur
ALL ABOUT ELECTRONICS,DELENG/2018/77015,2019-03-14,English,Monthly,ABHISHEK DUBEY,ABHISHEK DUBEY,Delhi,New Delhi
ALL ABOUT SENIORS,DELENG/2014/57356,2014-09-19,English,Monthly,RAMESH SEHDEV,EMAZING IDEAS,Delhi,New Delhi
ALL DAY NEWS,GUJGUJ/2023/84685,2023-05-30,Gujarati,Weekly,PUROHIT BHARAT KANTIBHAI,PUROHIT BHARAT KANTIBHAI,Gujarat,Surat
ALL IN ONE,UPHIN/2014/57256,2014-09-15,HINDI,Monthly,PANKAJ KUMAR,PANKAJ KUMAR,Uttar Pradesh,Gorakhpur
ALL IN ONE HOMOEOPATHY,APMUL/2014/54838,2014-03-03,"English, Telugu, Hindi",Monthly,DR.P. SHIVANANDA SWAMY,DR.P. SHIVANANDA SWAMY,Andhra Pradesh,Hyderabad
ALL IN ONE NEWS,KNKAN/26/A0441,2026-01-16,Kannada,Daily (Monday To Saturday),VISHWANATH  NEELAKANTH HALAGE,VISHWANATH  NEELAKANTH HALAGE,Karnataka,Belagavi
ALL INDIA ADMISSION GAZETTE,63417,1996-03-18,English,Weekly,ABHAY KUMAR RAI,ABHAY KUMAR RAI,Delhi,New Delhi
ALL INDIA APPEALS REPORTERS,UPENG/2001/03486,2001-04-12,English,Monthly,AJAY SIWACH,AJAY SIWACH,Uttar Pradesh,Meerut
ALL INDIA APPOINTMENT GAZETTE,24619,2003-11-11,English,Weekly,KALYAN DAS,S.C.TALUKDAR,West Bengal,Kolkata
ALL INDIA ARBITRATION LAW REPORTER,40530,1982-04-08,English,Fortnightly,O. P. CHADHA,O.P. CHADHA,Delhi,New Delhi
ALL INDIA BRIGADE,MAHHIN/2006/16907,2006-07-18,Hindi,Weekly,RAFIQUE MUNNAWAR SHAIKH,RAFIQ MUNNAWAR SHAIKH,Maharashtra,Mumbai
ALL INDIA CRIME BRANCH,UPHIN/2007/22406,2008-01-04,Hindi,Weekly,UPENDRA CHAUDHARY,UPENDRA CHAUDHARY,Uttar Pradesh,Muzaffarnagar
ALL INDIA DARSHAN,HARHIN/2003/13737,2004-12-14,Hindi,Monthly,PRADEEP BHARDWAJ,PRADEEP BHARDWAJ,Haryana,Bhiwani
ALL INDIA EDUCATION SAMACHAR,UPBIL/2000/01824,2000-09-01,"English, Urdu, Hindi",Fortnightly,NIGAH TABI,NIGAH TABI,Uttar Pradesh,Rampur
ALL INDIA FEDERATION OF TAX PRACTITIONERS JOURNAL,MAHENG/1999/05918,2002-02-12,English,Monthly,K.SHIVARAM,ALL INDIA FEDERATION OF TAX PRACTITIONERS,Maharashtra,Mumbai
ALL INDIA GUIDE,9676,1966-02-23,"English, HINDI",Monthly,SHRI AMAR NATH DAWAR,AMAR NATH DAWAR,Uttar Pradesh,Bareilly
ALL INDIA JUNIOR ENGINEERS FEDERATION,4669,1959-06-10,"English, Urdu, Hindi",Fortnightly,M. K .SAWNEY,ALL INDIA JUNIOR ENGINEERS FEDERATION,Delhi,New Delhi
ALL INDIA LAW DIGEST,APENG/2000/02580,2000-12-21,English,Monthly,WASIM AHMED,WASIM AHMED,Telangana,Hyderabad
ALL INDIA MAGAZINE,22334,1972-04-07,English,Monthly,PRADEEP NARANG,SRI AUROBINDO SOCIETY,Puducherry,Puducherry
ALL INDIA NEWSPAPER ASSOCIATION TODAY,UPHIN/2022/87528,2024-06-18,HINDI,Monthly,AJAY KUMAR VERMA,ALL INDIA NEWSPAPAER ASSOCIATION,Uttar Pradesh,Lucknow
ALL INDIA REPORTER,1753,1957-03-04,English,Monthly,SUMANT W. CHITALEY,ALL INDIA REPORTER PVT. LTD.,Maharashtra,Nagpur
ALL INDIA SCANNER,WBENG/2015/62640,2015-06-16,English,Fortnightly,ABHIJIT SETH,ABHIJIT SETH,West Bengal,Kolkata
ALL INDIA TAX TRIBUNALS JUDGEMENTS,43523,2005-12-12,English,Weekly,SANJAY KUMAR VANGANI,CURRENT TAX REPORTER,Rajasthan,Jodhpur
ALL INDIA TIME,GJGUJ/26/A6534,2026-08-10,Gujarati,Weekly (monday to friday),PATEL ANILKUMAR MANUBHAI,PATEL ANILKUMAR MANUBHAI,Gujarat,Vadodara
ALL INDIA TIMES,68788,1998-07-24,Hindi,Weekly,SANJAY KUMAR,SANJAY KUMAR,Uttar Pradesh,Ghaziabad
ALL IS WELL,MPHIN/2020/85693,2023-11-10,Hindi,Monthly,RITESH PRADIP BAVISKAR,RITESH PRADIP BAVISKAR,Madhya Pradesh,Burhanpur
ALL KSI NEWS AAJTAK,GUJGUJ/2016/67846,2016-07-13,Gujarati,Weekly,NAHID FATEMA SHABAN ALI HADAKIYA,NAHID FATEMA SHABAN ALI HADAKIYA,Gujarat,Ahmedabad
ALL MAHARASHTRA CRIMINAL CASES,MPENG/2008/26725,2009-01-05,English,Monthly,LAL C. SAHITA,LAL C. SAHITA,Madhya Pradesh,Indore
ALL MAHARASHTRA LAW REPORTER,MPENG/2008/26693,2009-01-05,English,Monthly,LAL C. SAHITA,LAL C. SAHITA,Madhya Pradesh,Indore
ALL MAHARASHTRA LAW REPORTER (CRIMINAL),MPENG/2009/28829,2009-09-02,English,Monthly,LAL C. SAHITA,LAL C. SAHITA,Madhya Pradesh,Indore
ALL MAHARASHTRA SUPREME COURT CASES REPORTER,MAHENG/2007/21356,2007-10-12,English,Monthly,LAL C. SAHITA,LAL C. SAHITA,Maharashtra,Mumbai
ALL MAHARASHTRA SUPREME COURT CASES REPORTER (CRIMINAL),MPENG/2016/66133,2016-02-10,English,Monthly,LAL C.SAHITA,LAL C.SAHITA,Madhya Pradesh,Indore
ALL NEWS TIMES,MPHIN/25/A5067,2025-12-11,Hindi,Monthly,Masood javed,MASOOD JAVED,Madhya Pradesh,Khandwa
ALL NEWS TIMES,MPHIN/26/A5870,2026-07-21,Hindi,Daily (Monday To Saturday),Masood javed,MASOOD JAVED,Madhya Pradesh,Bhopal
ALL NEWS TIMES,MPHIN/26/A5857,2026-07-21,Hindi,Daily (Monday To Saturday),Masood javed,MASOOD JAVED,Madhya Pradesh,Khandwa
ALL RIGHTS,DELBIL/2013/48560,2013-03-13,"English, HINDI",Monthly,GOPAL CHANDRA AGARWAL,GOPAL CHANDRA AGARWAL,Delhi,New Delhi
ALL RIGHTS,DELURD/2014/55451,2014-04-29,Urdu,Monthly,GOPAL CHANDRA AGARWAL,GOPAL CHANDRA AGARWAL,Delhi,New Delhi
ALL ROUND JOURNALS,UPBIL/2015/69474,2016-12-06,"English, HINDI",Monthly,DR. SADA NAND MISHRA,SARVANGIN VIKAS SHODH AWAM PRASHIKSHAN SANSTHAN,Uttar Pradesh,Azamgarh
ALL SAFIQ,55948,1992-10-05,Hindi,Weekly,SAFIKAR RAHMAN,MR. JUVEDA KHATUN,Uttar Pradesh,Bara Banki
ALL THE TRUTH,MPHIN/2016/77006,2019-03-14,Hindi,Weekly,VINAY SHUKLA,VINAY KUMAR SHUKLA,Madhya Pradesh,Satna
ALL TIME BREATHER,KARENG/2013/52303,,English,Fortnightly,RONAK BHARAT SHAH,RONAK BHARAT SHAH,Karnataka,Bengaluru
ALL TIMES SOLUTION,DELHIN/2014/56467,2014-08-09,Hindi,Weekly,ASHOK KHATRI,ASHOK KHATRI,Delhi,New Delhi
ALL ZONE TIMES,DELHIN/2016/68954,2016-10-19,Hindi,Monthly,RUCHI JAIN,RUCHI JAIN,Delhi,New Delhi
ALLAH BAS,68385,1998-05-27,Urdu,Monthly,MOHAMMED NAUSHAD KHAND GHAZI,MOHAMMED NAUSHAD KHAND GHAZI,Delhi,New Delhi
ALLAHABAD DIGLOT CRIMINAL CASES,UPBIL/2017/70939,2017-04-12,"English, HINDI",Monthly,SHADAB KHAN,SHADAB KHAN,Uttar Pradesh,Prayagraj
ALLAHABAD EXPRESS,UPENG/2022/87382,2024-05-30,ENGLISH,Daily,ARUN KUMAR SONKER,ARUN KUMAR SONKER,Uttar Pradesh,Prayagraj
ALLAHABAD EXPRESS,UPHIN/2008/24985,2013-08-12,HINDI,Weekly,ARUN KUMAR SONKER,ARUN KUMAR SONKER,Uttar Pradesh,Prayagraj
ALLAHABAD EXPRESS,UPHIN/2010/36856,2013-08-07,HINDI,Daily,ARUN KUMAR SONKER,ARUN KUMAR SONKER,Uttar Pradesh,Prayagraj
ALLAHABAD KESHRI,51099,1990-10-11,Hindi,Daily,RITESH AGRAWAL,RITESH AGRAWAL,Uttar Pradesh,Prayagraj
ALLAHABAD KESRI,40272,1982-09-13,Hindi,Quarterly,HARISH CHAND AGGARWAL,HARISH CHAND AGGARWAL,Uttar Pradesh,Prayagraj
ALLAHABAD LIVES,UPHIN/2010/31902,2010-04-16,Hindi,Daily,VIJAY KUMAR MISHRA,VIJAY KUMAR MISHRA,Uttar Pradesh,Prayagraj
ALLAHABAD TIMES,9846,1965-07-08,Hindi,Daily,GANESH PRASAD TIWARI,GANESH PRASAD TIWARI,Uttar Pradesh,Prayagraj
ALLAHABAD TIMES OF INDIA,UPENG/26/A3773,2026-05-15,English,Daily,Dhanush Vir Singh,Bennett Coleman and Company Limited,Uttar Pradesh,Lucknow
ALLAHABAD UJALA,UPHIN/2006/20178,2007-06-20,Hindi,Daily,BALRAM SHUKLA,BALRAM SHUKLA,Uttar Pradesh,Prayagraj
ALLIANCE DARPAN NAWALGARH,RAJHIN/2017/73334,2017-09-20,Hindi,Monthly,DAYASHANKAR JANGID,DAYASHANKAR JANGID,Rajasthan,Jhunjhunu
ALLIANCE TODAY,UPHIN/2008/27514,2009-04-17,Hindi,Daily,M.RANI,M.RANI,Uttar Pradesh,Lucknow
ALLIANCE TODAY,UPHIN/26/A5785,2026-07-15,Hindi,Monthly,Maya Rani,Maya Rani,Uttar Pradesh,Lucknow
ALLIANCE TODAY,UPHIN/26/A5791,2026-07-15,Hindi,Weekly,Maya Rani,Maya Rani,Uttar Pradesh,Lucknow
ALLIANCE VIEWS,DELENG/2016/67500,2016-06-14,English,Monthly,ANUP MITTAL,ANUP MITTAL,Delhi,New Delhi
ALLIED BOOK NEWS,53462,1991-10-15,English,Quarterly,,,Delhi,
ALLIED TIMES,MPHIN/2016/77426,2019-05-30,Hindi,Monthly,OVAIS JAFRI,OVAIS JAFRI,Madhya Pradesh,Bhopal
ALLURE YOUR STYLE YOUR WAY,WBENG/2014/60126,2015-02-09,English,Monthly,DEBANJANA BATRA,DEBANJANA BATRA,West Bengal,Kolkata
ALLURI ASSAYA SADHANE EEROJU,APTEL/2024/86865,2024-04-15,Telugu,Daily,PASAGADUGULA BALABHANU MRUTYUNJAYA,PASAGADUGULA BALABHANU MRUTYUNJAYA,Andhra Pradesh,Visakhapatnam
ALLURI JAITRA,APTEL/25/A5034,2025-12-10,Telugu,Monthly,POTHURASA VENKATARAJU,POTHURASA VENKATARAJU,Andhra Pradesh,Visakhapatnam
ALLURI MANA PADERU NEWS,APTEL/26/A3543,2026-05-12,Telugu,Monthly,PADILAM AVINASH,PADILAM AVINASH,Andhra Pradesh,Visakhapatnam
ALMA TIMES,MPHIN/2006/17569,2006-11-01,Hindi,Monthly,SANTOSH SHUKLA,SANTOSH SHUKLA,Madhya Pradesh,Indore
ALMA TODAY,MPHIN/2015/64649,2015-11-09,Hindi,Monthly,SANTOSH SHUKLA,SANTOSH SHUKLA,Madhya Pradesh,Indore
ALMADINATUL MUNAWARA,37944,1984-02-20,Urdu,Weekly,AKBAR ALI,AKBAR ALI,Telangana,Hyderabad
ALMEEZAN,45848,1986-12-24,Urdu,Monthly,SYED MOHD JELANI MOHAMID,SYED MOHD JELANI MOHAMID,Delhi,New Delhi
ALMEHAMOOD,71642,1999-09-15,Urdu,Monthly,MOHAMMAD ABBAS,JAMIA MAHAMOODIA,Uttar Pradesh,Meerut
ALMIR NAMA,MAHURD/2012/45880,2012-10-25,Urdu,Daily,ABDUL GHAFOOR PASHA,ABDUL GHAFOOR PASHA,Maharashtra,Nagpur
ALMIR TIMES,MAHENG/2012/45882,2012-10-23,English,Daily,ABDUL GHAFOOR PASHA,ABDUL GHAFOOR PASHA,Maharashtra,Nagpur
ALMODA TIMES,51696,1991-03-26,Hindi,Weekly,HARISH CHANDRA  BHANDARI,HARISH CHANDRA  BHANDARI,Uttarakhand,Almora
ALMORA POST,UAHIN/25/A3258,2025-10-15,Hindi,Weekly,MADAN MOHAN PATHAK,MADAN MOHAN PATHAK,Uttarakhand,Nainital
ALMUKANDAS,CHHURD/2009/30519,2010-01-20,Urdu,Daily,SABERA MOHSIN ALI,SABERA MOHSIN ALI,Chhattisgarh,Raipur
ALOCHANA,13075,1957-01-01,Bengali,Monthly,SRI RAGHUNANDAN DUTTA,SATSANG PHILANTHROPIC INSTITUTION,Jharkhand,Deoghar
ALOCHANA,14216,1965-12-10,Hindi,Quarterly,,,,
ALOCHANA,7244,2005-12-12,Hindi,Quarterly,ASHOK KUMAR MAHESHWARI,RAJKAMAL PRAKASHAN (PVT.) LTD.,Delhi,New Delhi
ALOCHHAYA,5240,1955-01-17,Bengali,Monthly,DHIREN MULLICK,MADHAB LAL MULLICK,West Bengal,Kolkata
ALOCHNA EXPRESS,MPHIN/2016/71306,2017-04-27,Hindi,Weekly,PAWAN KUMAR CHORAIYA,PAWAN KUMAR CHORAIYA,Madhya Pradesh,Chhindwara
ALOCHNATMAK KHAWAB,MPHIN/26/A1411,2026-02-25,Hindi,Quarterly,shakir shadan,shakir shadan,Madhya Pradesh,Bhopal
ALOCHNATMAK KHAWAB,MPHIN/25/A4050,2025-11-19,Hindi,Monthly,shakir shadan,shakir shadan,Madhya Pradesh,Bhopal
ALOK,6202,2012-07-05,Hindi,Daily,BHAI ASHISH KUMAR SHARMA,BHAI PRAMOD KR.SHARMA,Madhya Pradesh,Rewa
ALOK,18434,1969-07-05,Assamese,Weekly,PRAFULLA KUMAR BORA,ALOK PRAKASHAN TRUST,Assam,Kamrup Metropolitan
ALOK ALKAPURI,48978,2005-12-12,Hindi,Daily,ALOK  KUMAR SINHA,ALOK KUMAR SINHA,Bihar,Patna
ALOK DHARA,MPHIN/2016/66695,2016-04-25,Hindi,Weekly,ASHRAF ALI,ASHRAF ALI,Madhya Pradesh,Vidisha
ALOK KI RAJDHANI,UPHIN/25/A4417,2025-11-28,Hindi,Monthly,sita devi,Sita devi,Uttar Pradesh,Lucknow
ALOK KI RAJDHANI,UPHIN/2007/22151,2007-12-13,Hindi,Weekly,SEETA DEVI,SEETA DEVI,Uttar Pradesh,Lucknow
ALOK KIRAN,BIHHIN/2016/68464,2016-09-02,Hindi,Monthly,OMPRAKASH PANDEY,OMPRAKASH PANDEY,Bihar,Patna
ALOK PARV,DELBIL/2013/50974,2013-07-19,"English, HINDI",Monthly,RAM GOPAL SHARMA,RAM GOPAL SHARMA,Delhi,New Delhi
ALOK VANI,MPHIN/2022/82161,2022-09-19,Hindi,Weekly,ALOK TRIPATHI,ALOK TRIPATHI,Madhya Pradesh,Bhopal
ALOKIK SANDESH,RJBIL/25/A1870,2025-07-18,"Hindi, English",Monthly,Nigam Ambika Sharan,Nigam Ambika Sharan,Rajasthan,Jaipur
ALOR THIKANA,WBBEN/2014/59784,2015-01-27,Bengali,Annual,PRABHAS DAS,RAJBALHAT CULTURAL CIRCLE,West Bengal,Hooghly
ALOSANAI KATHIR,TNTAM/2023/86244,2024-01-31,Tamil,Monthly,J.SRIDHAR,J.SRIDHAR,Tamil Nadu,Vellore
ALOUKIK BATMI SAPTAHIK,MAHMAR/2022/87824,2024-07-08,MARATHI,Weekly,MOHAMMAD RAKIB MOHAMMAD USMAN BAGWAN,MOHAMMAD RAKIB MOHAMMAD USMAN BAGWAN,Maharashtra,Buldhana
ALOY JOURNAL OF SOFT COMPUTING AND APPLICATIONS,KARENG/2014/69442,2016-12-07,English,Annual,ALOYSIUS GEORGE,ALOY PUBLISHERS,Karnataka,Bengaluru
ALP AWAZ TIMES,DELHIN/2015/62988,2015-07-02,Hindi,Monthly,TABREZ AHMED,TABREZ AHMED,Delhi,New Delhi
ALPASANKHYAK TODAY,MPHIN/2011/40577,2012-01-30,Hindi,Monthly,IMARAN KHAN,IMARAN KHAN,Madhya Pradesh,Bhopal
ALPAVIRAM,43563,2013-04-23,HINDI,Daily,MAYUR C. BHATT,"KALYANI PUBLICATIONS PVT.LTD, AHMEDABAD",Gujarat,Ahmedabad
ALPAYU EXPRESS,MAHHIN/2020/78872,2020-08-18,Hindi,Weekly,KIRAN SANTOSH NAI,KIRAN SANTOSH NAI,Maharashtra,Mumbai
ALPHA NEWS,GUJGUJ/2023/85840,2023-12-13,Gujarati,Weekly,SHISHANGIYA NILESH NAUTAMBHAI,SHISHANGIYA NILESH NAUTAMBHAI,Gujarat,Rajkot
ALPHA OMEGA NEWS,UPHIN/2014/56322,2014-07-25,Hindi,Weekly,MAMTA SINGH,MAMTA SINGH,Uttar Pradesh,Lucknow
ALPHA OMEGA NEWS,UPHIN/2015/62664,2015-06-17,Hindi,Monthly,MAMTA SINGH,MAMTA SINGH,Uttar Pradesh,Lucknow
ALPHA TIMES,MPHIN/2015/66650,2016-04-08,Hindi,Weekly,AL ASHRAF KHAN GAURI,AL ASHRAF KHAN GAURI,Madhya Pradesh,Bhopal
ALPSANKHYAK AAWAZ,MHMAR/25/A3063,2025-10-08,Marathi,Weekly,SYED MUKHTAR RAHEMAN,SYED MUKHTAR RAHEMAN,Maharashtra,Chhatrapati Sambhaji Nagar
ALPSANKHYAK ADHIKAR,MAHHIN/2015/68398,2016-08-26,Hindi,Weekly,MOHAMMAD GHAUS,MOHAMMAD GHAUS,Maharashtra,Nagpur
ALPSANKHYAK KI AAWAJ,MPHIN/2012/44025,2012-08-13,Hindi,Weekly,SAHIBA KHAN,SAHIBA KHAN,Madhya Pradesh,Bhopal
ALPSANKHYAK VANI,MPHIN/2012/45470,2012-10-01,Hindi,Weekly,MOHD. LIYAKAT KHAN,MOHD. LIYAKAT KHAN,Madhya Pradesh,Bhopal
ALPSANKHYAK VICHAR,MPHIN/2018/77142,2019-04-08,Hindi,Weekly,AMIR AHMED SIDDIQUI,AMIR AHMED SIDDIQUI,Madhya Pradesh,Bhopal
ALPSANKHYAKO KI AAWAZ,MPHIN/2012/43833,2012-07-09,Hindi,Fortnightly,SALEEM AHMAD,SALEEM AHMAD,Madhya Pradesh,Ujjain
ALPSHANKANYAK AWAZ,MAHHIN/2010/41669,2012-04-19,Hindi,Weekly,SHAIKH BASHEER,SHAIKH BASHEER,Maharashtra,Latur
ALSAFA NEWS,48957,2005-12-12,Urdu,Daily,ASRAF SHABAB,ASHRAF SHABAB,Jammu and Kashmir,Srinagar
ALSG LAW JOURNAL,HARBIL/2021/85309,2023-08-24,"English, HINDI",Half Yearly,PRAVEEN KUMAR SHARMA,AMITY LAW SCHOOL GURUGRAM,Haryana,Gurugram
ALT (CRIMINAL),APENG/1999/00304,2000-02-14,English,Monthly,L.D.GOGIA,ANDHRA LAW TIMES,Telangana,Hyderabad
ALTERNATE DAY,MPHIN/2012/44193,2012-07-20,Hindi,Weekly,SURESH YADAV,SURESH YADAV,Madhya Pradesh,Bhopal
ALUR PATHE,TRBEN/25/A0720,2025-05-30,Bengali,Daily,Sanjoy Das,Sanjoy Das,Tripura,West Tripura
ALVAS JOURNAL OF SCIENCES,KARENG/2022/82741,2022-11-17,English,Half Yearly,DR. KURIAN,ALVAS COLLEGE,Karnataka,Dakshina Kannada
ALWA SAMACHAR,63857,1996-07-17,Hindi,Weekly,HAJI.DR.TAJ MOHAMMED,HAZI DR.TAZ MD.ALVI,Uttar Pradesh,Meerut
ALWAR KA JHAROKA,43596,1986-05-01,Hindi,Fortnightly,,,,
ALWAR NEWS,RAJHIN/2022/81874,2022-08-22,Hindi,Daily,NITESH VASHISHTHA,,Rajasthan,Alwar
ALWAR NEWS,RAJHIN/2022/81875,2022-08-29,Hindi,Daily,NITESH VASHISHTHA,NITESH VASHISHTHA,Rajasthan,Alwar
ALWAR PLUS,RAJENG/2012/47348,2013-01-07,English,Weekly,HARSH VIJAY,"BENNETT, COLEMAN & CO.LTD",Rajasthan,Jaipur
ALWAR VICHAR TIMES,RAJHIN/2013/49652,2013-05-13,Hindi,Fortnightly,NEETA JAIN,NEETA JAIN,Rajasthan,Jaipur
ALWAR VICHAR TIMES,RAJHIN/2009/45961,2012-10-26,Hindi,Fortnightly,NEETA JAIN,NEETA JAIN,Rajasthan,Alwar
ALWARPET TIMES,TNENG/2018/75392,2018-06-01,English,Weekly,D. LOKESH,D.LOKESH,Tamil Nadu,Chennai
ALWAYS FIRST,ASSENG/2010/33697,2010-09-21,English,Daily,BINITA RANGHANG DEORI,BINITA RANGHANG DEORI,Assam,Kamrup
ALWAYS NEWS,GUJGUJ/2021/86052,2024-01-16,Gujarati,Weekly,PATEL ATAURRAHEMAN,PATEL ATAURRAHEMAN,Gujarat,Surat
AM PM NEWS,HARHIN/2009/28063,2009-06-24,Hindi,Daily,BRIJ BHUSHAN,BRIJ BHUSHAN,Haryana,Fatehabad
AMA ADHIKAR,ORORI/26/A5465,2026-06-23,Oriya,Monthly,SEK ROUSAN,SEK ROUSAN,Odisha,Khordha
AMA ILAKARA HALCHAL,ODIODI/2015/64165,2015-09-21,Oriya,Weekly,SUDHAKAR PANDEY,SUDHAKAR PANDEY,Odisha,Sundargarh
AMA PRANAM,ODIBIL/2017/71564,2017-05-05,"English, Oriya",Quarterly,SUVENDU SEKHAR SWAIN,SUVENDU SEKHAR SWAIN,Odisha,Cuttack
AMA PRATIBADA,ORORI/26/A3141,2026-05-06,Oriya,Monthly,RANJAN KUMAR ROUT,RANJAN KUMAR ROUT,Odisha,Ganjam
AMA RAJDHANI,ODIODI/2006/19548,2010-05-14,Oriya,Daily,RABI DAS,RABI  DAS,Odisha,Khordha
AMA SAMAJARA PRATIBIMBA,ODIODI/2007/20314,2007-06-29,Oriya,Weekly,JAJNABARAH MOHANTY,JAJNABARAH MOHANTY,Odisha,Baleshwar
AMA SAMAYARA SHILPA,ODIENG/2014/59574,2015-01-16,English,Annual,RASHMITA MOHAPATRA,VIGYANPAN,Odisha,Khordha
AMA SUNACHANDA,ODIODI/2021/82387,2022-10-17,Oriya,Monthly,DAMBARUDHAR ROUT,DR. DAMBARUDHAR ROUT,Odisha,Mayurbhanj
AMA VIVEK,ODIODI/2007/19331,2007-04-20,Oriya,Fortnightly,NAGEN KUMAR BARIK,VIDYA VAHINI TRUST,Odisha,Cuttack
AMACHE MAT,MAHMUL/2013/51874,2014-01-23,"English, Marathi, Hindi",Weekly,SHALIENDRA DHANRAJ BHUTADA,SHALIENDRA DHANRAJ BHUTADA,Maharashtra,Pune
AMACHI MARATHI NIPAKSH NIRBHID,MHMAR/26/A6851,2026-08-14,Marathi,Weekly,SANDEEP SHIVAJI INGALE,SANDEEP SHIVAJI INGALE,Maharashtra,Kolhapur
AMADAR,42164,1954-10-05,Bengali,Daily,MANAS CHATTERJEE,MANAS CHATTERJEE,West Bengal,Kolkata
AMADAR SHAILI,43851,1987-10-07,English,Weekly,KAILAS GURUWANT WASEWAY,KAILAS GURUWANT WASEWAY,Maharashtra,Amravati
"AMADER GARBA, AMADER ASHA AMADER MALDA",WBBEN/2003/13342,2004-10-15,Bengali,Monthly,ANIRUDDHA DASGUPTA,ANIRUDDHA DASGUPTA,West Bengal,Maldah
AMADER KALAM,WBBEN/2013/54234,2014-01-29,Bengali,Weekly,AHAMED HASSAN,AHAMED HASSAN,West Bengal,North 24 Parganas
AMADER KATHA,30016,1976-04-27,Bengali,Weekly,,,,
AMAITHI PUYAL,PONTAM/2012/63327,2015-07-20,TAMIL,Monthly,D. KRISHNAKUMAR,D. KRISHNAKUMAR,Puducherry,Puducherry
AMAITHIYUM AROKIAMMUM,TNBIL/2013/58540,2014-11-27,"English, Tamil",Monthly,E. RAVI,E. RAVI,Tamil Nadu,Chennai
AMAL,25176,1974-03-02,URDU,Daily,SHAHRUKH KHAN,SHAHRUKH KHAN,Uttar Pradesh,Kanpur Nagar
AMAL NAMA,MAHHIN/2015/64105,2015-09-09,Hindi,Fortnightly,BASHIR AHMAD SAYYED,BASHIR AHMAD SAYYED,Maharashtra,Mumbai
AMAL SAMACHAR,DELBIL/2005/15417,2005-10-19,"English, HINDI",Weekly,INDERJEET SINGH,INDERJEET SINGH,Delhi,New Delhi
AMALNER 24X7,MAHMAR/2019/78418,,Marathi,Weekly,VILAS VASANTRAO PATIL,VILAS VASANTRAO PATIL,Maharashtra,Jalgaon
AMALNER HEADLINES,MAHMAR/2017/73599,2017-10-25,Marathi,Weekly,GURUNAMAL GOPALDAS BATHEJA,GURUNAMAL GOPALDAS BATHEJA,Maharashtra,Jalgaon
AMALNER SAMACHAR,MAHMAR/2013/48182,2013-02-21,Marathi,Weekly,KISHOR SHRAVAN SONJE,KISHOR SHRAVAN SONJE,Maharashtra,Jalgaon
AMAN A VATAN,GUJURD/2010/34248,2010-11-12,Urdu,Weekly,IQBAL AHMED ABDULSATTAR NOORI,IQBALAHMED ABDUL SATTAR,Gujarat,Gandhinagar
AMAN A VATAN,GUJURD/2010/33295,2010-08-17,Urdu,Daily,IQBAL AHMED ABDULSTTAR NOORI,IQBALAHMED ABDUL SATTAR,Gujarat,Gandhinagar
AMAN ARYAVART,BIHHIN/2014/56628,2014-08-21,Hindi,Daily,ARUSA KHATOON,ARUSA KHATOON,Bihar,Patna
AMAN BARTA,69849,1999-01-25,BENGALI,Daily,AMIYA SINHA,AMIYA SINHA,Tripura,West Tripura
AMAN BHAICHARA TIMES,DELHIN/2014/56337,2014-07-28,Hindi,Monthly,RANJEET KUMAR PANDEY,RANJEET KUMAR PANDEY,Delhi,New Delhi
AMAN BHARATI,GUJGUJ/2003/13471,2012-03-13,Gujarati,Weekly,MEENA N. PANDYA,MEENA N.PANDYA,Gujarat,Junagadh
AMAN BHARATI,GUJGUJ/2000/01969,2011-11-17,Gujarati,Weekly,MEENA N. PANDYA,MEENA N.PANDYA,Gujarat,Gandhinagar
AMAN CHAIN,BIHURD/2006/24920,2008-08-12,Urdu,Weekly,SYED MUSHTAQUE AHMED,SYED MUSHTAQUE AHMED,Bihar,Patna
AMAN CHAIN,BIHURD/2011/44227,2012-07-23,URDU,Daily,SYED MUSHTAQUE AHMAD,SYED MUSHTAQUE AHMED,Bihar,Patna
AMAN CHAKR,MPHIN/2016/67618,2016-06-16,Hindi,Monthly,KAMAL AHMED,KAMAL AHMED,Madhya Pradesh,Bhopal
AMAN CRIME NEWS,UPHIN/2013/55196,2014-04-04,Hindi,Daily,BHAGWAN DEEN,BHAGWAN DEEN,Uttar Pradesh,Lucknow
AMAN E AWADH,UPURD/2014/58492,2014-11-26,Urdu,Daily,SHIVAM SHUKLA,SHIVAM SHUKLA,Uttar Pradesh,Lucknow
AMAN E MULQ,DELURD/2013/49441,2013-05-03,Urdu,Daily,MARIYA SHAH,MARIYA SHAH,Delhi,New Delhi
AMAN EXPRESS,MAHMAR/2014/59030,2014-12-17,Marathi,Weekly,KAGWADKAR PINTI RAOSAHEB,KAGWADKAR PINTI RAOSAHEB,Maharashtra,Sangli
AMAN GANGA,DELHIN/2021/87540,2024-06-14,HINDI,Weekly,RAM KAILASH,RAM KAILASH,Delhi,New Delhi
AMAN INDIA,UPHIN/2008/24044,2008-05-23,Hindi,Weekly,KUNWAR NOOR MOHD.,KUNWAR NOOR MOHD.,Uttar Pradesh,Gautam Buddha Nagar
AMAN ISHARA,DELHIN/2000/00875,2000-05-03,Hindi,Weekly,MANMOHAN LAL,MANMOHAN LAL,Delhi,New Delhi
AMAN JYOTI,UPHIN/26/A6095,2026-07-25,Hindi,Daily,MAHESH CHANDRA PANDEY,MAHESH CHANDRA PANDEY,Uttar Pradesh,Lucknow
AMAN KA AILAN,CHHHIN/2007/21480,2007-10-23,Hindi,Monthly,MOHD. SHARIF KHAN,MOHD. SHARIF KHAN,Chhattisgarh,Raipur
AMAN KA AILAN,50185,2012-07-23,Hindi,Daily,MOHD. SHARIF KHAN,MOHD.  SHARIF KHAN,Madhya Pradesh,Bhopal
AMAN KA AILAN,MPHIN/2001/09530,2003-04-03,Hindi,Monthly,MOHD SHARIF KHAN,MOHD SHARIF KHAN,Madhya Pradesh,Bhopal
AMAN KA BHOPAL,MPHIN/2015/61327,2015-04-16,Hindi,Monthly,SEHBA KHAN,SEHBA KHAN,Madhya Pradesh,Bhopal
AMAN KA CHAUKIDAR,UTTHIN/2005/15542,2005-10-31,Hindi,Weekly,SHIV KUMAR SHARMA,SHIV KUMAR SHARMA,Uttarakhand,Haridwar
AMAN KA CHAUKIDAR,UTTHIN/2011/39484,2011-11-11,Hindi,Weekly,SHIV KUMAR SHARMA,SHIV KUMAR SHARMA,Uttarakhand,Dehradun
AMAN KA DON,MAHHIN/2013/58993,2014-12-16,Hindi,Weekly,MOHD. AHSAN MOHD. YASEEN,MOHD. AHSAN MOHD. YASEEN,Maharashtra,Nanded
AMAN KA FARISHTA,54206,1992-04-28,Hindi,Daily,PRAGATI SHRIVASTAVA,PRAGATI SHRIVASTAVA,Madhya Pradesh,Bhopal
AMAN KA KALAAM,MHHIN/25/A0687,2025-05-30,Hindi,Weekly,Md. Javeeduddin Md. Jabbaruddin,Md. Javeeduddin Md. Jabbaruddin,Maharashtra,Nanded
AMAN KA MASEEHA,56868,1993-01-01,Hindi,Fortnightly,BHRIGU KUMAR VISHWAKARMA,BHRIGU KUMAR VISHWAKARMA,Uttar Pradesh,Lucknow
AMAN KA MASEEHA,48003,1989-01-01,Urdu,Weekly,BHRIGU KUMAR VISHWAKARMA,BHRIGU KUMAR VISHWAKARMA,Uttar Pradesh,Lucknow
AMAN KA PAIGAM,MPHIN/2010/35673,2011-02-08,Hindi,Monthly,RAJNI OMRE,RAJNI OMRE,Madhya Pradesh,Bhopal
AMAN KA PRADESH,MPHIN/2010/37107,2011-05-10,Hindi,Monthly,MOHD. SHAKEEL,MOHD. SHAKEEL,Madhya Pradesh,Bhopal
AMAN KA PRATIK,UPHIN/2016/67401,2016-06-09,Hindi,Daily,MEETA KESARWANI,RASHID SAGEER,Uttar Pradesh,Prayagraj
AMAN KA PRAYAS,MPHIN/2023/88345,2024-08-12,HINDI,Quarterly,SYED MOHD YASIR,SYED MOHD YASIR,Madhya Pradesh,Bhopal
AMAN KA RASTA,MPHIN/2010/35677,2011-02-08,Hindi,Weekly,IMRAN AHMAD,IMRAN AHMAD,Madhya Pradesh,Bhopal
AMAN KA UJALA,65990,1992-02-11,Urdu,Daily,M S KHAN,M S KHAN,Uttar Pradesh,Meerut
AMAN KA UJALA,UPHIN/2015/64700,2015-11-09,Hindi,Daily,DR. M.S. KHAN,DR. M.S. KHAN,Uttar Pradesh,Meerut
AMAN KE PHOOL,UPHIN/2017/71965,2017-06-02,Hindi,Daily,PANKAJ RANI,KUMARI PANKAJ RANI,Uttar Pradesh,Muzaffarnagar
AMAN KE PHOOL,UPHIN/2010/47414,2013-01-10,Hindi,Weekly,PANKAJ RANI,KUMARI PANKAJ RANI,Uttar Pradesh,Muzaffarnagar
AMAN KE SIPAHI,59718,1995-02-02,Hindi,Weekly,MUSHRIF SIDDIQUI JAKHMI,MUSHRIF SIDDIQUI JAKHMI,Uttar Pradesh,Shamli
AMAN KE SIPAHI,UPHIN/2009/48337,2013-02-28,Hindi,Daily,MUSHRIF SIDDIQUI,MUSHRIF SIDDIQUI,Uttar Pradesh,Muzaffarnagar
AMAN KESARI,UTTHIN/2010/36510,2011-03-30,Hindi,Daily,ANIL CHAUHAN,ANIL CHAUHAN,Uttarakhand,Udham Singh Nagar
AMAN KI AWAZ,GUJURD/2013/54810,2014-02-28,URDU,Daily,THAKKAR BHAVANA,THAKKAR BHAVANA,Gujarat,Gandhinagar
AMAN KI AWAZ,MPHIN/2010/52577,2013-10-15,Hindi,Weekly,DEVENDRA GUPTA,DEVENDRA GUPTA,Madhya Pradesh,Bhopal
AMAN KI BAAT,71383,1999-08-06,Hindi,Weekly,QURBAN KHAN,QURBAN KHAN,Uttar Pradesh,Lucknow
AMAN KI DUNIYA,MPHIN/2013/49462,2013-05-03,Hindi,Monthly,SATISH SHAKYWAR,SATISH SHAKYWAR,Madhya Pradesh,Gwalior
AMAN KI GATHA,UTTHIN/2022/85592,2023-10-27,Hindi,Daily,PRACHI SAINI,PRACHI SAINI,Uttarakhand,Haridwar
AMAN KI KHABRE,MAHHIN/2022/83598,2023-03-16,Hindi,Weekly,NAEEM AHMAD ABBASI,NAEEM AHMAD ABBASI,Maharashtra,Mumbai
AMAN KI MANZIL,MPHIN/2004/12976,2004-08-04,Hindi,Weekly,NAGINA QAUSAR,NAGINA QAUSAR,Madhya Pradesh,Bhopal
AMAN KI MANZIL,MPHIN/26/A0291,2026-01-13,Hindi,Quarterly,NAGEENA KOUSAR,NAGEENA KOUSAR,Madhya Pradesh,Sagar
AMAN KI MANZIL,MPHIN/2019/87349,2024-05-20,Hindi,Daily,NAGeeNA QAUSAR,NAGeeNA QAUSAR,Madhya Pradesh,Bhopal
AMAN KI MANZIL,MPHIN/25/A5419,2025-12-29,Hindi,Quarterly,NAGEENA KOUSAR,NAGEENA KOUSAR,Madhya Pradesh,Harda
AMAN KI MANZIL,MPHIN/26/A1416,2026-02-25,Hindi,Quarterly,NAGEENA KOUSAR,NAGEENA KOUSAR,Madhya Pradesh,Vidisha
AMAN KI PAHCHAN,69280,1998-10-29,Hindi,Weekly,SANTOSH MISHRA,SANTOSH MISHRA,Madhya Pradesh,Bhopal
AMAN KI PARVAZ,MPHIN/2012/47912,2013-02-08,Hindi,Weekly,FAIZAN ALI VAG,FAIZAN ALI VAG,Madhya Pradesh,Bhopal
AMAN KI RAHEN,68767,1998-07-17,Hindi,Weekly,SAYYED MEHFOOZ,SAYYED MEHFOOZ,Madhya Pradesh,Bhopal
AMAN KI RAHEN,MPHIN/2017/75686,2018-07-18,Hindi,Daily,SAYYED MEHFOOZ,SAYYED MEHFOOZ,Madhya Pradesh,Bhopal
AMAN KI SHAAN,UPHIN/2012/48464,2013-03-07,Hindi,Daily,MEHDI HUSAIN RIZVI SAMIN,DR. M.H. RIZWI SAMIN,Uttar Pradesh,Jaunpur
AMAN KI SHAAN,UPHIN/2008/23077,2008-02-25,Hindi,Daily,DR. MEHDI HUSSAIN RIZWI SAMIN,DR. M.H. RIZWI SAMIN,Uttar Pradesh,Lucknow
AMAN KI SHAAN,UPURD/2010/33845,2010-10-01,Urdu,Daily,DR. MEHDI HUSAIN RIZVI SAMIN,DR. M.H. RIZWI SAMIN,Uttar Pradesh,Jaunpur
AMAN KI SHAAN,UPHIN/2012/43242,2012-06-22,Hindi,Weekly,MEHDI HUSAIN RIZVI SAMIN,DR. M.H. RIZWI SAMIN,Uttar Pradesh,Jaunpur
AMAN KO NAMAN,MPHIN/2010/32479,2010-06-03,Hindi,Weekly,GUL NASREEN,GUL NASREEN,Madhya Pradesh,Bhopal
AMAN KRANTI,64925,1996-06-12,Hindi,Weekly,SHYAMSUNDER AGRAWAL,SHYAMSUNDER AGRAWAL,Uttar Pradesh,Ghaziabad
AMAN LEKHNI,UPHIN/2014/58471,2014-11-26,Hindi,Daily,RAJ KUMAR SINGH,RAJ KUMAR SINGH,Uttar Pradesh,Lucknow
AMAN MARG,MPHIN/2002/08298,2002-11-21,Hindi,Monthly,IRAM SOHAIL KHAN,IRAM SOHAIL KHAN,Madhya Pradesh,Bhopal
AMAN MASHAL,UPHIN/2003/10117,2003-06-27,Hindi,Daily,AJMAT ALI,AJMAT ALI,Uttar Pradesh,Lucknow
AMAN MASHAL,UPHIN/2001/05849,2002-01-30,Hindi,Monthly,AJMAT ALI,AJMAT ALI,Uttar Pradesh,Lucknow
AMAN MASHAL,UPHIN/2002/09548,2003-04-04,Hindi,Weekly,AJMAT ALI,AJMAT ALI,Uttar Pradesh,Lucknow
AMAN NAMA,UPURD/2014/57967,2014-10-27,Urdu,Daily,TAQI SHIKOH URF SHIKOH AZAD,TAQI SHIKOH URF SHIKOH AZAD,Uttar Pradesh,Lucknow
AMAN NAMA,UPHIN/2021/83540,2023-03-09,Hindi,Monthly,TAQI SHIKOH URF SHIKOH AZAD,TAQI SHIKOH URF SHIKOH AZAD,Uttar Pradesh,Lucknow
AMAN NEWS,DELHIN/2009/28432,2009-07-20,Hindi,Weekly,MOHD. ASLAM BURNI,MOHD. ASLAM BURNI,Delhi,New Delhi
AMAN PATH,CHHHIN/2022/91152,2025-08-26,Hindi,Daily,RASHID JAFRI,ASMA PUBLISHERS INDIA PVT.LTD.,Chhattisgarh,Bastar
AMAN PATH,CHHHIN/2013/50728,2014-03-28,Hindi,Daily,RASHID JAFRI,ASMA PUBLISHERS INDIA PVT.LTD.,Chhattisgarh,Raipur
AMAN PATH,CTHIN/26/A5850,2026-07-21,Hindi,Daily,RASHID JAFRY,ASMA PUBLISHERS INDIA PRIVATE LIMITED,Chhattisgarh,Mahasamund
AMAN PATH,CTHIN/26/A6195,2026-07-28,Hindi,Daily,RASHID JAFRY,ASMA PUBLISHERS INDIA PRIVATE LIMITED,Chhattisgarh,Baloda Bazar
AMAN PRAKASH,CHHHIN/2019/78458,2020-02-10,Hindi,Weekly,SYAD SHAFIQUE,SYAD SHAFIQUE,Chhattisgarh,Raipur
AMAN SAMVAD,MPHIN/2015/63669,2015-08-07,Hindi,Weekly,SANTOSH KUMAR,SANTOSH KUMAR,Madhya Pradesh,Bhopal
AMAN SAMVAD,MPHIN/2017/74506,2018-02-05,Hindi,Daily,SANTOSH KUMAR,SANTOSH KUMAR,Madhya Pradesh,Bhopal
AMAN SANKALP EXPRESS,DLHIN/26/A5120,2026-06-15,Hindi,Monthly,Mohd Asif,Mohd Asif,Delhi,North East Delhi
AMAN SHABD TIMES,UTTHIN/2015/63810,2015-08-14,Hindi,Fortnightly,GEETA CHAUHAN,GEETA CHAUHAN,Uttarakhand,Udham Singh Nagar
AMAN TIMES,DELHIN/2003/11242,2003-11-19,Hindi,Weekly,MO.ASLAM BARNI,MO.ASLAM BARNI,Delhi,New Delhi
AMAN TODAY,MPHIN/2012/47233,2013-01-01,Hindi,Monthly,MOHAMMAD RAJU,MOHD. RAJU,Madhya Pradesh,Bhopal
AMAN VANI,MPHIN/2015/63637,2015-08-07,Hindi,Weekly,SABIR ALI,SABIR ALI,Madhya Pradesh,Bhopal
AMAN VEER,MPHIN/2016/68039,2016-08-01,Hindi,Daily,PRABHAWATI KHOT SHAKYA,PRABHAWATI KHOT SHKYA,Madhya Pradesh,Bhopal
AMAN VYAPAR,50637,1989-12-01,Hindi,Daily,R P SHARMA,R P SHARMA,Delhi,New Delhi
AMAN WARTA,MAHBIL/2010/47732,2013-01-29,"Marathi, Hindi",Daily,MUMTAZ RAJA SAYYAD GAFOR,MUMTAZ RAJA SAYYAD GAFOR,Maharashtra,Chhatrapati Sambhaji Nagar
AMAN WARTA,MAHHIN/2004/20692,2007-08-06,Hindi,Weekly,MUMTAZ RAJA SAYYAD GAFOR,MUMTAZ RAJA SAYYAD,Maharashtra,Chhatrapati Sambhaji Nagar
AMAN YATRA,GUJGUJ/2014/62111,2015-05-26,Gujarati,Daily,IQBAL AHMED NOORI,IQBALAHMED NOORI,Gujarat,Gandhinagar
AMAN YATRA,UPHIN/2015/64600,2015-11-06,Hindi,Daily,IQBAL AHMED NOORI,IQBAL AHMED NOORI,Uttar Pradesh,Kanpur Dehat
AMAN YATRA,GUJGUJ/2013/52717,2013-10-23,Gujarati,Weekly,IQBALAHMED NOORI,IQBALAHMED NOORI,Gujarat,Gandhinagar
AMAN YATRA,GUJHIN/2015/63748,2015-08-11,Hindi,Daily,IQBAL AHMED NOORI,IQBAL AHMED NOORI,Gujarat,Gandhinagar
AMAN YUVRAJ TIMES,UTTHIN/2009/29850,2009-12-02,Hindi,Fortnightly,SWATI CHAWLA,SWATI CHAWLA,Uttarakhand,Udham Singh Nagar
AMAN-E-HIND,MPMUL/2000/11805,1974-09-25,"English, Hindi",Monthly,DEV JHURANI,DEV JHURANI,Madhya Pradesh,Bhopal
AMAN-E-MULQ,UPURD/2009/30254,2010-01-01,Urdu,Daily,MARIYA SHAH,MARIYA SHAH,Uttar Pradesh,Lucknow
AMAN-E-MULQ,UPURD/2013/49398,2013-05-01,Urdu,Daily,MARIYA SHAH,MARIYA SHAH,Uttar Pradesh,Saharanpur
AMANAT,GUJGUJ/2009/29301,2009-10-28,Gujarati,Weekly,SANJAY RAMESHBHAI NANDA,SANJAY RAMESHBHAI NANDA,Gujarat,Jamnagar
AMANJEEVAN,MPHIN/2022/90873,2025-06-13,Hindi,Monthly,MOHAMMAD UMAR,MOHAMMAD UMAR,Madhya Pradesh,Bhopal
AMANJEEVAN,MPHIN/26/A1523,2026-03-16,Hindi,Quarterly,Mohammad Umar,Mohammad Umar,Madhya Pradesh,Bhopal
AMANTRAN,45250,1987-08-21,Hindi,Weekly,GOVINDLAL VORA,PRAGATI PRAKASHAN PVT. LTD.,Madhya Pradesh,Bhopal
AMAR,69632,1999-07-01,Urdu,Weekly,NARESH KUMAR GUPTA,NARESH KUMAR GUPTA,Jammu and Kashmir,Jammu
AMAR ABHIYAN,MPHIN/2011/39204,2011-10-11,Hindi,Monthly,MAJEED KHAN,MAJEED KHAN,Madhya Pradesh,Bhopal
AMAR ADITI,ASSASS/2020/80920,2022-01-21,Assamese,Weekly,MOHIB ULLAH,MOHIB ULLAH,Assam,Nagaon
AMAR AKASH,UPHIN/2017/73081,2017-08-28,Hindi,Weekly,SURENDRA KUMAR SHARMA,SURENDRA KUMAR SHARMA,Uttar Pradesh,Agra
AMAR AKSHAR,UPHIN/2014/60500,2015-03-02,Hindi,Daily,VANDANA SHUKLA,VANDANA SHUKLA,Uttar Pradesh,Ballia
AMAR ALO,WBBEN/25/A4495,2025-12-01,Bengali,Fortnightly,Hiran Kumar Ghoshal,Hiran Kumar Ghoshal,West Bengal,North 24 Parganas
AMAR AMRELI,68082,2013-10-03,Gujarati,Weekly,NARENDRAKUMAR R. MALVI,N.R.MALVI,Gujarat,Amreli
AMAR ANDOLAN,GUJGUJ/2014/73534,2017-10-12,Gujarati,Weekly,SANJAYSINH RAJENDRASINH RAJPUT,SANJAYSINH RAJENDRASINH RAJPUT,Gujarat,Navsari
AMAR ARYAVRUT SAMACHAR,68187,1998-04-17,Hindi,Monthly,AMAR PARDESI,AMAR PARDESI,Delhi,New Delhi
AMAR ASAR TIMES,UPHIN/2016/73423,2017-09-29,Hindi,Weekly,SHAHEEN BEGUM,SHAHEEN BEGUM,Uttar Pradesh,Shahjahanpur
AMAR ASOM,ASSASS/2010/66402,2016-03-17,Assamese,Daily,PARAMESWAR LAL AGARWALLA,G.L.PUBLICATIONS LTD,Assam,Lakhimpur
AMAR ASOM,66543,1997-10-04,Assamese,Daily,PARAMESWAR LAL AGARWALLA,G.L.PUBLICATIONS LTD,Assam,Kamrup Metropolitan
AMAR ASOM,ASSASS/1999/11214,2003-11-13,Assamese,Daily,PARAMESWAR LAL AGARWALLA,G.L.PUBLICATIONS LIMITED,Assam,Jorhat
AMAR BHARAT,15547,,"Hindi, Punjabi",Weekly,SHRI MADAN MOHAN KOOBA,MADAN MOHAN KOOBA,Punjab,Jalandhar
AMAR BHARAT SAMRAT TIMES,66153,1995-01-01,Hindi,Weekly,OM PRAKASH MALVIYA,OM PRAKASH MALVIYA,Madhya Pradesh,Bhopal
AMAR BHARATI,DELHIN/2002/08024,2002-10-22,Hindi,Weekly,SHELENDRA KUMAR JAIN,SHELENDRA KUMAR JAIN,Delhi,New Delhi
AMAR BHARTI,HARHIN/2013/61478,2015-04-24,Hindi,Daily,SHELENDRA KUMAR JAIN,SHELENDRA KUMAR JAIN,Haryana,Gurugram
AMAR BHARTI,MAHHIN/2019/78589,2020-03-20,Hindi,Daily,SHAILENDRA KUMAR JAIN,SHAILENDRA KUMAR JAIN,Maharashtra,Mumbai
AMAR BHARTI,UPHIN/2021/88667,2024-08-22,HINDI,Daily,SHAILENDRA KUMAR JAIN,SHAILENDRA KUMAR JAIN,Uttar Pradesh,Moradabad
AMAR BHARTI,UPHIN/2011/37674,2011-06-08,Hindi,Daily,SHELENDRA KUMAR JAIN,SHELENDRA KUMAR JAIN,Uttar Pradesh,Agra
AMAR BHARTI,DELHIN/2005/14724,2011-07-26,Hindi,Daily,SHELENDRA KUMAR JAIN,SHELENDRA KUMAR JAIN,Delhi,New Delhi
AMAR BHARTI,UPHIN/2011/46455,2012-11-19,Hindi,Daily,Shelendra Kumar Jain,SHELENDRA KUMAR JAIN,Uttar Pradesh,Lucknow
AMAR BHASHKAR,UPHIN/2023/91022,2025-07-04,Hindi,Daily,AZRA PARVEEN,AZRA PARVEEN,Uttar Pradesh,Budaun
AMAR BHASHKAR,UPHIN/2021/82941,2023-01-31,Hindi,Weekly,AZRA PARVEEN,AZRA PARVEEN,Uttar Pradesh,Budaun
AMAR BRAHMAPUTRA,ASSASS/2023/88258,2024-08-02,ASSAMESE,Monthly,ATUL BORAH,ATUL BORAH,Assam,Kamrup Metropolitan
AMAR BUNDELKHAND,MPHIN/2021/80535,2021-11-29,Hindi,Daily,LALTESH KUMAR MEHRA,LALTESH KUMAR MEHRA,Madhya Pradesh,Bhopal
AMAR CHETNA,UPHIN/2014/60049,2015-02-05,Hindi,Daily,AMAR JEET SINGH,AMAR JEET SINGH,Uttar Pradesh,Fatehpur
AMAR CHHATTISGARH,CHHHIN/2013/48259,2013-02-25,Hindi,Daily,C. L. JAIN SONA,C.L. JAIN SONA,Chhattisgarh,Rajnandgaon
AMAR CHINGARI,UPHIN/2013/58820,2014-12-09,Hindi,Daily,MOBIN RANA,MOBIN RANA,Uttar Pradesh,Saharanpur
AMAR CHINGARI,UPURD/2016/71020,2017-04-17,Urdu,Daily,MOBIN RANA,MOBIN RANA,Uttar Pradesh,Saharanpur
AMAR CHIOR,ASSASS/2018/76847,2019-02-15,Assamese,Weekly,BASANTI RABHA,BASANTI RABHA,Assam,Kamrup Metropolitan
AMAR DARSHAN,MPHIN/25/A4338,2025-11-25,Hindi,Quarterly,SHREYANSH SAXENA,SHREYANSH SAXENA,Madhya Pradesh,Bhopal
AMAR DARSHAN,MPHIN/2022/86467,2024-02-16,Hindi,Monthly,SHREYANSH SAXENA,SHREYANSH SAXENA,Madhya Pradesh,Bhopal
AMAR DESH,WBBEN/2010/34976,2010-12-28,Bengali,Weekly,SRABONI DEY,SRABONI DEY,West Bengal,Bankura
AMAR DOOT,MPHIN/2005/14470,2005-05-02,Hindi,Monthly,NAEEM PARVEZ,NAIM PARVEZ,Madhya Pradesh,Ujjain
AMAR DRISHTI PATRA,HRBIL/26/A2914,2026-04-29,"Hindi, English",Monthly,Sandeep Bhatia,Sandeep Bhatia,Haryana,Faridabad
AMAR EKTA,UPHIN/2014/59151,2014-12-24,Hindi,Weekly,AIBAD AHMAD,AIBAD AHMAD,Uttar Pradesh,Gautam Buddha Nagar
AMAR GATHA,DELHIN/2018/76703,2019-01-23,Hindi,Daily,MUKESH KUMAR THAKUR,MUKESH KUMAR THAKUR,Delhi,New Delhi
AMAR GATHA,DELENG/2022/87311,2024-05-16,English,Daily,MUKESH KUMAR THAKUR,MUKESH KUMAR THAKUR,Delhi,New Delhi
AMAR GATHA,UTTNEP/2018/74729,2018-02-16,Nepali,Daily,MANDEV CHHETRI,MANDEV CHHETRI,Uttarakhand,Dehradun
AMAR GEETA,GUJGUJ/2018/78605,2020-03-20,GUJARATI,Fortnightly,VALAND CHANDRAKANT BHIKHABHAI,VALAND CHANDRAKANT BHIKHABHAI,Gujarat,Kheda
AMAR GEETANJALI,39433,1982-04-11,Hindi,Fortnightly,MANJU SAXENA,SELF PROPRIETERSHIP,Delhi,New Delhi
AMAR HINDUSTAN,UTTHIN/2008/24505,2008-06-23,Hindi,Weekly,DARBAAN SINGH GADIYA,DARBAAN SINGH GADIYA,Uttarakhand,Dehradun
AMAR HINDUSTAN,UAHIN/25/A0098,2025-04-08,Hindi,Daily,Darwan Singh,Darwan Singh,Uttarakhand,Dehradun
AMAR INDIA,17964,1969-10-07,Hindi,Fortnightly,JANAKI LAL SHARMA,JANKILAL  SHARMA,Rajasthan,Sawai Madhopur
AMAR JAWALA,HPHIN/2007/27984,2009-06-09,Hindi,Weekly,SUBHASH CHAND,SUBHASH CHAND,Himachal Pradesh,Mandi
AMAR JAWAN,MPHIN/2021/83722,2023-04-11,Hindi,Daily,YASIR KHAN,YASIR KHAN,Madhya Pradesh,Bhopal
AMAR JYOTI,3537,1948-04-26,Hindi,Weekly,LAXMI CHATURVEDI,AMARJYOTI SOCIETY,Rajasthan,Jaipur
AMAR JYOTI SANDESH,MPHIN/2009/27929,2012-07-17,Hindi,Monthly,ALTAF KHAN,ALTAAF KHAN,Madhya Pradesh,Bhopal
AMAR KAHANIYAN,255,1957-03-04,Punjabi,Ten Days In A Month,BIR INDER SINGH,BIRINDER SINGH,Punjab,Jalandhar
AMAR KALAM,UPHIN/2016/67421,2016-06-06,Hindi,Daily,SHAMSHAD,SHAMSHAD,Uttar Pradesh,Lucknow
AMAR KESARI,UPHIN/2023/89189,2024-09-24,HINDI,Daily,SUNIL KUMAR GUPTA,SUNIL KUMAR GUPTA,Uttar Pradesh,Bareilly
AMAR KHAYAL,UPHIN/2020/84734,2023-06-02,Hindi,Daily,ASHOK KUMAR,ASHOK KUMAR,Uttar Pradesh,Sitapur
AMAR KI BAAT,UPURD/2022/84011,2023-04-27,Urdu,Daily,AKANKSHA PANDAY,AKANKSHA PANDAY,Uttar Pradesh,Lucknow
AMAR KIRAN,50086,2005-12-12,Hindi,Daily,SURINDER KAUR MALWA,SURINDER KAUR MALWA,Chhattisgarh,Durg
AMAR KIRTI,MPHIN/2008/24939,2008-07-31,Hindi,Weekly,KISHORILAL CHATURVEDI,KISHORI LAL CHATURVEDI,Madhya Pradesh,Umaria
AMAR KRANTI,MAHHIN/2021/84556,2023-05-29,Hindi,Weekly,SALMAN ZAID BAHASHWAN,SALMAN ZAID BAHASHWAN,Maharashtra,Chhatrapati Sambhaji Nagar
AMAR KRUSHAK,64976,1996-12-04,Hindi,Weekly,DR. PRAYAG SINGH RAJPUT,DR. PRAYAG SINGH RAJPUT,Uttar Pradesh,Lalitpur
AMAR LEKHANI,UPHIN/2009/30462,2010-01-15,Hindi,Weekly,MOHD. SARVAR NAEEM,MOHD. SARVAR NAEEM,Uttar Pradesh,Lucknow
AMAR LEKHANI,UPHIN/2010/32563,2010-06-07,Hindi,Daily,MOHD. SARVAR NAEEM,MOHD. SARVAR NAEEM,Uttar Pradesh,Lucknow
AMAR LEKHANI,UPURD/2013/54137,2014-01-23,Urdu,Daily,MOHAMMAD SARWAR NAIM,MOHAMMAD SARWAR NAIM,Uttar Pradesh,Lucknow
AMAR LEKHANI,UPURD/2014/55902,2014-06-11,Urdu,Weekly,MOHAMMAD SARWAR NAIM,MOHAMMAD SARWAR NAIM,Uttar Pradesh,Lucknow
AMAR LOK TIMES,59678,1994-12-23,Hindi,Weekly,RAJESH KUMAR GUPTA,RAJESH KUMAR GUPTA,Uttar Pradesh,Lucknow
AMAR LOKTANTRA,MPHIN/2015/64936,2015-11-27,Hindi,Monthly,RISHABH SEN,RISHABH SEN,Madhya Pradesh,Indore
AMAR MAHEE TIMES,JKENG/2011/41339,2012-03-28,English,Weekly,AMAN CHIB,AMAN CHIB,Jammu and Kashmir,Jammu
AMAR MARTAND,RAJHIN/2021/81721,2022-07-25,Hindi,Fortnightly,AMAR SINGH JAKHAR,AMAR SINGH JAKHAR,Rajasthan,Hanumangarh
AMAR MEDINIPUR,WBBEN/2005/17484,2006-10-18,Bengali,Weekly,PRABIR KUMAR MAITI,PRABIR KUMAR MAITI,West Bengal,Purba Medinipur
AMAR N.C.R. REPORTER,DELBIL/2006/18635,2007-03-09,"English, HINDI",Fortnightly,AMAR NATH NAGPAL,AMAR NATH NAGPAL,Delhi,New Delhi
AMAR N.G.O. REPORTER,DELBIL/2005/16149,2006-02-07,"English, HINDI",Weekly,AMAR NATH NAGPAL,AMAR NATH NAGPAL,Delhi,New Delhi
AMAR NEWS,UPHIN/2016/73333,2017-09-20,Hindi,Monthly,ADESH KUMAR,ADESH KUMAR,Uttar Pradesh,Shahjahanpur
AMAR PARDESI TIMES,DELHIN/2016/69414,2016-12-05,Hindi,Fortnightly,AMAR PARDESI,AMAR PARDESI,Delhi,New Delhi
AMAR POST,UTTHIN/2014/56893,2014-09-03,Hindi,Weekly,RAJEEV KUMAR AGARWAL,RAJEEV KUMAR AGARWAL,Uttarakhand,Nainital
AMAR POU,28252,1973-06-23,English,Weekly,SAROJINI SINHA,BISHNUPRIYA MANIPURIA SANSTHAN (ASSOCIATION),Tripura,West Tripura
AMAR PRABHAKAR,MPHIN/2023/87979,2024-07-22,HINDI,Weekly,RAJENDRA DANDOTIYA,RAJENDRA DANDOTIYA,Madhya Pradesh,Morena
AMAR PRABHU,MPHIN/2014/57008,2014-09-06,Hindi,Weekly,HIRESH RAGHUVANSHI,HIRESH RAGHUVANSHI,Madhya Pradesh,Indore
AMAR PRADESH,MPHIN/2011/41481,2012-04-10,Hindi,Weekly,ARSHAD ALI,ARSHAD ALI,Madhya Pradesh,Bhopal
AMAR PRAKASH,56800,1993-07-09,Hindi,Weekly,NEERU VARSHNEYA,NEERU VARSHNEYA,Uttar Pradesh,Lucknow
AMAR PRAKASH,56088,1993-01-28,Hindi,Daily,NEERU VARSHNEY,NEERU VARSHNEY,Uttar Pradesh,Aligarh
AMAR PRAKASH,23502,1973-02-13,Hindi,Weekly,NEERU VARSHNEYA,NEERU VARSHNEYA,Uttar Pradesh,Aligarh
AMAR PRANAM,ASSMUL/2022/82252,2022-09-23,English,Daily,Debajit Sarkar,DEBAJIT SARKAR,Assam,Kamrup Metropolitan
AMAR PRANAM,ASSMUL/2014/58566,2014-11-28,English,Weekly,DEBAJIT SARKAR,DEBAJIT SARKAR,Assam,Kamrup Metropolitan
AMAR PRAVAKTA,50141,1990-02-07,Hindi,Daily,SIRAJ UDDIN,SIRAJ UDDIN,Madhya Pradesh,Bhopal
AMAR PREM,PUNPUN/2017/74664,2018-02-15,Punjabi,Daily,RANJIT SINGH,RANJIT SINGH,Punjab,Ludhiana
AMAR PRERANA,MAHMAR/2019/77158,2019-04-09,Marathi,Weekly,AMAR SHALIKRAM PANDHARE,BABITA PANDHARE,Maharashtra,Gondia
AMAR PUNJAB,PUNHIN/2014/59500,2015-01-09,Hindi,Daily,KRISHAN GARG,KRISHAN GARG,Punjab,Shahid Bhagat Singh Nagar
AMAR PURULIA,WBBEN/2015/68709,2016-09-14,Bengali,Weekly,SANJIT GOSWAMI,SANJIT GOSWAMI,West Bengal,Puruliya
AMAR RAJASTHAN,10279,1960-10-18,Hindi,Daily,SANTOSH SHARMA,SANTOSH SHARMA,Rajasthan,Jaipur
AMAR RASHTRA,GUJGUJ/2023/84755,2023-06-02,Gujarati,Bimonthly (Once in two months),TRIVEDI BHAVESH HARSHADRAY,TRIVEDI BHAVESH HARSHADRAY,Gujarat,Surat
AMAR RASTRA,23324,1972-05-27,Hindi,Daily,MAHESH KUMAR SHARMA,MAHESH KUMAR SHARMA,Uttar Pradesh,Muzaffarnagar
AMAR RASTRA,UPHIN/26/A1399,2026-02-25,Hindi,Daily,Mahesh Kumar Sharma,Mahesh Kumar Sharma,Uttar Pradesh,Gautam Buddha Nagar
AMAR RASTRA,UTTHIN/2011/36858,2013-08-07,Hindi,Monthly,MAHESH KUMAR SHARMA,MAHESH KUMAR SHARMA,Uttarakhand,Dehradun
AMAR RATAN,MPHIN/2011/39233,2011-10-12,Hindi,Weekly,MAHESH MALVIYA,MAHESH MALVIYA,Madhya Pradesh,Hoshangabad
AMAR REPUBLIC,MPHIN/2023/88537,2024-08-16,HINDI,Weekly,MAITHILEESH TRIPATHI,MAITHILEESH TRIPATHI,Madhya Pradesh,Rewa
AMAR SACHCHAI,DELURD/2007/22252,2007-12-26,Urdu,Fortnightly,AMAR NATH NAGPAL,AMAR NATH NAGPAL,Delhi,New Delhi
AMAR SAHARA,HARHIN/2014/60595,2015-03-05,Hindi,Weekly,RAHUL DEV SHARMA,RAHUL DEV SHARMA,Haryana,Rewari
AMAR SAHARA,DELHIN/2008/24932,2008-08-12,Hindi,Weekly,RAHUL DEV SHARMA,RAHUL DEV SHARMA,Delhi,New Delhi
AMAR SAHARA,DELHIN/2012/43742,2012-07-05,Hindi,Daily,RAHUL DEV SHARMA,RAHUL DEV SHARMA,Delhi,New Delhi
AMAR SAHARA,DELHIN/2013/51316,2013-08-06,Hindi,Monthly,RAHUL DEV SHARMA,RAHUL DEV SHARMA,Delhi,New Delhi
AMAR SAINIK,26016,1973-03-05,Hindi,Weekly,MASTER VARINDAVAN AZAD,MASTER VARINDAVAN AZAD,Madhya Pradesh,Morena
AMAR SAMVAD TIMES,UPHIN/2017/75684,2018-07-18,Hindi,Weekly,GIRISH KUMAR,GIRISH KUMAR,Uttar Pradesh,Kanpur Nagar
AMAR SANDESH,MAHMAR/2020/79138,2020-12-03,Marathi,Weekly,RANJANA BHAGIRATH MAZI,RANJANA BHAGIRATH MAZI,Maharashtra,Palghar
AMAR SANDESH,DELHIN/2004/13487,2004-10-27,Hindi,Weekly,AMAR CHAND,AMAR CHAND,Delhi,New Delhi
AMAR SANGBAD,WBBEN/2023/88480,2024-08-22,BENGALI,Weekly,ANUPAM DAS,ANUPAM DAS,West Bengal,Paschim Bardhaman
AMAR SANSAR,MPHIN/2017/73304,2017-09-13,Hindi,Weekly,RAKESH KUMAR,RAKESH KUMAR,Madhya Pradesh,Bhopal
AMAR SANSAR,MPHIN/2018/75709,2018-07-20,Hindi,Weekly,RAKESH KUMAR,RAKESH KUMAR,Madhya Pradesh,Sagar
AMAR SANSAR,MPHIN/2022/82474,2022-10-21,Hindi,Monthly,RAKESH KUMAR,RAKESH KUMAR,Madhya Pradesh,Sagar
AMAR SANSAR,MPHIN/2016/70191,2017-01-27,Hindi,Monthly,RAKESH KUMAR,RAKESH KUMAR,Madhya Pradesh,Bhopal
AMAR SANSKRITI,MPHIN/2016/67604,2016-06-22,Hindi,Monthly,LALITA DEVI MISHRA,LALITA DEVI MISHRA,Madhya Pradesh,Bhopal
AMAR SARAL TIMES,UPHIN/2012/41729,2012-04-20,Hindi,Weekly,SHASHI BHUSHAN,SHASHI BHUSHAN,Uttar Pradesh,Prayagraj
AMAR SATHI,27743,1974-01-01,,Fortnightly,,,,
AMAR SATYA SANDESH,46882,2017-09-06,Hindi,Bimonthly (Once in two months),MAHATMA ATAM PREM ANAND,SHRI PRAYAGDHAM TRUST,Maharashtra,Pune
AMAR SAURASHTRA,UPHIN/26/A1410,2026-02-25,Hindi,Monthly,Manoj Kumar Dixit,Manoj Kumar Dixit,Uttar Pradesh,Lucknow
AMAR SAURASHTRA,66049,1997-02-06,Gujarati,Weekly,RAMANLAL OTTAMCHAND DAMANI,RAMANLAL OTTAMCHAND DAMANI,Gujarat,Amreli
AMAR SAURASHTRA,UPHIN/2023/84592,2023-05-29,Hindi,Weekly,MANOJ KUMAR DIXIT,MANOJ KUMAR DIXIT,Uttar Pradesh,Lucknow
AMAR SHAHEED TIMES,UPHIN/2010/33358,2010-08-23,Hindi,Weekly,SURESH KUMAR,SURESH KUMAR,Uttar Pradesh,Lucknow
AMAR SHAKTI,DELHIN/2004/14384,2005-04-19,Hindi,Weekly,Z.A. ANSARI,Z.A. ANSARI,Delhi,New Delhi
AMAR SHANTI,DELHIN/2013/50729,2013-07-05,Hindi,Weekly,SURESH CHANDRA,SURESH CHANDRA,Delhi,New Delhi
AMAR SHRISHTI,UPHIN/2022/85799,2023-12-19,Hindi,Daily,SUNAINA SINGH,SUNAINA SINGH,Uttar Pradesh,Sultanpur
AMAR SHYAM,69019,2012-07-24,Hindi,Daily,VIKAS SHARMA,VIKAS SHARMA,Madhya Pradesh,Ujjain
AMAR SIDDHI,MAHMAR/2011/43011,2012-06-20,Marathi,Weekly,DATTATRAY MASU KHORATE,KHORATE DATTATRAY MASU,Maharashtra,Kolhapur
AMAR STAMBH,UPHIN/2012/46216,2012-11-06,Hindi,Weekly,ARJUN SINGH,ARJUN SINGH,Uttar Pradesh,Kanpur Nagar
AMAR STAMBH,CTHIN/26/A3387,2026-05-11,Hindi,Daily,ARJUN SINGH,ARJUN SINGH,Chhattisgarh,Raipur
AMAR SWADESH,UPHIN/2013/57450,2014-09-23,Hindi,Weekly,DURGESH KUMAR,DURGESH KUMAR,Uttar Pradesh,Lucknow
AMAR SWAROOP,UPHIN/2022/84126,2023-05-04,Hindi,Weekly,VINEETA SONI,VINEETA SONI,Uttar Pradesh,Prayagraj
AMAR TANAV,69965,1999-12-02,Hindi,Weekly,DEVENDER KUMAR SHARMA,DEVENDRA KR SHARMA,Uttar Pradesh,Hathras
AMAR TARANGA,JKHIN/2004/12348,2004-05-05,Hindi,Daily,RAJ LASOTRA,RAJ LASOTRA,Jammu and Kashmir,Jammu
AMAR TIMES,KARKAN/2022/83813,2023-04-17,Kannada,Daily,JAYASHRI KULKARNI,JAYASHRI KULKARNI,Chhattisgarh,Bijapur
AMAR TIRANGA,MPHIN/2022/87216,2024-05-08,Hindi,Quarterly,SHAHID KHAN,SHAHID KHAN,Madhya Pradesh,Bhopal
AMAR TIRANGA,MPHIN/2021/80091,2021-08-31,Hindi,Half Yearly,SHAHID KHAN,SHAHID KHAN,Madhya Pradesh,Bhopal
AMAR TODAY,DELHIN/2007/21638,2007-11-01,Hindi,Monthly,MADHURI RAWAT,MADHURI RAWAT,Delhi,New Delhi
AMAR UJAGAR,UPHIN/2013/53429,2013-12-10,Hindi,Weekly,RAJ GUPTA,RAJ GUPTA,Uttar Pradesh,Kannauj
AMAR UJALA,UTTHIN/2004/13099,2012-10-23,Hindi,Daily,AMIT KUMAR SINGH,AMAR UJALA LTD.,Uttarakhand,Nainital
AMAR UJALA,HPHIN/2005/16018,2013-02-22,Hindi,Daily,AMANDEEP SINGH,AMAR UJALA LTD.,Himachal Pradesh,Kangra
AMAR UJALA,54497,2013-01-01,Hindi,Daily,Rakesh Kumar Chaturvedi,AMAR UJALA LTD.,Uttar Pradesh,Kanpur Nagar
AMAR UJALA,46185,2004-01-01,Hindi,Daily,BHAWANI SHANKER SHARMA,AMAR UJALA LTD.,Uttar Pradesh,Meerut
AMAR UJALA,72028,2012-12-10,Hindi,Daily,ABHISHEK TIWARI,AMAR UJALA LTD.,Chandigarh,Chandigarh
AMAR UJALA,HARHIN/2014/55117,2014-03-29,Hindi,Daily,ABHISHEK TIWARI,AMAR UJALA LTD.,Haryana,Rohtak
AMAR UJALA,2075,1957-03-04,Hindi,Daily,DUSHYANT PARASHAR,AMAR UJALA LTD.,Uttar Pradesh,Agra
AMAR UJALA,UPHIN/2003/09744,2013-11-21,Hindi,Daily,YOGENDRA MISHRA,AMAR UJALA LTD.,Uttar Pradesh,Varanasi
AMAR UJALA,66705,2012-04-18,Hindi,Daily,ABHISHEK TIWARI,AMAR UJALA PUBLICATION LTD.,Uttar Pradesh,Jhansi
AMAR UJALA,DELHIN/2003/09919,2013-04-15,HINDI,Daily,JUGAL KISHOR GAUR,AMAR UJALA LTD.,Delhi,New Delhi
AMAR UJALA,47976,2014-01-30,Hindi,Daily,ATUL MISHRA,AMAR UJALA LTD.,Uttar Pradesh,Moradabad
AMAR UJALA,UPHIN/2007/20215,2012-10-23,Hindi,Daily,ARUN KUMAR SINGH,AMAR UJALA LTD.,Uttar Pradesh,Gorakhpur
AMAR UJALA,HARHIN/2018/76358,2018-11-12,Hindi,Daily,ABHISHEK TIWARI,AMAR UJALA LTD.,Haryana,Hisar
AMAR UJALA,JKHIN/2005/15897,2012-11-27,Hindi,Daily,NARESH KUMAR,AMAR UJALA LTD.,Jammu and Kashmir,Jammu
AMAR UJALA,66448,2014-07-10,HINDI,Daily,DEVENDRA KUMAR SINGH,AMAR UJALA LTD.,Uttar Pradesh,Prayagraj
AMAR UJALA,HPHIN/2022/83752,2023-03-31,Hindi,Daily,AMANDEEP SINGH,AMAR UJALA LTD.,Himachal Pradesh,Shimla
AMAR UJALA,UPHIN/2008/25926,2014-07-22,Hindi,Daily,DEVENDRA SINGH YADAV,AMAR UJALA LTD.,Uttar Pradesh,Lucknow
AMAR UJALA,PUNHIN/2003/10339,2012-04-04,Hindi,Daily,ABHISHEK TIWARI,AMAR UJALA LTD.,Punjab,Jalandhar
AMAR UJALA,UPHIN/2007/19518,2014-01-28,Hindi,Daily,DUSHYANT PARASHAR,AMAR UJALA  PUBLICATIONS LTD.,Uttar Pradesh,Aligarh
AMAR UJALA,65568,2014-04-01,Hindi,Daily,PRAVEEN KUMAR SHARMA,AMAR UJALA LTD.,Uttarakhand,Dehradun
AMAR UJALA,HARHIN/2019/78546,2020-02-27,Hindi,Daily,KRISHAN KUMAR YADAV,AMAR UJALA LTD.,Haryana,Karnal
AMAR UJALA,19181,2014-01-28,HINDI,Daily,ATUL MISHRA,AMAR UJALA LTD.,Uttar Pradesh,Bareilly
AMAR UJALA BONUS XTRA,UPHIN/25/A1629,2025-07-03,Hindi,Monthly,ABHISHEK TIWARI,AMAR UJALA LIMITED,Uttar Pradesh,Gautam Buddha Nagar
AMAR UJALA GAON JUNCTION,UPHIN/2023/86275,2024-01-29,Hindi,Monthly,Indushekhar Pancholi,AMAR UJALA LIMITED,Uttar Pradesh,Gautam Buddha Nagar
AMAR UJALA SAFALATA,UPHIN/2011/39720,2013-05-24,Hindi,Monthly,ABHISHEK TIWARI,AMAR UJALA PUBLICATION LTD,Uttar Pradesh,Gautam Buddha Nagar
AMAR UJIYARA,UTTHIN/2015/66525,2016-03-28,Hindi,Weekly,VEENA JOSHI,VEENA JOSHI,Uttarakhand,Nainital
AMAR URJA,UPHIN/2010/31250,2010-03-08,Hindi,Daily,PANKAJ DOSAJ,PANKAJ DOSAJ,Uttar Pradesh,Lucknow
AMAR UTTAR PURBANCHAL,ASSBEN/2008/24359,2008-06-17,Bengali,Fortnightly,MONOTOSH  DHAR,MONOTOSH DHAR,Assam,Cachar
AMAR UTTARAKHAND,UTTHIN/2014/56549,2014-08-14,Hindi,Weekly,SANJAY KIMOTHI,SANJAY KIMOTHI,Uttarakhand,Dehradun
AMAR VARDAN,UPHIN/2006/19514,2007-05-04,Hindi,Fortnightly,RAM BAHADUR SHARMA,RAM BAHADUR SHARMA,Uttar Pradesh,Shahjahanpur
AMAR VICHAR DHARA,UPHIN/2013/50435,2013-06-24,Hindi,Weekly,ARVIND KUMAR PATEL,ARVIND KUMAR PATEL,Uttar Pradesh,Jaunpur
AMAR VICHAR DHARA,UPHIN/2014/57465,2014-09-23,Hindi,Daily,ARVIND KUMAR PATEL,ARVIND KUMAR PATEL,Uttar Pradesh,Jaunpur
AMAR WATAN,MPHIN/2019/78136,2019-11-06,Hindi,Daily,VASUNDHARA SINGH,SHUBHAM SINGH,Madhya Pradesh,Morena
AMAR WATAN,CHHHIN/2022/87238,2024-05-09,Hindi,Daily,SHUBHAM SINGH,SHUBHAM SINGH,Chhattisgarh,Raipur
AMAR WATAN,MPHIN/2016/68529,2016-09-05,Hindi,Monthly,SHUBHAM SINGH,SHUBHAM SINGH,Madhya Pradesh,Morena
AMAR ZINDAGI,GUJSIN/2020/79582,2021-03-04,Sindhi,Weekly,RAMRAKHYANI ANIL SHYAMLAL,RAMRAKHYANI ANIL SHYAMLAL,Gujarat,Ahmedabad
AMARA BAAPU CHINTANA,KARBIL/2013/48372,2013-03-01,"English, Kannada",Bimonthly (Once in two months),JEERIGE LOKESH,JEERIGE LOKESH,Karnataka,Bengaluru
AMARA BHARATI,33803,1979-11-15,Tamil,Monthly,M. VISWANATHAN,M.VISWANATHAN,Tamil Nadu,Chennai
AMARA SANDESH,29675,1976-09-06,Kannada,Daily,Santhosh M K,Santhosh M K,Karnataka,Tumkur
AMARA SHILPI,KNKAN/25/A2750,2025-09-19,Kannada,Monthly,Chandan R,Chandan R,Karnataka,Bengaluru
AMARA SULLIA SUDDHI,KARKAN/2012/49234,2013-04-16,Kannada,Weekly,MURALIDHARA A.,MURALIDHARA A.,Karnataka,Dakshina Kannada
AMARAM,APTEL/2005/14591,2005-05-24,Telugu,Weekly,T.KRISHNA MURTHY RAJU,T.KRISHNA MURTHY RAJU,Andhra Pradesh,West Godavari
AMARAVANI,KERMAL/2011/38963,2011-09-22,Malayalam,Monthly,N.C.T. RAJAGOPAL,BHARATHEEYA VIDYANIKETHAN,Kerala,Kozhikode
AMARAVATHI ADHIPATHI,APTEL/2021/90500,2025-03-17,TELUGU,Daily,R PAUL RAO,R.PAUL RAO,Andhra Pradesh,Kurnool
AMARAVATHI CALLING,APTEL/2017/73001,2017-08-17,Telugu,Monthly,KUNCHAM DAYAKAR,KUNCHAM DAYAKAR,Andhra Pradesh,Sri Potti Sriramulu Nellore
AMARAVATHI FASHION BUZZ,APBIL/2018/75931,2018-08-31,"English, Telugu",Monthly,SATISH ADDALA,SATISH ADDALA,Andhra Pradesh,Krishna
AMARAVATHI FLASH,APTEL/2020/81489,2022-05-19,Telugu,Daily,JANAPATI VENKATA RAMESH BABU,JANAPATI VENKATA RAMESH BABU,Andhra Pradesh,Ananthapuramu
AMARAVATHI FLASH,APTEL/25/A3848,2025-11-12,Telugu,Daily,JANAPATI VENKATA RAMESH BABU,JANAPATI VENKATA RAMESH BABU,Andhra Pradesh,Kurnool
AMARAVATHI FLASH,APTEL/25/A1889,2025-07-21,Telugu,Daily,JANAPATI VENKATA RAMESH BABU,JANAPATI VENKATA RAMESH BABU,Andhra Pradesh,Y.S.R.
AMARAVATHI FLASH,APTEL/26/A1271,2026-02-19,Telugu,Daily,JANAPATI VENKATA RAMESH BABU,JANAPATI VENKATA RAMESH BABU,Andhra Pradesh,Sri Potti Sriramulu Nellore
AMARAVATHI FLASH,APTEL/25/A1115,2025-06-06,Telugu,Daily,JANAPATI VENKATA RAMESH BABU,JANAPATI VENKATA RAMESH BABU,Andhra Pradesh,Guntur
AMARAVATHI FOCUS,APTEL/2017/73563,2017-10-20,Telugu,Weekly,VIYYAPU LAKSHMI,VIYYAPU LAKSHMI,Andhra Pradesh,Visakhapatnam
AMARAVATHI GALAM,APTEL/2017/72547,2017-07-11,Telugu,Monthly,MANDA CHINNAIAH,MANDA CHINNAIAH,Andhra Pradesh,Sri Potti Sriramulu Nellore
AMARAVATHI HERALD TELUGU,APTEL/26/A6764,2026-08-13,Telugu,Daily,SOMIREDDYPALLI NANCY,SOMIREDDYPALLI NANCY,Andhra Pradesh,Y.S.R.
AMARAVATHI NIPPU,APTEL/2018/76314,2018-10-30,Telugu,Weekly,KONGARA BRAHMAIAH,KONGARA BRAHMAIAH,Andhra Pradesh,Krishna
AMARAVATHI POST,APTEL/2019/85457,2023-10-04,Telugu,Daily,BRAHMA NAIDU PAGALLA,BRAHMA NAIDU PAGALLA,Andhra Pradesh,Guntur
AMARAVATHI PRABHA,APTEL/2017/71479,2017-05-08,Telugu,Weekly,MIDDE VEERANJANEYULU,MIDDE VEERANJANEYULU,Andhra Pradesh,Visakhapatnam
AMARAVATHI PRAGATHI,APTEL/2017/73700,2017-11-06,Telugu,Daily,V. SHAKEER,V.SHAKEER,Andhra Pradesh,Anantapur
AMARAVATHI PRAJA SAMSYALA PARISHKARAM,APTEL/25/A1283,2025-06-16,Telugu,Daily,Panditi Suneel,Panditi Suneel,Andhra Pradesh,Prakasam
AMARAVATHI REVIEW,TELENG/2016/66730,2016-04-25,English,Monthly,SUNIL KUMAR MURALASETTY,SUNIL KUMAR MURALASETTY,Telangana,Hyderabad
AMARAVATHI SBI PENSIONERS NEWS REVIEW,APBIL/26/A1060,2026-02-13,"Telugu, English",Bimonthly (Once in two months),Prathipati Srivenkatasuryanarayana Sarma,STATE BANK OF INDIA PENSIONERS ASSOCIATION AMARAVATI CIRCLE,Andhra Pradesh,Krishna
AMARAVATHI VELUGU,APTEL/25/A1703,2025-07-04,Telugu,Daily,JANAPATI VENKATA RAMESH BABU,JANAPATI VENKATA RAMESH BABU,Andhra Pradesh,Chittoor
AMARAVATHI VELUGU,APTEL/25/A0173,2025-05-09,Telugu,Monthly,JANAPATI VENKATA RAMESH BABU,JANAPATI VENKATA RAMESH BABU,Andhra Pradesh,Anantapur
AMARAVATHI VELUGU,APTEL/2022/85169,2023-07-06,Telugu,Daily,JANAPATI VENKATA RAMESH BABU,JANAPATI VENKATA RAMESH BABU,Andhra Pradesh,Anantapur
AMARAVATHI VELUGU,APTEL/26/A0795,2026-01-27,Telugu,Daily,JANAPATI VENKATA RAMESH BABU,JANAPATI VENKATA RAMESH BABU,Andhra Pradesh,Sri Potti Sriramulu Nellore
AMARAVATHI VIJAYAHASAM,APTEL/2017/74610,2018-02-09,Telugu,Monthly,MULAKALA VEERA VENKATA SATYANARAYANA,MULAKALA VEERA VENKATA SATYANARAYANA,Andhra Pradesh,West Godavari
AMARAVATI MIRROR,APTEL/2018/76072,2018-09-18,Telugu,Fortnightly,CHERUKUMALLI SINGA RAO,CHERUKUMALLI SINGA RAO,Andhra Pradesh,Guntur
AMARAVATI TIMES,APENG/2017/75233,2018-05-18,English,Monthly,MULPURI BRAHMENDRA SATYAJIT VIKRAM,PRIME BIZ TECH SOLUTIONS PVT.LTD.,Andhra Pradesh,N T R
AMARAVATI TIMES,UPHIN/2024/90221,2024-11-28,HINDI,Daily,AMARDEEP CHAUDHARY,AMARDEEP CHAUDHARY,Uttar Pradesh,Prayagraj
AMARDEEP TIMES,MAHHIN/2010/33573,2010-09-07,Hindi,Fortnightly,ARUN V. SINGH,ARUN V. SINGH,Maharashtra,Mumbai
AMARI KATHA,ODIODI/2004/13817,2011-10-25,Oriya,Daily,SATYABRATA MISHRA,AWARENESS PRACHAR SAMITI,Odisha,Khordha
AMARJYOT AWAZ,MHMAR/26/A5055,2026-06-12,Marathi,Weekly,Narsing tulshiram suryawanshi,Narsing tulshiram suryawanshi,Maharashtra,Latur
AMARKANTAK EXPRESS,MPHIN/2023/89654,2024-10-15,HINDI,Weekly,RAGHUVEER,RAGHUVEER,Madhya Pradesh,Vidisha
AMARKANTH NARMADE HAR HAR,MAHMAR/2021/83856,2023-04-18,Marathi,Quarterly,SHARADCHANDRA PANDURANG BHIDE,AMARKANTH PRAKASHAN,Maharashtra,Pune
AMARSUKH SAMACHAR,MHMUL/25/A0252,2025-05-19,"Hindi, Marathi, English",Daily,Sahil Nitinrao Hirulkar,Sahil Nitinrao Hirulkar,Maharashtra,Amravati
AMARTYA KANTI,MPHIN/26/A6144,2026-07-25,Hindi,Weekly,NALINI KARE,VAIBHAV KARE,Madhya Pradesh,Ujjain
AMARVARTA,UPHIN/2001/06232,2011-02-04,Hindi,Weekly,AMARNATH RAI,AMARNATH RAI,Uttar Pradesh,Lucknow
AMARVIR,HARHIN/2012/47258,2013-01-03,Hindi,Weekly,CHAINSUKH GURAHIYA,CHAINSUKH GURAHIYA,Haryana,Jhajjar
AMARVIR,HRHIN/25/A4993,2025-12-10,Hindi,Daily,CHAINSUKH GURAHIYA,CHAINSUKH GURAHIYA,Haryana,Jhajjar
AMASAMAYARA RAJANITI,ODIODI/2012/49110,2013-04-10,Oriya,Fortnightly,SRI SUDHIR MAUDAMANI,SUDHIR MAUDAMANI,Odisha,Khordha
AMATEUR,MAHMAR/2005/21321,2007-09-28,Marathi,Weekly,RAVIKIRAN TUKARAM CHOUGULE,RAVIKIRAN TUKARAM CHOUGULE,Maharashtra,Kolhapur
AMAZE TIMES,TNBIL/2023/88659,2024-08-22,BILINGUAL,Monthly,REVATHI,REVATHI,Tamil Nadu,Thiruvallur
AMAZING AMDAVAD NEWS,GJGUJ/25/A2325,2025-08-28,Gujarati,Fortnightly,Patel Sanjay Shamjibhai,Patel Sanjay Shamjibhai,Gujarat,Ahmedabad
AMAZING DUNIA,MPHIN/2016/70807,2017-04-10,Hindi,Monthly,KAILASH NARAYAN SHARMA,KAILASH NARAYAN SHARMA,Madhya Pradesh,Bhopal
AMAZING GUJARAT,GJGUJ/25/A4026,2025-11-19,Gujarati,Monthly,Kumbhar Memud Abdula,Kumbhar Memud Abdula,Gujarat,Kutch
AMAZING NEWS,UPHIN/2013/53352,2013-12-03,Hindi,Monthly,GULNAZ RASHEED,GULNAZ RASHEED,Uttar Pradesh,Kanpur Nagar
AMAZING SUBHA,PUNBIL/2024/90400,2024-12-31,"Hindi, Punjabi",Monthly,TARANBIR  SINGH,TARANBIR  SINGH,Punjab,Jalandhar
AMAZING TELANGANA,TGTEL/25/A2263,2025-08-22,Telugu,Daily,Podishetti Ramesh Kumar,Podishetti Ramesh Kumar,Telangana,Medchal Malkajgiri
AMAZING TELANGANA,TELMUL/2017/71745,2017-05-19,"English, Telugu, Hindi",Monthly,RAMESH KUMAR PODISHETTI,RAMESH KUMAR PODISHETTI,Telangana,Hyderabad
AMAZING TODAY,UPENG/2016/66567,2016-03-31,English,Daily,MOHD. WASEEM,MOHAMMAD WASEEM,Uttar Pradesh,Lucknow
AMBA YTIMES,49074,1989-09-20,Hindi,Daily,,,Uttar Pradesh,Patna
AMBAD NEWS,MAHMAR/2015/67568,2016-06-24,Marathi,Weekly,SHAIKH RAFIQ RAUF,SHAIKH RAFIQ RAUF,Maharashtra,Jalna
AMBAD VARTA,MAHMAR/2014/55268,2014-04-15,Marathi,Weekly,BALIRAM RAMRAO RAUT,BALIRAM RAMRAO RAUT,Maharashtra,Jalna
AMBADI,KERMAL/2012/49579,,Malayalam,Monthly,S. SURENDRAN PILLAI,S. SURENDRAN PILLAI,Kerala,Kollam
AMBAJI SAMACHAR,GUJGUJ/2020/79026,2020-11-03,GUJARATI,Weekly,SINDHI RAJJAK IBRAHIMBHAI,SINDHI RAJJAK IBRAHIMBHAI,Gujarat,Mahesana
AMBAJOGAI DARPAN,MAHMAR/2019/77598,2019-06-20,Marathi,Fortnightly,PARMESHWAR HARIDAS SONWANE,SONWANE PARMESHWAR HARIDAS,Maharashtra,Beed
AMBAJOGAI TIMES,39816,1979-02-22,Marathi,Daily,UMESH ISHWARCHAND GUPTA,UMESH ISHWARCHAND GUPTA,Maharashtra,Beed
AMBAJOGAI VARTA,MAHMAR/2007/24907,2008-07-25,Marathi,Daily,PARMESHWAR BHAGWANRAO GITTE,PARMESHWAR BHAGWANRAO GITTE,Maharashtra,Beed
AMBALA ABHI TAK,HARHIN/2018/76760,2019-01-28,Hindi,Daily,RAJINDER KUMAR BHATNAGAR,RAJINDER KUMAR BHATNAGAR,Haryana,Ambala
AMBALA COVERAGE,HARHIN/2019/78133,2019-11-06,Hindi,Monthly,KAPIL KUMAR,KAPIL KUMAR,Haryana,Ambala
AMBALA DASTAK,HARHIN/2019/78045,2019-10-01,Hindi,Monthly,AVTAR SINGH,AVTAR SINGH,Haryana,Ambala
AMBALA DEEP,HARHIN/2021/85985,2024-01-02,Hindi,Fortnightly,TEJINDER SINGH WALIA,TEJINDER SINGH WALIA,Haryana,Ambala
AMBALA EXPRESS,HARHIN/2017/72568,2017-07-28,Hindi,Monthly,BABU RAM PANWAR,BABURAM PANWAR,Haryana,Ambala
AMBALA HALCHAL,HARHIN/2015/70281,2017-01-31,Hindi,Weekly,TEJINDER SHARMA,TEJINDER SHARMA,Haryana,Ambala
AMBALA KHABARNAMA,HARHIN/2019/79718,2021-03-31,Hindi,Monthly,JUGAL KISHORE,JUGAL KISHORE,Haryana,Ambala
AMBALA KHOJ,HARHIN/2020/85395,2023-09-29,Hindi,Weekly,NITIN KUMAR,NITIN KUMAR,Haryana,Ambala
AMBALA KI KALAM,HARHIN/2019/77544,2019-06-17,Hindi,Fortnightly,BHUPINDER SINGH BHATIA,BHUPINDER SINGH BHATIA,Haryana,Ambala
AMBALA KI MEHAK,HARHIN/2019/79498,2021-02-17,Hindi,Weekly,HARDEEP SINGH,HARDEEP SINGH,Haryana,Ambala
AMBALA MAIL,HARHIN/2019/78704,2020-05-28,Hindi,Weekly,RENU AGGARWAL,RENU AGGARWAL,Haryana,Ambala
AMBALA MEDIA,HARHIN/2020/80388,2021-10-12,Hindi,Monthly,KULJEET SINGH SETHI,KULJEET SINGH SETHI,Haryana,Ambala
AMBALA NEWS,HARHIN/2006/21549,2007-10-25,Hindi,Daily,DEEPAK SHANDILYA,DEEPAK SHANDILYA,Haryana,Ambala
AMBALA POST,HARHIN/2020/79263,2021-01-13,Hindi,Monthly,MUNISH KUMAR,MUNISH KUMAR,Haryana,Ambala
AMBALA TODAY,HARHIN/2009/27950,2009-06-08,Hindi,Fortnightly,DR. SUSHIL SHARMA,SUSHIL SHARMA,Haryana,Ambala
AMBALA VAANI,HARHIN/2019/78936,2020-09-30,HINDI,Monthly,JITENDER AGGARWAL,JITENDER AGGARWAL,Haryana,Ambala
AMBALAVASI,KERBIL/2009/31424,2010-03-18,"English, Malayalam",Monthly,JAQULIN JAIN,JAQULIN JAIN,Kerala,Kottayam
AMBANAGAR KI SUBAH,MAHBIL/2015/74262,2017-12-26,"Marathi, Hindi",Weekly,RAMESH DOMAJI ENGALE,RAMESH DOMAJI ENGALE,Maharashtra,Amravati
AMBANAGRI SAMACHAR,37574,1980-10-10,Hindi,Daily,PRABHUDAYAL NATHULAL JAISWAL,PRABHUDAYAL NATHULAL JAISWAL,Maharashtra,Amravati
AMBAPURI VARTA,MAHMAR/2015/75542,2018-06-20,Marathi,Weekly,PRADIP MORESHWAR KULKARNI,PRADIP MORESHWAR KULKARNI,Maharashtra,Amravati
AMBAR DARSHAN,MPHIN/2011/39425,2011-11-03,Hindi,Monthly,VINOD RATHORE,VINOD RATHORE,Madhya Pradesh,Bhopal
AMBAR DHARA,DELHIN/2011/39118,2011-10-05,Hindi,Weekly,NAMITA GUPTA,NAMITA GUPTA,Delhi,New Delhi
AMBAR PRAHAR,UPHIN/2013/57600,2014-10-09,Hindi,Weekly,ATIYA HASAN,ATIYA HASAN,Uttar Pradesh,Lucknow
AMBAR TODAY,MPHIN/2013/50093,2013-06-03,Hindi,Weekly,YOGENDRA SINGH JAAT,YOGENDRA SINGH JAAT,Madhya Pradesh,Ratlam
AMBAR TODAY,MPHIN/2014/61473,2015-04-24,Hindi,Monthly,YOGENDRA SINGH JAAT,YOGENDRA SINGH JAAT,Madhya Pradesh,Ratlam
AMBARI EXPRESS,KARKAN/2020/79063,2020-11-09,Kannada,Daily,NARAYANASWAMY N.,NARAYANASWAMY.N,Karnataka,Tumkur
AMBARISH NAGARI,MPHIN/2018/76783,2019-01-30,Hindi,Daily,MEENU KHAN,MEENU KHAN,Madhya Pradesh,Gwalior
AMBARISH NAGARI,61716,1995-04-12,Hindi,Weekly,MEENU KHAN,MEENU KHAN,Madhya Pradesh,Morena
AMBARNATH BHUSHAN,MAHMAR/2014/58059,2014-11-03,Marathi,Weekly,ANANT PRABHAKAR RAJE,ANANT PRABHAKAR RAJE,Maharashtra,Thane
AMBARNATH JANMAT,MAHMAR/2010/33432,2010-08-31,Marathi,Daily,PANDURANG NARAYAN RANADE,PANDURANG NARAYAN RANADE,Maharashtra,Thane
AMBARNATH TIMES,MAHMAR/2013/50708,2013-07-05,Marathi,Daily,KAMALAKAR NAGORAO SURYAVANSHI,KAMALAKAR NAGORAO SURYAVANSHI,Maharashtra,Thane
AMBATTUR GOLDEN NEWS,TNBIL/25/A4637,2025-12-03,"Tamil, English",Weekly,Vetrivel,Vetrivel,Tamil Nadu,Chennai
AMBATTUR MAIL,TNBIL/2015/62847,2015-06-23,"English, Tamil",Monthly,M. KATHIRAVEN,VALUE PLUS,Tamil Nadu,Thiruvallur
AMBATTUR TALK,TNBIL/2010/35004,2010-12-30,"English, Tamil",Weekly,T.R. JAWAHAR,TALK MEDIA PVT. LTD.,Tamil Nadu,Chennai
AMBATTUR TIMES,TNBIL/2015/60545,2015-03-04,"English, Tamil",Monthly,M. KATHIRAVEN,VALUE PLUS,Tamil Nadu,Thiruvallur
AMBE BHARATI,65741,1997-01-01,Hindi,Monthly,Uma Jha,Uma Jha,Uttar Pradesh,Ghaziabad
AMBE CHANDIKA,MAHBIL/2015/65568,2016-01-12,"Marathi, Hindi",Weekly,VIKRAM HEMANT ZAWAR,VIKRAM HEMANT ZAWAR,Maharashtra,Amravati
AMBE TIMES,APTEL/26/A4306,2026-05-26,Telugu,Daily,A VENKATESH,A VENKATESH,Andhra Pradesh,Ananthapuramu
AMBEDKAR CARAVAN,KARBIL/2014/60228,2015-02-16,Kannada,Daily,Y.S.SIDDARAJU,Y.S.SIDDARAJU,Karnataka,Mandya
AMBEDKAR GATHA,MPHIN/2009/31380,2010-03-17,Hindi,Monthly,ARCHANA PATIL,ARCHANA PATIL,Madhya Pradesh,Bhopal
AMBEDKAR GATHA,CHHHIN/2016/68763,2016-09-19,Hindi,Monthly,ARCHANA PATIL,ARCHANA PATIL,Chhattisgarh,Raipur
AMBEDKAR IN INDIA,UPHIN/2002/06538,2002-04-30,Hindi,Monthly,DAYANATH NIGAM,DAYANATH NIGAM,Uttar Pradesh,Kushinagar
AMBEDKAR JAGAT,UPHIN/2008/25729,2008-09-26,Hindi,Monthly,GYANESH MISHRA,GYANESH MISHRA,Uttar Pradesh,Lucknow
AMBEDKAR JYOTHI,KARKAN/2007/23663,2008-04-29,Kannada,Monthly,V. GOPI,V. GOPI,Karnataka,Bengaluru
AMBEDKAR KA SAPNA,UPHIN/2009/29966,2009-12-09,Hindi,Fortnightly,CHANDRA KUMAR CHHABRA,CHANDRA KUMAR CHHABRA,Uttar Pradesh,Lucknow
AMBEDKAR KI DUNIYA,UPHIN/2009/31972,2010-04-21,Hindi,Weekly,BRIJNARAYAN (B.N.) PRASAD,BRIJNARAYAN PRASAD,Uttar Pradesh,Kushinagar
AMBEDKAR KRANTHI NUDI,KNBIL/25/A2607,2025-09-17,"Kannada, English",Monthly,Jagadeesha S,Jagadeesha S,Karnataka,Bengaluru
AMBEDKAR LAW UNIVERSITY INTELLECTUAL PROPERTY REVIEW,TNENG/2023/85871,2023-12-20,English,Annual,RANJIT OOMMEN ABRAHAM,THE TAMIL NADU DR. AMBEDKAR LAW UNIVERSITY,Tamil Nadu,Chennai
AMBEDKAR NAGAR PRAHARI,DELHIN/2016/69549,2016-12-07,Hindi,Weekly,RAMAKANT MORYA,RAMAKANT MORYA,Delhi,New Delhi
AMBEDKAR NEWS,GUJGUJ/2022/82872,2022-11-22,Gujarati,Monthly,JYOTI DASHRATH AHIRE,JYOTI DASHRATH AHIRE,Gujarat,Surat
AMBEDKAR PATRA,UPHIN/2008/28078,2009-07-02,Hindi,Daily,KANTA SINGH,KANTA SINGH,Uttar Pradesh,Lucknow
AMBEDKAR PATRA,UPHIN/2007/21227,2007-09-25,Hindi,Weekly,KANTA SINGH,KANTA SINGH,Uttar Pradesh,Lucknow
AMBEDKAR RAH,57904,,Hindi,Fortnightly,,,,
AMBEDKAR RAJ,MAHMUL/2012/51987,2013-09-16,"English, Marathi, Hindi",Weekly,SAU. MINATAI RAVIKUMAR WANARE,SAU. MEENATAI RAVI KUMAR WANARE,Maharashtra,Akola
AMBEDKAR TIMES,15524,1967-01-01,Punjabi,Fortnightly,SAGLI RAM,SAGLI RAM,Punjab,Jalandhar
AMBEDKAR TIMES,RJHIN/25/A4005,2025-11-18,Hindi,Daily,SEEMA,SEEMA,Rajasthan,Alwar
AMBEDKAR TODAY,UPHIN/2009/32372,2010-05-19,Hindi,Weekly,DR. RAJIV RATNA MAURYA,DR. RAJEEV RATNA MAURYA,Uttar Pradesh,Jaunpur
AMBEDKAR VAADA,KARKAN/2016/68218,2016-08-11,Kannada,Monthly,MAVALLI SHANKAR,MAVALLI SHANKAR,Karnataka,Bengaluru
AMBEDKAR VANI,64775,1996-12-18,Hindi,Monthly,DEEPCHAND KHANDEGAR,DEEPCHAND KHANDEGAR,Madhya Pradesh,Indore
AMBEDKAR VICHAR MANCH,UPHIN/2006/19042,2007-04-10,Hindi,Weekly,SANJEEV TRIPATHI,SANJEEV TRIPATHI,Uttar Pradesh,Lucknow
AMBEDKAR VOICE,KARKAN/2001/05347,2001-04-12,Kannada,Monthly,K CHANDRASHEKAR,K CHANDRASHEKAR,Karnataka,Bengaluru
AMBEDKARI ANDOLAN,MAHMAR/2015/62828,2015-06-22,Marathi,Weekly,SUNIL TULSHIRAM PUNWATKAR,SUNIL TULSHIRAM PUNWATKAR,Maharashtra,Yavatmal
AMBEDKARI DEEP,PUNPUN/2015/65341,2015-12-23,Punjabi,Monthly,DARSHAN SINGH BAJWA,DARSHAN SINGH BAJWA,Punjab,Sangrur
AMBEDKARIN SAMOGA VILLAKU,TNTAM/26/A4769,2026-06-05,Tamil,Monthly,Ananda Kumar A,Ananda Kumar A,Tamil Nadu,Chennai
AMBEDKARVADI SAHITYA,UPHIN/2021/89341,2024-10-03,HINDI,Quarterly,DEVCHANDRA BHARATI,DEVCHANDRA BHARATI,Uttar Pradesh,Varanasi
AMBER,RAJHIN/2013/55330,2014-04-16,Hindi,Daily,DINESH CHOUDHARY,SATWIC TELEMEDIA PRIVATE LIMITED,Rajasthan,Bikaner
AMBER,RAJHIN/2011/48734,2013-03-21,Hindi,Daily,DINESH CHAUDHARY,SATWIC TELEMEDIA PRIVATE LIMITED,Rajasthan,Jhunjhunu
AMBER,48379,2011-05-23,Hindi,Daily,DINESH CHOUDHARY,SATWIC TELEMEDIA PRIVATE LIMITED,Rajasthan,Jaipur
AMBER COVERAGE,MPHIN/2014/59236,2014-12-26,Hindi,Monthly,AMBER HABIB,AMBER HABIB,Madhya Pradesh,Bhopal
AMBER KA DARSHAN,54687,1992-09-09,Hindi,Fortnightly,BHANWAR MENARIA,BHANWAR MENARIA,Rajasthan,Udaipur
AMBER SAKSHI,UPHIN/2017/71974,2017-06-01,Hindi,Daily,SAMSHAD BEGAM,SAMSHAD BEGAM,Uttar Pradesh,Lucknow
AMBERNATH LIVE,MAHMAR/2015/65091,2015-12-04,Marathi,Thrice a week,SUNIL VENKAT AHIRE,SUNIL VENKAT AHIRE,Maharashtra,Thane
AMBICA KRANTI,MPHIN/2015/66013,2016-02-08,Hindi,Monthly,CHITRA SINGH,AMBICA SHIKSHA SAMAJ KALYAN SAMITI,Madhya Pradesh,Bhopal
AMBIGARA SHAKTI,KNKAN/26/A5520,2026-06-25,Kannada,Monthly,SUNIL,SUNIL,Karnataka,Bidar
AMBIGARA VANI,KARKAN/2016/70142,2017-01-27,Kannada,Monthly,AMBIKA JALAGAR,AMBIKA JALAGAR,Karnataka,Bengaluru
AMBIKA DARSHAN,67217,1997-01-01,Hindi,Weekly,SUNIL KUMAR GARG,SUNIL KUMAR GARG,Uttar Pradesh,Muzaffarnagar
AMBIKA DARSHAN,UTTHIN/2010/33009,2010-07-26,Hindi,Weekly,SUNIL KUMAR GARG,SUNIL KUMAR GARG,Uttarakhand,Haridwar
AMBIKA TODAY,MPHIN/2015/71104,2017-04-11,Hindi,Quarterly,raza beig,RAZIYA BEE,Madhya Pradesh,Bhopal
AMBIKA TODAY,MPHIN/2020/87132,2024-05-06,Hindi,Monthly,RAZIYA BEE,RAZIYA BEE,Madhya Pradesh,Bhopal
AMBIKA UJALA,BIHHIN/2024/89436,2024-10-08,HINDI,Monthly,BRAJESH PANDEY,BRAJESH PANDEY,Bihar,Patna
AMBIKA VANI,50247,1990-05-25,Hindi,Daily,GOPAL ASAWA,GOPAL ASAWA,Chhattisgarh,Surguja
AMBIKA VANI,71235,1999-07-27,Hindi,Daily,GOPALA ASAWA,GOPAL ASAWA,Madhya Pradesh,Koriya
AMBIKA VANI,CHHHIN/2002/09479,2003-03-28,Hindi,Daily,GOPAL ASAWA,GOPAL ASAWA,Chhattisgarh,Raipur
AMBIKAPUR BHASKAR,CHHHIN/2016/67841,2016-07-15,Hindi,Daily,RAVI SHANKAR TRIVEDI,D.B. CORP.LTD,Chhattisgarh,Bilaspur
AMBITION NEWS TODAY,UPHIN/2016/74900,2018-02-22,Hindi,Weekly,USMAN KHAN,USMAN KHAN,Uttar Pradesh,Fatehpur
AMBITION OF SACH,UPHIN/2015/66578,2016-04-04,Hindi,Daily,SANDEEP KUMAR PANDEY,SANDEEP KUMAR PANDEY,Uttar Pradesh,Mirzapur
AMBROSIA,MAHENG/2021/83532,2023-03-06,English,Monthly,MANISHA C. PANDEY,MANISHA C. PANDEY,Maharashtra,Thane
AMBUR MURASU,TNBIL/2017/76374,2018-11-15,"English, Tamil",Monthly,R. ANITHA,ANITHA R,Tamil Nadu,Vellore
AMBUR SEITHIGAL,TNTAM/2013/52168,2013-09-23,Tamil,Weekly,RD. VENKATESAN,RD. VENKATESAN,Tamil Nadu,Vellore
AMC INDIAN JOURNAL OF CIVIL ENGINEERING,DELENG/2018/75111,2018-05-09,English,Half Yearly,Deepak Sawhney,ASSOCIATED MANAGEMENT CONSULTANTS PVT LTD,Delhi,New Delhi
AMC INDIAN JOURNAL OF ENTREPRENEURSHIP,DELENG/2018/75106,2018-05-09,English,Bi-Annual,Satya Gilani,ASSOCIATED MANAGEMENT CONSULTANTS PVT LTD,Delhi,New Delhi
AMCHA MALHARI,MAHMAR/2012/51883,2013-09-11,Marathi,Monthly,GHONE SURESH RAMBHAU,GHONE SURESH RAMBHAV,Maharashtra,Thane
AMCHI MAI,36780,1985-06-17,Konkani,Monthly,REV. FR. GEORGE SUNIL DSOUZA,DEEPTI TRUST,Karnataka,Dakshina Kannada
AMCHO SANDESH,61446,1995-11-03,KONKANI,Monthly,ALWYN JEROME DSOUZA,CATHOLIC SABHA MANGALORE PRADESH,Karnataka,Udupi
AMDAVAD CHITRA,GUJGUJ/2023/85978,2023-12-27,Gujarati,Fortnightly,SANGHAPRIY ANNA SADANSHIVKAR,SANGHAPRIY ANNA SADANSHIVKAR,Gujarat,Ahmedabad
AMDAVAD NI BOLBALA,GJGUJ/25/A2447,2025-09-08,Gujarati,Weekly,Thakor Nayankumar Dhanjibhai,Thakor Nayankumar Dhanjibhai,Gujarat,Ahmedabad
AMDAVAD NI GATHA,GJGUJ/26/A3329,2026-05-08,Gujarati,Weekly,Boghra Hemalbhai,Boghra Hemalbhai,Gujarat,Ahmedabad
AMDAVAD NYAYDRASHTI SAMACHAR,GJGUJ/26/A5753,2026-07-07,Gujarati,Fortnightly,Ghanchi Mohammed Sharif,Ghanchi Mohammed Sharif,Gujarat,Ahmedabad
AMDAVAD POKAR,GUJGUJ/1985/00696,2000-03-30,Gujarati,Weekly,DEEPKUMAR A.PAREKH,DEEPKUMAR A.PAREKH,Gujarat,Ahmedabad
AMDAVAD POST,GJGUJ/25/A1295,2025-06-17,Gujarati,Weekly,Mohammad Atif Shah,Mohammad Atif Shah,Gujarat,Ahmedabad
AMDAVAD SATHI,GJGUJ/26/A2973,2026-04-29,Gujarati,Weekly,JAYESHKUMAR C THAKKAR,JAYESHKUMAR C THAKKAR,Gujarat,Ahmedabad
AMDAVAD TODAY,GUJGUJ/2010/31274,2010-03-08,Gujarati,Weekly,MANISHBHAI MOTIBHAI HARSIDDHIYA,MANISHBHAI MOTIBHAI HARSIDDHIYA,Gujarat,Ahmedabad
AMDAVAD TODAY,GUJGUJ/2011/40621,2012-02-06,Gujarati,Daily,MANISHBHAI MOTIBHAI HARSIDDHIYA,MANISHBHAI MOTIBHAI HARSIDDHIYA,Gujarat,Ahmedabad
AMDAVAD TRUTH FILE,GJGUJ/25/A3497,2025-10-27,Gujarati,Weekly,Limbachiya Munj Atulkumar,Malik Shaukathussain Babubhai,Gujarat,Ahmedabad
AMDAVADI CROWD,GJGUJ/26/A3397,2026-05-11,Gujarati,Fortnightly,Nahera Urmesh,Nahera Urmesh,Gujarat,Ahmedabad
AME BHAVNAGARI,54984,1994-10-19,Gujarati,Weekly,BAVANI NASIMBEN SALIMBHAI,BAVANI NASIMBEN SALIMBHAI,Gujarat,Bhavnagar
AME DHENKANALIA,ODIODI/2017/73889,2017-11-20,Oriya,Fortnightly,RAMA CHANDRA PATRA,RAMA CHANDRA PATRA,Odisha,Dhenkanal
AMEEN E SHARIAT,CHHHIN/2018/75924,2018-08-29,Hindi,Monthly,MOHAMMAD ASHRAF KHAN,MOHAMMAD ASHRAF KHAN,Chhattisgarh,Raipur
AMEEN E SHARIAT,UPURD/2017/72176,2017-06-08,Urdu,Quarterly,MOHAMMAD ASHRAF KHAN,MOHAMMAD ASHRAF KHAN,Uttar Pradesh,Bareilly
AMEENAMMA SAMAJA SANKSHEMA PATRIKA,APTEL/2018/75386,2018-06-01,Telugu,Monthly,D. CHANDRA SEKHAR,D CHANDRA SEKHAR,Andhra Pradesh,Anantapur
AMEER BHARAT,UPHIN/2017/71817,2017-05-19,Hindi,Daily,HAIDER HUSSAIN SWATANTRA PATRAKAR,HAIDER HUSSAIN SWATANTRA PATRAKAR,Uttar Pradesh,Lucknow
AMEER MULK,CHHHIN/2011/41735,2012-04-20,Hindi,Daily,KRANTI YADAV,KRANTI YADAV,Chhattisgarh,Raipur
AMEHI MAL,3726,1949-12-12,,Monthly,REV. FR. J.M. MANEZAR,DIOCESE OF MANGALORE,Karnataka,Dakshina Kannada
AMEIS CURRENT TRENDS IN DIAGNOSIS AND TREATMENT,DELENG/2018/76137,2019-04-03,English,Half Yearly,JITENDAR PAL VIJ,ACADEMY OF MEDICAL EVALUATORS AND INTERPRETERS,Delhi,New Delhi
AMERA NEWS,GUJGUJ/2022/83217,2023-01-23,Gujarati,Weekly,AMERA JAYDEEP MAHENDRA,AMERA JAYDEEP MAHENDRA,Gujarat,Mahesana
AMERICAN TIMES,UPURD/2009/29843,2009-11-30,Urdu,Daily,Shabana .,Shabana .,Uttar Pradesh,Lucknow
AMETHI AAINA,UPHIN/2008/25503,2008-09-05,Hindi,Daily,BADRI PAL SINGH,BADRI PAL SINGH,Uttar Pradesh,Amethi
AMETHI DEEP,UPHIN/2016/66756,2016-04-22,Hindi,Weekly,RAM SHIROMANI PANDEY,RAM SHIROMANI PANDEY,Uttar Pradesh,Amethi
AMETHI KA GAURAV,UPHIN/2007/24219,2008-05-30,Hindi,Weekly,AFZAL AHMED,AFZAL AHMED,Uttar Pradesh,Sultanpur
AMETHI KI BAAT,UPHIN/2007/20036,2007-06-06,Hindi,Weekly,SANJEEV TRIPATHI,SANJEEV TRIPATHI,Uttar Pradesh,Lucknow
AMETHI KI DAGAR,UPHIN/2016/68926,2016-10-19,Hindi,Daily,RINKAM GUPTA,RINKAM GUPTA,Uttar Pradesh,Lucknow
AMETHI KI DAGAR,UPHIN/2006/23111,2008-02-27,Hindi,Weekly,RINKAM GUPTA,RINKAM GUPTA,Uttar Pradesh,Lucknow
AMETHI KI SHAN,UPHIN/2014/61384,2015-04-20,Hindi,Weekly,REKHA TIWARI,REKHA TIWARI,Uttar Pradesh,Sultanpur
AMETHI PATHIK,UPHIN/2019/80819,2021-12-28,Hindi,Daily,ARJUN SHUKLA SAGAR,ARJUN SHUKLA SAGAR,Uttar Pradesh,Amethi
AMETHI SANDARSH,61432,1995-05-28,Hindi,Weekly,DR HARDAY RAM YADAV,DR HARDAY RAM YADAV,Delhi,New Delhi
AMETHI SANGHARSH,59670,1995-06-30,Hindi,Weekly,HRIDAY RAM YADAV,HRIDAY RAM YADAV,Uttar Pradesh,Lucknow
AMETHI SANGHARSH,59645,1994-12-15,Hindi,Weekly,DR. HRIDAY RAM YADAV,DR. HRIDAY RAM YADAV,Uttar Pradesh,Sultanpur
AMETHI SUMAN,UPHIN/2023/90431,2025-01-06,HINDI,Fortnightly,ANSHUMAN SINGH,ANSHUMAN SINGH,Uttar Pradesh,Amethi
AMHI BULDHANEKAR,MAHMAR/2023/89450,2024-10-10,MARATHI,Weekly,ADESH ASHOK KANDELKAR,ADESH ASHOK KANDELKAR,Maharashtra,Buldhana
AMHI SAARE GOSAVI,MAHMUL/2019/78429,2020-01-20,English,Monthly,RAVINDRA PATHARE,AKHIL GOSAVI SAMAJ VIKAS MAHAMANDAL,Maharashtra,Pune
AMHI VANJARI,MAHMAR/2016/75004,2018-03-07,Marathi,Monthly,DINESH PARSHURAM CHAKOR,DINESH PARSHURAM CHAKOR,Maharashtra,Mumbai
AMHI WACHAK,MAHMAR/2023/84185,2023-05-16,Marathi,Weekly,ANITA NITIN WANKHADE,ANITA NITIN WANKHADE,Maharashtra,Chhatrapati Sambhaji Nagar
AMI JITBOI BANDHU,WBBEN/2010/32497,2012-09-14,Bengali,Monthly,SANKAR CHAKRABORTY,SANKAR CHAKRABORTY,West Bengal,Maldah
AMIN,ASSHIN/2022/85209,2023-07-18,Hindi,Daily,MOHAMMAD NAUSHAD,MOHAMMAD NAUSHAD,Assam,Kamrup Metropolitan
AMIN,MHURD/26/A4489,2026-06-01,Urdu,Daily,MOHAMMAD NAUSHAD,MOHAMMAD NAUSHAD,Maharashtra,Mumbai Suburban
AMIN,BIHURD/2008/27826,2009-05-22,Urdu,Daily,MOHAMMAD NAUSHAD,MOHAMMAD NAUSHAD,Bihar,Patna
AMIN,TRENG/26/A1022,2026-02-11,English,Daily,MOHAMMAD NAUSHAD,MOHAMMAD NAUSHAD,Tripura,West Tripura
AMIN,KNENG/26/A5152,2026-06-15,English,Daily,MOHAMMAD NAUSHAD,MOHAMMAD NAUSHAD,Karnataka,Bengaluru
AMIN,BIHURD/2021/82237,2022-10-03,Urdu,Daily,MOHAMMAD NAUSHAD,MOHAMMAD NAUSHAD,Bihar,Madhubani
AMIN,BIHMUL/2011/42820,2012-06-13,"English, Urdu, Hindi",Daily,MOHAMMAD NAUSHAD,MOHAMMAD NAUSHAD,Bihar,Patna
AMIN,JHAURD/2022/85784,2023-11-20,Urdu,Daily,MOHAMMAD NAUSHAD,MOHAMMAD NAUSHAD,Jharkhand,Ranchi
AMIN,WBURD/25/A0959,2025-06-04,Urdu,Daily,MOHAMMAD NAUSHAD,MOHAMMAD NAUSHAD,West Bengal,Kolkata
AMIN,DELURD/2023/87405,2024-07-10,URDU,Daily,MOHAMMAD NAUSHAD,MOHAMMAD NAUSHAD,Delhi,New Delhi
AMIN,WBHIN/25/A0945,2025-06-04,Hindi,Daily,MOHAMMAD NAUSHAD,MOHAMMAD NAUSHAD,West Bengal,Kolkata
AMINIJIKARAI NEWS,TNTAM/2014/60654,2015-03-09,Tamil,Fortnightly,G. SHANTHA KUMAR,G. SHANTHA KUMAR,Tamil Nadu,Chennai
AMIR KHUSRO TIMES,UPHIN/2013/60087,2015-02-06,Hindi,Weekly,SARWAR HUSSAIN,SARWAR HUSSAIN,Uttar Pradesh,Gautam Buddha Nagar
AMIR KHUSRO TIMES,UPHIN/2021/84485,2023-05-26,Hindi,Weekly,NEHA MISHRA,SARWAR HUSSAIN,Uttar Pradesh,Ghaziabad
AMIR KHUSRO TIMES,68036,2005-12-12,Hindi,Weekly,MASHAT,SARWAR HUSSAIN,Uttar Pradesh,Etah
AMIT AKSHAR,RAJHIN/2023/88488,2024-08-13,HINDI,Daily,NEENA MISHRA,NEENA MISHRA,Rajasthan,Baran
AMIT CHHAP,UPHIN/2008/24704,2008-07-16,Hindi,Daily,UMA GUPTA,UMA GUPTA,Uttar Pradesh,Lucknow
AMIT DARSHAN,UPHIN/2002/07095,2002-07-04,Hindi,Weekly,AMIT KUMAR,AMIT KUMAR,Uttar Pradesh,Lucknow
AMIT KI SOCH,MPHIN/2015/64510,2015-10-28,Hindi,Quarterly,AMIT,AMIT,Madhya Pradesh,Bhopal
AMIT MAIL,63198,1996-02-14,Hindi,Weekly,HARISHANKAR SAINI,HARISHANKAR SAINI,Rajasthan,Pratapgarh
AMIT MAIL,UPHIN/2012/49093,2013-04-10,Hindi,Daily,HARI SHANKER SAINI,HARISANKAR SAINI,Uttar Pradesh,Pratapgarh
AMIT PRABHAT,UPENG/2014/58470,2014-11-26,English,Daily,Saima Khan,Saima Khan,Uttar Pradesh,Lucknow
AMIT PRAVAKTA,MPHIN/2016/67849,2016-07-15,Hindi,Monthly,PUSHPA BAI,PUSHPA BAI,Madhya Pradesh,Bhopal
AMIT REKHA,UPHIN/2016/70293,2017-02-01,Hindi,Daily,AMARNATH PANDEY,AMARNATH PANDEY,Uttar Pradesh,Kushinagar
AMIT REKHA,UPHIN/2007/23139,2008-03-04,Hindi,Weekly,AMARNATH PANDEY,AMARNATH PANDEY,Uttar Pradesh,Kushinagar
AMIT REPORTER,MPHIN/2010/34411,2010-11-23,Hindi,Monthly,AMIT KAUSHAL,AMIT KAUSHAL,Madhya Pradesh,Bhopal
AMIT SIYAHI,MPHIN/2016/70000,2017-01-17,Hindi,Weekly,SUFIYAN SIDDIQUI,SUFIYAN SIDDIQUI,Madhya Pradesh,Bhopal
AMIT VISHESH,MPHIN/2021/80308,2021-10-11,Hindi,Weekly,AMIT JOSHI,AMIT JOSHI,Madhya Pradesh,Bhopal
AMITRAJIT,MAHMAR/2008/25484,2014-04-22,Marathi,Monthly,PRASAD WAMAN SOHONI,MAHARASHTRA CHITPAVAN SANGH,Maharashtra,Pune
AMITY,9110,1963-10-10,English,Monthly,MATADIN GUPTA,INDIAN SOCIETY FOR CULTURAL COOPERATION AND FRIENDSHIP,Delhi,New Delhi
AMITY INTERNATIONAL JOURNAL OF LEGAL AND MULTIDISCIPLINARY STUDIES,UPENG/2017/74657,2018-02-13,English,Half Yearly,PROF. (DR.) SHEFALI RAIZADA,AMITY LAW SCHOOL NOIDA,Uttar Pradesh,Gautam Buddha Nagar
AMITY JOURNAL OF AGRIBUSINESS,UPENG/2017/72760,2017-07-26,English,Half Yearly,PROF. (DR.) RAMANJEET SINGH,AMITY DIRECTORATE OF MANAGEMENT & ALLIED AREAS(ADMAA),Uttar Pradesh,Gautam Buddha Nagar
AMITY JOURNAL OF COMMERCE AND FINANCIAL REVIEW,UPENG/2017/71967,2017-06-01,English,Half Yearly,DR. SUJATA KHANDAI,ACCF AMITY UNIVERSITY NOIDA,Uttar Pradesh,Gautam Buddha Nagar
AMITY JOURNAL OF COMPUTATIONAL SCIENCES,UPENG/2017/76007,2018-09-11,English,Half Yearly,ANISH GUPTA,AMITY SCHOOL OF ENGINEERING AND TECHNOLOGY,Uttar Pradesh,Gautam Buddha Nagar
AMITY JOURNAL OF CORPORATE GOVERNANCE,UPENG/2017/72670,2017-07-27,English,Half Yearly,PROF. (DR.) RAMANJEET SINGH,AMITY DIRECTORATE OF MANAGEMENT & ALLIED AREAS(ADMAA),Uttar Pradesh,Gautam Buddha Nagar
AMITY JOURNAL OF ECONOMICS,UPENG/2017/72669,2017-07-27,English,Half Yearly,PROF. (DR.) RAMANJEET SINGH,AMITY DIRECTORATE OF MANAGEMENT & ALLIED AREAS(ADMAA),Uttar Pradesh,Gautam Buddha Nagar
AMITY JOURNAL OF ENTREPRENEURSHIP,UPENG/2017/72672,2017-07-27,English,Half Yearly,PROF. (DR.) RAMANJEET SINGH,AMITY DIRECTORATE OF MANAGEMENT & ALLIED AREAS(ADMAA),Uttar Pradesh,Gautam Buddha Nagar
AMITY JOURNAL OF ENTREPRENEURSHIP AND LEADERSHIP,UPENG/2018/75647,2018-06-26,English,Half Yearly,PROF. (DR.) SANJEEV BANSAL,AMITY BUSINESS SCHOOL NOIDA,Uttar Pradesh,Gautam Buddha Nagar
AMITY JOURNAL OF FINANCE,UPENG/2017/72758,2017-07-26,English,Half Yearly,PROF. (DR.) RAMANJEET SINGH,AMITY DIRECTORATE OF MANAGEMENT & ALLIED AREAS(ADMAA),Uttar Pradesh,Gautam Buddha Nagar
AMITY JOURNAL OF HEALTHCARE MANAGEMENT,UPENG/2017/72667,2017-07-25,English,Half Yearly,PROF. (DR.) RAMANJEET SINGH,AMITY DIRECTORATE OF MANAGEMENT & ALLIED AREAS(ADMAA),Uttar Pradesh,Gautam Buddha Nagar
AMITY JOURNAL OF INSURANCE BANKING AND ACTUARIAL SCIENCE,UPENG/2018/74978,2018-03-05,English,Half Yearly,PROF. (DR.) NARINDER KUMAR BHASIN,"AMITY SCHOOL OF INSURANCE , BANKING AND ACTUARIAL SCIENCE",Uttar Pradesh,Gautam Buddha Nagar
AMITY JOURNAL OF MANAGEMENT RESEARCH,UPENG/2017/72759,2017-07-26,English,Half Yearly,PROF. (DR.) RAMANJEET SINGH,AMITY DIRECTORATE OF MANAGEMENT & ALLIED AREAS(ADMAA),Uttar Pradesh,Gautam Buddha Nagar
AMITY JOURNAL OF MARKETING,UPENG/2017/72665,2017-07-26,English,Half Yearly,PROF. (DR.) RAMANJEET SINGH,AMITY DIRECTORATE OF MANAGEMENT & ALLIED AREAS(ADMAA),Uttar Pradesh,Gautam Buddha Nagar
AMITY JOURNAL OF OPERATIONS MANAGEMENT,UPENG/2017/72671,2017-07-27,English,Half Yearly,PROF. (DR.) RAMANJEET SINGH,AMITY DIRECTORATE OF MANAGEMENT & ALLIED AREAS(ADMAA),Uttar Pradesh,Gautam Buddha Nagar
AMITY JOURNAL OF STRATEGIC MANAGEMENT,UPENG/2017/73551,2017-10-12,English,Half Yearly,HARJIT SINGH,AMITY SCHOOL OF BUSINESS,Uttar Pradesh,Gautam Buddha Nagar
AMITY JOURNAL OF TRAINING AND DEVELOPMENT,UPENG/2017/72668,2017-07-28,English,Half Yearly,PROF. (DR.) RAMANJEET SINGH,AMITY DIRECTORATE OF MANAGEMENT & ALLIED AREAS(ADMAA),Uttar Pradesh,Gautam Buddha Nagar
AMIYA PRABHAT,40308,2010-04-16,Hindi,Weekly,CHANDRA PRAKASH TRIPATHI,CHANDRA PRAKASH TRIPATHI,Uttar Pradesh,Kanpur Nagar
AMIYA TIMES,DELHIN/2011/44530,2012-08-08,Hindi,Monthly,RANJANA UPADHYAY,RANJANA UPADHYAY,Delhi,New Delhi
AMLAN,ODIBIL/2015/63928,2015-08-27,"English, Oriya",Weekly,RATNAMALI CHOUDHURY,RATNAMALI CHOUDHURY,Odisha,Khordha
AMMA,3064,1957-09-26,Malayalam,Monthly,VIRGIN,VIRGIN,Kerala,Ernakulam
AMMA,KARKAN/2019/77392,2019-05-21,Kannada,Monthly,R. RAJAGIRI PRADEEP,R. RAJAGIRI PRADEEP,Karnataka,Bengaluru
AMMA ARASU,TNTAM/2010/36481,2011-03-25,Tamil,Daily,B. SASIKALA,B. SASIKALA,Tamil Nadu,Salem
AMMA DUNIA HALCHAL,ORORI/25/A1392,2025-06-24,Oriya,Monthly,RAMESH CHANDRA PATRA,RAMESH CHANDRA PATRA,Odisha,Ganjam
AMMA EN THEIVAM,TNMUL/2022/86831,2024-04-09,"English, Tamil, Hindi",Weekly,M. RAVICHANDRABABU,M RAVICHANDRABABU,Tamil Nadu,Kancheepuram
AMMA EXPRESS,TNTAM/2015/65582,2016-01-12,Tamil,Weekly,M.KA.RAHUMAAN,M.KA.RAHUMAAN,Tamil Nadu,Coimbatore
AMMA KALINGA JAGARANA,ORORI/26/A0569,2026-01-21,Oriya,Annual,RAMESH CHANDRA PATRA,RAMESH CHANDRA PATRA,Odisha,Ganjam
AMMA NUDI,APTEL/2015/62362,2015-06-03,Telugu,Monthly,SAMALA LAKSHMANA BABU,SAMALA LAKSHMANA BABU,Andhra Pradesh,Guntur
AMMA PERAVAI,TNTAM/2010/33287,2013-08-26,Tamil,Fortnightly,SENTHIL KUMAR,SENTHIL KUMAR,Tamil Nadu,Chennai
AMMA SAI,TNTAM/2010/35007,2010-12-30,Tamil,Monthly,S.PRADEEP,S. PRADEEP,Tamil Nadu,Chennai
AMMAN DHARSANAM,53655,1992-01-07,Tamil,Monthly,MOHAN M. SREENIVAS,M/S. AMMAN DHARSANAM PUBLICATIONS PVT. LTD.,Tamil Nadu,Chennai
AMMAVIN KURAL,TNTAM/2018/75764,2018-07-26,Tamil,Fortnightly,AVADIKUMAR M.,AVADIKUMAR .M,Tamil Nadu,Thiruvallur
AMNE SAMNE SAMACHAR,GUJGUJ/2014/59489,2015-01-09,Gujarati,Weekly,JANAKSINH DHARAMSINH NAHERA,JANAKSINH DHARAMSINH NAHERA,Gujarat,Ahmedabad
AMOD TOOFAN,GJGUJ/25/A1242,2025-06-13,Gujarati,Fortnightly,PATEL SAHIL MAHMADSHAFIK,PATEL SAHIL MAHMADSHAFIK,Gujarat,Bharuch
AMODAM,TELTEL/2015/64369,2015-10-17,Telugu,Monthly,PERIKA KRISHNAIAH,PERIKA KRISHNAIAH,Telangana,Rangareddy
AMODAM,TELTEL/2020/87237,2024-05-09,Telugu,Daily,PERIKA KRISHNAIAH,PERIKA KRISHNAIAH,Telangana,Rangareddy
AMODH KESARI,RAJHIN/2013/50624,2013-07-02,Hindi,Fortnightly,OM SINGH,OM SINGH,Rajasthan,Jaipur
AMOGAVARSHA,KARKAN/2022/81690,2022-07-18,Kannada,Daily,H.K. MANJUNATH,H K MANJUNATH,Karnataka,Bengaluru Rural
AMOGH,19273,1970-04-01,Hindi,Weekly,H.L. BEDI,H.L. BEDI,Uttar Pradesh,Kanpur Nagar
AMOGH ILAJ,GUJGUJ/2007/59522,2015-01-12,Gujarati,Monthly,HEMANTBHAI MOTIBHAI RATHOD,HEMANTBHAI MOTIBHAI RATHOD,Gujarat,Surendranagar
AMOGH STAMBH,UPHIN/2021/87532,2024-06-12,HINDI,Fortnightly,VASUDHA BAHORAY,VASUDHA ENTERPRISES,Uttar Pradesh,Prayagraj
AMOGHA,24587,1974-02-23,Bengali,Weekly,ACARYA SHUBHABUDDYANANDA AVADHUTA,PROUTIST FORUM OF INDIA,West Bengal,Maldah
AMOGHA VANI,KARKAN/2016/71139,2017-04-21,Kannada,Daily,INDIRAMANI S.C,INDIRAMANI S C,Karnataka,Hassan
AMOGHVARTA,CHHBIL/2021/80395,2021-10-11,"English, HINDI",Quarterly,AJAY KUMAR AGRAWAL,ADITI PUBLICATION,Chhattisgarh,Raipur
AMOLAK,RAJHIN/2014/61481,2015-04-24,Hindi,Fortnightly,RAHUL SAMAR,RAHUL SAMAR,Rajasthan,Udaipur
AMOTHA TIME,59612,1994-11-29,Hindi,Weekly,MAYA SHANKAR TRIPATHI,MAYA SANKAR TRIPATHI,Uttar Pradesh,Basti
AMPIYAN SHINE,MPHIN/2010/35110,2011-01-04,Hindi,Monthly,YATINDRANATH RAHI YADAV,YATINDRANATH RAHI YADAV,Madhya Pradesh,Bhopal
AMRAAI CHIRAIYAA,MPHIN/25/A2026,2025-07-31,Hindi,Monthly,Ratnadeep Bhattacharya,Ratnadeep Bhattacharya,Madhya Pradesh,Indore
AMRAIWADI NEWS,GJGUJ/25/A0424,2025-05-23,Gujarati,Weekly,Panchal Alpesh Laxmikant,Panchal Alpesh Laxmikant,Gujarat,Ahmedabad
AMRAT BHUMI,MPHIN/2022/89995,2024-11-05,HINDI,Monthly,ATUL SAMADHIYA,ATUL SAMADHIYA,Madhya Pradesh,Bhopal
AMRAVATHI APURUPA,APTEL/2018/77464,2019-06-25,Telugu,Daily,MARUTHI RAO TONDEPU,MARUTHI RAO TONDEPU,Andhra Pradesh,Krishna
AMRAVATHI APURUPA,APTEL/2015/66289,2016-03-03,Telugu,Daily,MARUTHI RAO TONDEPU,MARUTHI RAO TONDEPU,Andhra Pradesh,Guntur
AMRAVATHI APURUPA,APTEL/2016/70045,2017-01-19,Telugu,Monthly,MARUTHI RAO TONDEPU,MARUTHI RAO TONDEPU,Andhra Pradesh,Guntur
AMRAVATHI HEADLINES,APTEL/2015/65063,2015-12-03,Telugu,Monthly,GOLLAPALLI RAJASEKHAR REDDY,GOLLAPALLI RAJASEKHAR REDDY,Andhra Pradesh,Anantapur
AMRAVATHI JYOTHI,APTEL/2016/74112,2017-12-12,Telugu,Daily,GURRAM ADINARAYANA,GURRAM ADINARAYANA,Andhra Pradesh,Prakasam
AMRAVATHI NEWS,APTEL/2016/68110,2016-08-06,Telugu,Daily,M. SIVA BHASKAR REDDY,M. SIVA BHASKAR REDDY,Andhra Pradesh,Guntur
AMRAVATHI NEWS,APTEL/2015/62896,2015-06-25,Telugu,Daily,M. SIVA BHASKAR REDDY,M. SIVA BHASKAR REDDY,Andhra Pradesh,Sri Potti Sriramulu Nellore
AMRAVATHI TELUGUSAMACHARA DINAPATRIKA,APTEL/2017/73738,2017-11-07,Telugu,Daily,M. OBILESU,M.OBILESU,Andhra Pradesh,Anantapur
AMRAVATI ADARSH,MAHHIN/2016/67059,2016-05-26,Hindi,Daily,SANTOSH UTTAMRAO BAGADE,SANTOSH UTTAMRAO BAGADE,Maharashtra,Amravati
AMRAVATI AKHBAR,MAHBIL/2012/45957,2012-10-26,Marathi,Weekly,RISHIKESH ANIL SHARMA,RISHIKESH ANIL SHARMA,Maharashtra,Amravati
AMRAVATI BAGBAN,MAHHIN/2012/46351,2012-11-12,Hindi,Daily,MOHD. ABID,MOHD. ABID S/O SK . ISMAIL,Maharashtra,Amravati
AMRAVATI BHUSHAN,MAHBIL/1991/05785,2001-06-04,"Marathi, Hindi",Weekly,SANJAY SHRIKRISHNARAO MAPLE,SANJAY SHRIKRISHNARAO MAPLE,Maharashtra,Amravati
AMRAVATI CHANAKYA,MAHHIN/2020/78871,2020-08-24,Hindi,Weekly,SANJAY PRALHAD AGRAWAL,SANJAY PRALHAD AGRAWAL,Maharashtra,Amravati
AMRAVATI CHANDIKA,MAHHIN/2020/79109,2020-12-03,Hindi,Daily,GAJANAN ANNASAHEB PATEKAR,GAJANAN ANNASAHEB PATEKAR,Maharashtra,Amravati
AMRAVATI CHAUFER,MAHMAR/1999/00926,2000-04-29,Marathi,Weekly,UTTAM M. BHELE,UTTAM M. BHELE,Maharashtra,Amravati
AMRAVATI CHAUFER,MAHMAR/2001/04881,2001-01-18,Marathi,Daily,UTTAM MOHANAJI BHELE,UTTAM MOHANAJI BHELE,Maharashtra,Amravati
AMRAVATI CHHAWA,MAHMAR/2015/61227,2015-04-13,Marathi,Weekly,AMBADAS SOPAN KACHOLE,AMBADAS SOPAN KACHOLE,Maharashtra,Amravati
AMRAVATI CITY,MAHMAR/2015/64318,2015-10-15,Marathi,Weekly,VIKRANT SURESH KHEDKAR,VIKRANT SURESH KHEDKAR,Maharashtra,Amravati
AMRAVATI CRIME,MAHBIL/2012/48213,2013-02-22,"Marathi, Hindi",Weekly,RAJESHRI RAMESH INGALE,RAJESHRI RAMESH INGALE,Maharashtra,Amravati
AMRAVATI DARSHAN,MAHMAR/2015/62667,2015-06-17,Marathi,Daily,PRAGATI GUNVANT DOIPHODE,PRAGATI GUNVANT DOIPHODE,Maharashtra,Amravati
AMRAVATI DARSHAN,MAHMAR/2006/18905,2011-09-05,Marathi,Daily,PRAGATI GUNVANT DOIPHODE,PRAGATI GUNVANT DOIPHODE,Maharashtra,Amravati
AMRAVATI DAUR,MHBIL/25/A0274,2025-05-19,"Marathi, Hindi",Weekly,DINESH DEVSARAN YADAV,DINESH DEVSARAN YADAV,Maharashtra,Amravati
AMRAVATI DE DANKA,MHMAR/26/A0650,2026-01-22,Marathi,Weekly,JAGDISH MAHADEVRAO GOWARDHAN,JAGDISH MAHADEVRAO GOWARDHAN,Maharashtra,Amravati
AMRAVATI EVENING,24219,1974-11-09,Marathi,Daily,MADHU ANIL BANG,MADHU ANIL BANG,Maharashtra,Amravati
AMRAVATI GATI,MAHBIL/2019/90789,2025-06-02,"Marathi, Hindi",Weekly,ABDUL RAFIK ABDUL RAZZAK,ABDUL RAFIK ABDUL RAZZAK,Maharashtra,Amravati
AMRAVATI HALCHAL,MAHBIL/2004/18028,2006-12-29,"Marathi, Hindi",Weekly,MUKHTAR AHMAD ABDUL GAFFAR,MUKHTAR AHMAD ABDUL GAFFAR,Maharashtra,Amravati
AMRAVATI JANWARTA,MAHMAR/2019/77588,2019-06-20,Marathi,Weekly,NAGESH RAMKRUSHNA UMBARKAR,NAGESH RAMKRUSHNA UMBARKAR,Maharashtra,Amravati
AMRAVATI KA UDAY,MAHHIN/2018/76062,2018-09-18,Hindi,Weekly,ABDUL WASIM ABDUL SALIM,ABDUL WASIM ABDUL SALIM,Maharashtra,Amravati
AMRAVATI KHABAR,MAHHIN/2010/36737,2011-04-15,Hindi,Daily,HARISH RAMRAKHYOMAL UDHWANI,HARISH RAMRAKHYOMAL UDHWANI,Maharashtra,Amravati
AMRAVATI KHULASA,MAHMAR/2016/70907,2017-04-26,Marathi,Weekly,LALIT PRAFFULSINGH CHAVHAN,LALIT PRAFFUL SINGH CHAVHAN,Maharashtra,Amravati
AMRAVATI KI AWAZ,TELURD/2017/72736,2017-07-26,Urdu,Daily,FAZALULLA KHAN,FAZALULLA KHAN,Telangana,Hyderabad
AMRAVATI KI KHABAR,MAHHIN/2014/56482,2014-08-09,Hindi,Weekly,HARISH RAMRAKHYOMAL UDHWANI,HARISH RAMRAKHYOMAL UDHWANI,Maharashtra,Amravati
AMRAVATI MAIL,59907,1995-03-13,Marathi,Daily,MOHAN V KALOTI,MOHAN V KALOTI,Maharashtra,Amravati
AMRAVATI MANDAL,MAHHIN/2005/25277,2008-08-14,Hindi,Daily,ANIL JUGALKISHOR AGRAWAL,ANIL JUGALKISHOR AGRAWAL,Maharashtra,Yavatmal
AMRAVATI MANDAL,MAHHIN/2003/25229,2008-08-14,Hindi,Daily,ANIL JUGALKISHOR AGRAWAL,ANIL JUGALKISHOR AGRAWAL,Maharashtra,Akola
AMRAVATI MANDAL,59872,2010-12-16,Hindi,Daily,ANIL JUGALKISHOR AGRAWAL,ANIL JUGALKISHOR AGRAWAL,Maharashtra,Amravati
AMRAVATI MIRROR,MHMAR/26/A4156,2026-05-22,Marathi,Daily,Mangesh Shankarrao Tayade,Mangesh Shankarrao Tayade,Maharashtra,Amravati
AMRAVATI MIRROR,MAHHIN/2017/71377,2017-04-28,Hindi,Weekly,MANGESH SHANKARRAO TAYADE,MANGESH SHANKARRAO TAYADE,Maharashtra,Amravati
AMRAVATI NAYA BHARAT,MAHBIL/2010/38054,2011-06-28,"Marathi, Hindi",Weekly,ASHOK SHALIGRAMJI MUNDHADA,ASHOK SHALIGRAMJI MUNDHADA,Maharashtra,Amravati
AMRAVATI NAYAK,MAHBIL/2021/79673,2021-04-01,"Marathi, Hindi",Weekly,RAJENDRA BABARAO FUKE,RAJENDRA BABARAO FUKE,Maharashtra,Amravati
AMRAVATI POST,MAHMAR/2014/58900,2014-12-12,Marathi,Weekly,SATISH SARANGDHAR HARNE,SATISH SARANGDHAR HARNE,Maharashtra,Amravati
AMRAVATI PRABHAT,MAHHIN/2012/45835,2012-10-19,Hindi,Daily,RASHAD ALI SHAUKAT ALI,RASHAD ALI SHAUKAT ALI,Maharashtra,Amravati
AMRAVATI PRATIBHA,MAHBIL/2017/72656,2017-07-26,BILINGUAL,Weekly,REKHA AJAY JOSHI,REKHA AJAY JOSHI DAYMA,Maharashtra,Amravati
AMRAVATI RANGMANCH,MHMAR/25/A2144,2025-08-08,Marathi,Weekly,ANIKET BHAURAO DAHATONDE,ANIKET BHAURAO DAHATONDE,Maharashtra,Amravati
AMRAVATI SACH,MAHBIL/2010/33752,2014-06-06,"Marathi, Hindi",Weekly,SHABANA SHAHIN SAYYAD ZAKIR,SHABANA SHAHIN SAYYAD ZAKIR,Maharashtra,Amravati
AMRAVATI SAKAL,66845,1997-08-10,"Marathi, Hindi",Weekly,WASUDEORAO NAMDEORAO DADAKE,WASUDEORAO NAMDEORAO DADAKE,Maharashtra,Amravati
AMRAVATI SANGRAM,MAHHIN/2013/49636,2013-05-13,Hindi,Weekly,AHMED SHAIKH NOOR,AHMED SHAIKH NOOR,Maharashtra,Amravati
AMRAVATI SANKALP,MAHMAR/2016/67159,2016-06-03,Marathi,Weekly,KUNAL SUNILRAO JADHAV,KUNAL SUNILRAO JADHAV,Maharashtra,Amravati
AMRAVATI SAVERA,MAHHIN/2012/42891,2012-06-13,Hindi,Daily,SAYYAD ZAKIR SAYYAD KHAIRUDDIN,SAYYAD ZAKIR SAYYAD KHAIRUDDIN,Maharashtra,Amravati
AMRAVATI SHOURYA,MAHMAR/2018/76496,2018-12-06,Marathi,Weekly,VIJAYA SANDEEP FUKATE,VIJAYA SANDEEP FUKATE,Maharashtra,Amravati
AMRAVATI TODAY,MAHHIN/2017/73955,2017-11-23,Hindi,Weekly,SYED ZAHED SYED ZAHIRULHASAN,SYED ZAHED SYED ZAHIRULHASAN,Maharashtra,Amravati
AMRAVATI VARTHA,APTEL/2015/65024,2015-12-01,Telugu,Monthly,PANDRAVADA NAGESWARA RAO,PANDRAVADA NAGESWARA RAO,Andhra Pradesh,Visakhapatnam
AMRAVATI VIJETA,MAHMAR/2008/25549,2014-04-21,Marathi,Weekly,TRIMBAK MADHAVRAO KAREGAONKAR,TRIMBAK MADHAVRAO KAREGAONKAR,Maharashtra,Amravati
AMRAVATI VRUTT,46998,1988-08-23,Marathi,Weekly,SAU JAYASHRI VIDYANAND RABADE,JAYASHRI VIDYANAND RABADE,Maharashtra,Amravati
AMRAVATI VRUTT DAKHAL,MAHMAR/2016/71498,2017-05-08,Marathi,Weekly,SUMIT RAMDASRAO RELE,SUMIT RAMDASRAO RELE,Maharashtra,Amravati
AMRAWATI MAIL,UTTHIN/2023/86388,2024-02-12,Hindi,Weekly,RAKESH SHARMA,RAKESH SHARMA,Uttarakhand,Dehradun
AMRELI BHASKAR,GUJGUJ/2016/68499,2016-09-05,Gujarati,Daily,JIGNESH KUMAR K. SHAH,D.B. CORP.LTD,Gujarat,Junagadh
AMRELI EXPRESS,GUJGUJ/2001/11803,2004-02-05,Gujarati,Daily,MANOJ H. RUPARLIYA,MANOJ H. EXPRESS,Gujarat,Amreli
AMRELI HERALD,70049,1999-02-22,Gujarati,Weekly,BHARAT KUMAR DEVRAJBHAI CHAUHAN,BHARAT KUMAR DEVRAJBHAI CHAUHAN,Gujarat,Amreli
AMRELI METRO,GUJGUJ/2017/73506,2017-10-16,Gujarati,Weekly,KHER KALPESHBHAI GUNVANTBHAI,KHER KALPESHBHAI GUNVANTBHAI,Gujarat,Amreli
AMRELI NI ASMITA,71762,2012-12-11,Gujarati,Weekly,SMITA NARENDRABHAI MALVI,SMITA NARENDRABHAI MALVI,Gujarat,Amreli
AMRELI NO AVAZ,GUJGUJ/2007/23417,2012-12-05,Gujarati,Weekly,NILESHKUMAR M. JANI,NILESHKUMAR M. JANI,Gujarat,Amreli
AMRELI PADAGHO,63587,1996-05-02,Gujarati,Weekly,MANSI DHARMENDRABHAI TRIVEDI,MANSI DHARMENDRA TRIVEDI,Gujarat,Amreli
AMRELI PLUS,72249,1999-11-29,Gujarati,Weekly,ATUL N. CHAUHAN,ATUL N. CHAUHAN,Gujarat,Amreli
AMRELI PRABHAT,GUJGUJ/2016/70746,2017-03-20,Gujarati,Weekly,VIJAY JORSANGBHAI BARAD,VIJAY JORSANGBHAI BARAD,Gujarat,Amreli
AMRELI-NI-HALCHAL,GUJGUJ/2001/04122,2001-07-10,Gujarati,Weekly,ATULKUMAR JAYANTILAL KARIYA,ATUL KUMAR JAYANTILAL KARIYA,Gujarat,Amreli
AMRESH DARPAN,UPENG/2016/70756,2017-03-20,English,Daily,SHAILENDRA KUMAR MISHRA,SHAILENDRA KUMAR MISHRA,Uttar Pradesh,Bara Banki
AMRESH DARPAN,UPURD/2016/70748,2017-03-20,Urdu,Daily,SHAILENDRA KUMAR MISHRA,SHAILENDRA KUMAR MISHRA,Uttar Pradesh,Bara Banki
AMRESH DARPAN,UPHIN/2012/43240,2012-06-22,Hindi,Daily,SHAILENDRA KUMAR MISHRA,SHAILENDRA KUMAR MISHRA,Uttar Pradesh,Bara Banki
AMRISH SAMACHAR BULATIN,60425,1995-01-02,Hindi,Daily,RAM KUMAR,RAM KUMAR,Uttar Pradesh,Muzaffarnagar
AMRIT,3540,1951-05-02,Hindi,Monthly,NAGENDRA NARAYAN SINHA,BIHAR HARIJAN SEWAK SANGH,Bihar,Patna
AMRIT ABHYUDAY,UPHIN/2014/60950,2015-03-26,Hindi,Weekly,MANJULA DWIVEDI,MANJULA DWIVEDI,Uttar Pradesh,Prayagraj
AMRIT ANAVARAN,MPHIN/2023/87416,2024-06-07,Hindi,Monthly,SHAREEN JAHAN,SHAREEN JANHA,Madhya Pradesh,Bhopal
AMRIT AVALOKAN,MPHIN/26/A5406,2026-06-22,Hindi,Quarterly,Anam shaikh,Anam shaikh,Madhya Pradesh,Bhopal
AMRIT BHARAT,HARHIN/2004/12289,2004-04-21,Hindi,Weekly,USHA BISHT,TEJAS PUBLICATIONS,Haryana,Faridabad
AMRIT BHOOMI,CHHHIN/2023/88225,2024-07-29,HINDI,Daily,RANA SIKANDER SINGH,RANA SIKANDER SINGH,Chhattisgarh,Raipur
AMRIT DARSHAN,MPHIN/2012/43555,2012-06-28,HINDI,Daily,D.P.GOYAL,D.P.GOYAL,Madhya Pradesh,Raisen
AMRIT DARSHAN,50259,1990-05-23,HINDI,Daily,D.P GOYAL,D.P GOYAL,Madhya Pradesh,Bhopal
AMRIT DARSHAN,MPHIN/2004/13927,2005-02-18,Hindi,Daily,DWARKA PRASAD GOYAL,DWARKA PRASAD GOYAL,Madhya Pradesh,Hoshangabad
AMRIT DEEP,RAJHIN/2011/44576,2012-08-08,Hindi,Fortnightly,KAVITA CHAUHAN,KAVITA CHAUHAN,Rajasthan,Bhilwara
AMRIT DHARA,HARHIN/2009/37177,2011-05-13,Hindi,Monthly,NEEL KAMAL,NEEL KAMAL,Haryana,Kaithal
AMRIT DHARA,UTTHIN/2013/61114,2015-04-07,Hindi,Monthly,NEEL KAMAL,NEEL KAMAL,Uttarakhand,Dehradun
AMRIT DHARA,HARHIN/2012/51240,2013-07-31,Hindi,Daily,NEEL KAMAL,NEEL KAMAL,Haryana,Karnal
AMRIT DHARA,DELHIN/2013/52162,2013-09-23,Hindi,Daily,NEEL KAMAL,NEEL KAMAL,Delhi,New Delhi
AMRIT DHARA,UTTHIN/2013/53881,2014-01-06,Hindi,Weekly,NEEL KAMAL,NEEL KAMAL,Uttarakhand,Dehradun
AMRIT DHARA,DELHIN/2012/46658,2012-11-30,Hindi,Monthly,NEELA KAMAL,NEEL KAMAL,Delhi,New Delhi
AMRIT DHARA,HARHIN/2008/28633,2013-06-26,Hindi,Weekly,NEEL KAMAL,NEEL KAMAL,Haryana,Kaithal
AMRIT DHARA,HPHIN/2013/50691,2013-07-09,Hindi,Monthly,NEEL KAMAL,NEEL KAMAL,Himachal Pradesh,Shimla
AMRIT DINKAR,MPHIN/2017/76780,2019-01-25,Hindi,Daily,RAM SHANKAR TIWARI,RAMSHANKAR TIWARI,Madhya Pradesh,Sagar
AMRIT EXPRESS,UPHIN/2009/28032,2009-06-12,Hindi,Weekly,DHIRENDRA KUMAR VERMA,DHIRENDRA KUMAR VERMA,Uttar Pradesh,Lucknow
AMRIT GAGAR,MPHIN/2016/68563,2016-09-06,Hindi,Monthly,RISHABH NAHTA,RISHABH NAHTA,Madhya Pradesh,Bhopal
AMRIT GANGA,UTTHIN/2010/36803,2011-05-27,Hindi,Daily,GURPREET SINGH KALRA,GURPREET SINGH KALRA,Uttarakhand,Haridwar
AMRIT GANGA,UTTHIN/2011/36370,2011-03-23,Hindi,Weekly,GURPREET SINGH KALRA,GURPREET SINGH KALRA,Uttarakhand,Nainital
AMRIT GANGA,UTTHIN/2011/39722,2011-11-22,Hindi,Weekly,GURPREET SINGH KALRA,GURPREET SINGH KALRA,Uttarakhand,Dehradun
AMRIT GANGA,UTTHIN/2005/16025,2006-01-24,Hindi,Weekly,GURPREET SINGH KALRA,GURPREET SINGH KALRA,Uttarakhand,Haridwar
AMRIT GANGA,UTTHIN/2013/49280,2013-04-18,Hindi,Daily,GURPREET SINGH KALRA,GURPREET SINGH KALRA,Uttarakhand,Nainital
AMRIT GANGA,UTTHIN/2012/41408,2012-04-04,Hindi,Fortnightly,GURPREET SINGH KALRA,GURPREET SINGH KALRA,Uttarakhand,Nainital
AMRIT GARIMA,62048,2005-12-12,Hindi,Daily,ANITA CHAJJAD,SMT ANITA CHHAJED,Delhi,New Delhi
AMRIT GEETA VAISHNAV BHARAT,UPHIN/25/A3524,2025-10-28,Hindi,Monthly,PAWAN PATHAK,PAWAN PATHAK,Uttar Pradesh,Lucknow
AMRIT INDIA,49267,2013-01-01,Hindi,Daily,AMRIT JAIN,AMRIT JAIN,Delhi,New Delhi
AMRIT INDIA,RAJHIN/2004/12833,2004-06-24,Hindi,Daily,AMRIT JAIN,AMRIT JAIN,Rajasthan,Jaipur
AMRIT INDIA,MPHIN/2006/20046,2007-06-08,Hindi,Daily,AMRIT JAIN,AMRIT JAIN,Madhya Pradesh,Gwalior
AMRIT KAAL,UPHIN/2023/87278,2024-05-14,Hindi,Daily,AJAY MISHRA,AJAY MISHRA,Uttar Pradesh,Prayagraj
AMRIT KALASH,MAHMAR/2002/09387,2003-03-20,Marathi,Daily,ASWAD AJIT MHATRE,ASWAD AJIT MHATRE,Maharashtra,Thane
AMRIT KALASH,MAHMAR/2012/44170,2012-07-20,Marathi,Daily,ASWAD AJIT MHATRE,ASWAD AJIT MHATRE,Maharashtra,Mumbai
AMRIT KALASH,MPHIN/1999/00587,2000-03-15,Hindi,Daily,HEMRAJ SAHU,HEMRAJ SHAHU,Madhya Pradesh,Bhopal
AMRIT KALASH TIMES,UPHIN/2007/22706,2008-01-24,Hindi,Daily,SIDDHNATH DWIVEDI,SIDDHNATH DWIVEDI,Uttar Pradesh,Prayagraj
AMRIT KESARI,50138,1987-12-28,Hindi,Weekly,R.P. TRIPATHI,R.P. TRIPATHI,Madhya Pradesh,Bhopal
AMRIT KIRTAN,46788,1990-01-30,English,Monthly,JAGIR SINGH,AMRIT KIRTAN TRUST,Chandigarh,Chandigarh
AMRIT KUMBH,MAHMAR/2007/21914,2007-11-26,Marathi,Bimonthly (Once in two months),B. K. GODAVARI,PRAJAPITA BRAHMAKUMARIS ISHWARIYA VISHWA VIDYALAYA,Maharashtra,Thane
AMRIT KUMBH SHUBHPRABHAT,MPHIN/2009/36070,2011-03-10,HINDI,Daily,ANANT PATWA,ANANT PATWA,Madhya Pradesh,Neemuch
AMRIT LOK,MPHIN/26/A3636,2026-05-13,Hindi,Daily,Shailendra Kulmi,Shailendra Kulmi,Madhya Pradesh,Ujjain
AMRIT MANTHAN,GUJHIN/2000/02812,2001-01-29,Hindi,Weekly,R.R. SHUKLA,RAMESHCHANDRA R.SHUK,Gujarat,Ahmedabad
AMRIT MASHAL,MPHIN/2023/84951,2023-06-09,Hindi,Monthly,ADIL SHEIKH,ADIL SHEIKH,Madhya Pradesh,Bhopal
AMRIT NIDHI,67997,1998-03-31,Hindi,Monthly,DR. MOHAN MURARI GUPTA,DR. MOHAN MURARI GUPTA,Madhya Pradesh,Bhopal
AMRIT PRABAH,ASSASS/2014/64471,2015-10-27,Assamese,Weekly,HIREN CHANDRA KALITA,HIREN CHANDRA KALITA,Assam,Kamrup Metropolitan
AMRIT PRABHA,WBBEN/2023/87557,2024-06-19,BENGALI,Fortnightly,JAGDISH YADAV,ABHAY NEWS & BROADCASTING PRIVATE LIMITED,West Bengal,South 24 Parganas
AMRIT PRABHAT,29321,1977-12-07,Hindi,Daily,PRAKASH KUMAR GHOSH,ALLAHABAD PATRIKA (P) LTD.,Uttar Pradesh,Prayagraj
AMRIT PRAKASH,UTTPUN/2015/65220,2015-12-11,Punjabi,Daily,DEEPAK SABHARWAL,DEEPAK SABHARWAL,Uttarakhand,Dehradun
AMRIT PRAKASH,DELPUN/2013/51370,2013-08-12,Punjabi,Daily,DEEPAK SABHARWAL,DEEPAK SABHARWAL,Delhi,New Delhi
AMRIT PRASARAN,JKHIN/25/A2922,2025-09-30,Hindi,Daily,Gurpreet Kour,Gurpreet Kour,Jammu and Kashmir,Poonch
AMRIT PRAVAH,UPHIN/26/A3559,2026-05-13,Hindi,Monthly,SANJEEV KUMAR PAHWA,SANJEEV KUMAR PAHWA,Uttar Pradesh,Lucknow
AMRIT PRAVAH,43319,1986-12-11,Hindi,Weekly,SANJIV KUMAR,SANJIV KUMAR,Uttar Pradesh,Lakhimpur Kheri
AMRIT RAJASTHAN,58004,1996-05-30,Hindi,Weekly,PANNA LAL SHARMA,PANNALAL SHARMA,Rajasthan,Jaipur
AMRIT SADAN,UPHIN/26/A2182,2026-04-02,Hindi,Daily,Abhishek Singh,Abhishek Singh,Uttar Pradesh,Lucknow
AMRIT SAGAR,ANDENG/2009/28184,2009-07-02,English,Monthly,A.K. DUTTA,A.K. DUTTA,Andaman & Nicobar Islands,South Andaman
AMRIT SAMACHAR,MPHIN/2006/19053,2007-04-11,Hindi,Monthly,YOGESH GOYAL,YOGESH GOYAL,Madhya Pradesh,Bhopal
AMRIT SANDESH,CHHHIN/2000/02780,2001-01-19,Hindi,Daily,GIRISH KUMAR VORA,PRAGATI PRAKASHAN PRIVATE LIMITED,Chhattisgarh,Bilaspur
AMRIT SANDESH,38509,1984-08-06,Hindi,Daily,GIRISH KUMAR VORA,PRAGATI PRAKASHAN PVT LTD,Chhattisgarh,Raipur
AMRIT SANSAR,MPHIN/2015/65749,2016-01-22,Hindi,Weekly,GAURI GYANCHANDANI,GAURI GYANCHANDANI,Madhya Pradesh,Bhopal
AMRIT SANVAD,UPHIN/2021/84136,2023-05-08,Hindi,Daily,Shiva Awasthi,Shiva Awasthi,Uttar Pradesh,Prayagraj
AMRIT SANVAD,UPHIN/2016/71956,2017-05-23,Hindi,Daily,Shiva Awasthi,Shiva Awasthi,Uttar Pradesh,Lucknow
AMRIT SAROVAR,CHHHIN/2006/21141,2007-09-21,Hindi,Fortnightly,VISHNU PRASAD MISHRA,VISHNU PRASAD MISHRA,Chhattisgarh,Rajnandgaon
AMRIT SATTA,51062,1990-05-22,Hindi,Weekly,,,,
AMRIT SAVERA,UPHIN/2019/78452,2020-02-10,Hindi,Daily,RAJESH KUMAR,RAJESH KUMAR,Uttar Pradesh,Hardoi
AMRIT SAVERA,UPHIN/2022/83041,2023-01-11,Hindi,Daily,RAJESH KUMAR,RAJESH KUMAR,Uttar Pradesh,Lucknow
AMRIT SHIVA,RAJHIN/2009/31413,2010-03-17,Hindi,Monthly,DEVENDRA MAKKAD,DEVENDRA MAKKAD,Rajasthan,Jaipur
AMRIT SIDDHI,MPHIN/2009/29732,2012-07-14,Hindi,Fortnightly,SUNIL SANGHVI,SUNIL SANGHVI,Madhya Pradesh,Ratlam
AMRIT TIMES,UTTPUN/2012/46629,2012-11-27,Punjabi,Weekly,AMRITA KAUR SONDHI,AMRITA KAUR SONDHI,Uttarakhand,Dehradun
AMRIT TODAY,MPHIN/2015/67845,2016-07-15,Hindi,Monthly,D.P. GOYAL,D.P.GOYAL,Madhya Pradesh,Bhopal
AMRIT TULYA NEWS,CTHIN/26/A0429,2026-01-16,Hindi,Monthly,DEVANAND PATEL,DEVANAND PATEL,Chhattisgarh,Raigarh
AMRIT VAN,35388,2005-12-12,Hindi,Daily,RAJESH KUMAR SHUKLA,RAM NIRANJAN BHAGWAT SMRUTI SEWA SANSTHAN,Uttar Pradesh,Pratapgarh
AMRIT VANI,DELHIN/2004/17631,2010-10-05,Hindi,Monthly,KIRAN ANAND,KIRAN ANAND,Delhi,New Delhi
AMRIT VARSHA,66816,1997-03-10,Hindi,Daily,PARAS NATH TIWARI,PARAS NATH TIWARI,Bihar,Patna
AMRIT VARSHA,38746,1981-05-21,Hindi,Daily,PARAS NATH TIWARI,PARAS NATH TIWARI,Jharkhand,Bokaro
AMRIT VARSHA,44420,1987-01-05,Hindi,Daily,PARAS NATH TIWARI,PARAS NATH TIWARI,Bihar,Patna
AMRIT VARSHA,UPHIN/2012/47169,2012-12-28,Hindi,Daily,PARAS NATH TIWARI,PARAS NATH TIWARI,Uttar Pradesh,Gautam Buddha Nagar
AMRIT VARSHA(EVENING),DELHIN/2003/10806,2003-09-23,Hindi,Daily,PARAS NATH TIWARI,PARAS NATH TIWARI,Delhi,New Delhi
AMRIT VARSHA(MORNING),DELHIN/2003/10805,2003-09-23,Hindi,Daily,PARAS NATH TIWARI,PARAS NATH TIWARI,Delhi,New Delhi
AMRIT VICHAR,UPHIN/2019/78502,2020-03-02,HINDI,Daily,Hari Om Gupta,ROHILKHAND ENTERPRISES,Uttar Pradesh,Bareilly
AMRIT VICHAR,UPHIN/2020/79034,2020-11-09,HINDI,Daily,HARI OM GUPTA,ROHILKHAND ENTERPRISES,Uttar Pradesh,Moradabad
AMRIT VICHAR,UPHIN/2022/85730,2023-11-13,HINDI,Daily,TRINATH SHUKLA,ROHILKHAND ENTERPRISES,Uttar Pradesh,Kanpur Nagar
AMRIT VICHAR,50986,1990-02-28,HINDI,Daily,TRINATH SHUKLA,ROHILKHAND ENTERPRISES,Uttar Pradesh,Lucknow
AMRIT VICHAR,UTTHIN/2021/79698,2021-03-24,HINDI,Daily,Hari Om Gupta,ROHILKHAND ENTERPRISES,Uttarakhand,Nainital
AMRIT VICHAR,UPHIN/2022/84450,2023-05-24,HINDI,Daily,TRINATH SHUKLA,ROHILKHAND ENTERPRISES,Uttar Pradesh,Ayodhya
AMRIT VICHAR MANTHAN,UPHIN/2009/29666,2009-11-20,Hindi,Weekly,VIRENDRA KUMAR SAINI,VIRENDRA KUMAR SAINI,Uttar Pradesh,Bara Banki
AMRIT VICHAR MANTHAN,61693,1995-02-09,Hindi,Weekly,VIRENDER KUMAR SAINI,VIRENDRA KUMAR SAINI,Uttar Pradesh,Lucknow
AMRIT VICHAR MANTHAN,UPHIN/2008/26710,2009-01-05,Hindi,Daily,VIRENDRA KUMAR SAINI,VIRENDRA KUMAR SAINI,Uttar Pradesh,Lucknow
AMRITA DHARA,WBBEN/2002/07055,2002-07-02,Bengali,Daily,GUNAMOY CHAKRABORTY,GUNAMOY CHAKRABORTY,West Bengal,Bankura
AMRITA TIMES EXPRESS,MPHIN/26/A2305,2026-04-08,Hindi,Weekly,SEEMA BHILALA,SEEMA BHILALA,Madhya Pradesh,Harda
AMRITANAD,WBBEN/2015/64074,2015-09-07,Bengali,Fortnightly,ANANTA CHAKRABORTY,ANANTA CHAKRABORTY,West Bengal,North 24 Parganas
AMRITANJALI,25028,1973-03-26,Hindi,Fortnightly,GEETA MISHRA,GEETA MISHRA,Uttar Pradesh,Lucknow
AMRITASHYYA PUTRA,WBMUL/2007/23611,2008-04-11,"English, Bengali, Hindi",Monthly,PROVAT KUMAR CHAKRABORTY,YOGIRAJ SHYAMACHARAN SANATAN MISSION,West Bengal,North 24 Parganas
AMRITSAR BANI,PUNPUN/2010/31651,2010-03-30,Punjabi,Daily,AMIT CHOPRA,PUNJAB KESARI PUBLISHING HOUSE PVT. LTD,Punjab,Jalandhar
AMRITSAR BULLETIN,MPBIL/2017/74863,2018-02-22,"Hindi, Punjabi",Monthly,RANDEEP SINGH KOHLI,RANDEEP SINGH KOHLI,Madhya Pradesh,Indore
AMRITSAR CALLING,PUNHIN/2022/86482,2024-02-16,Hindi,Monthly,ANIL KUMAR SHARMA,ANIL KUMAR SHARMA,Punjab,Amritsar
AMRITSAR CITY CIRCLE,51174,1994-11-10,Hindi,Monthly,ANITA SAREEN,ANITA SAREEN,Punjab,Amritsar
AMRITSAR KESARI,PUNHIN/2010/31705,2010-04-01,Hindi,Daily,AMIT CHOPRA,PUNJAB KESARI PUBLISHING HOUSE PVT. LTD,Punjab,Jalandhar
AMRITSAR PRODUCTIVITY COUNCIL NEWSLETTER,10080,1963-01-01,English,Other,INDERJIT S. SUD,AMRITSAR PRODUCTIVITY COUNCIL,Punjab,Amritsar
AMRITSAR TIMES,30695,1977-11-09,English,,RAJ CHAWLA,RANI CHAWLA & SUBHASH CHAWLA,Punjab,Amritsar
AMRITTULYA VARUNI,UPHIN/26/A0843,2026-01-30,Hindi,Monthly,Shubham Tiwari,Shubham Tiwari,Uttar Pradesh,Lucknow
AMRITVARTA PATRIKA,WBGUJ/2014/60317,2015-02-19,Gujarati,Daily,GAURANG DAS AGARWAL,GAURANG DAS AGARWAL,West Bengal,Kolkata
AMROHANAMA,UPBIL/2021/80847,2021-12-27,"Hindi, Urdu",Weekly,AZIM ABBAS,AZIM ABBAS,Uttar Pradesh,Amroha
AMRUDHA,TNTAM/2006/17955,2006-12-20,Tamil,Monthly,DR PRABHU THILAAK,DR PRABHU THILAAK,Tamil Nadu,Chennai
AMRUT DARPANA,KARKAN/2018/77357,2019-05-13,Kannada,Daily,ASHA BILAGI,ASHA BILAGI,Karnataka,Bagalkot
AMRUT NEWS,GJGUJ/25/A2494,2025-09-11,Gujarati,Fortnightly,MALEK NAJIMHUSEN,MALEK NAJIMHUSEN,Gujarat,Kheda
AMRUT SAGAR,GUJGUJ/2012/48748,2013-03-21,Gujarati,Weekly,PRAKASHBHAI AMRATBHAI OD,PRAKASH BHAI AMARATBHAI OD,Gujarat,Banaskantha
AMRUT SAMWAD,64425,2012-06-15,Hindi,Weekly,AMIT KUMAR PANDEY,AMIT KUMAR PANDEY,Uttar Pradesh,Gorakhpur
AMRUT VEL,MHMAR/25/A2962,2025-09-30,Marathi,Weekly,SUNIL EKNATH PATIL,SUNIL EKNATH PATIL,Maharashtra,Sangli
AMRUTA DARSHAN,ODIODI/2009/30352,2010-02-08,Oriya,Monthly,SANGRAM ACHARYA,SANGRAM ACHARYA,Odisha,Bhadrak
AMRUTA DHARA,ODIODI/2015/65853,2016-02-01,Oriya,Quarterly,HARIHAR SETHY,HARIHAR SETHY,Odisha,Cuttack
AMRUTA SAGARA,KARKAN/2017/73121,2017-08-31,Kannada,Monthly,RENUKANANDA SWAMIJI,RENUKANANDA SWAMIJI,Karnataka,Shimoga
AMRUTA SINDHU,APTEL/2021/80265,2021-10-05,Telugu,Monthly,MALLESWARI,MALLESWARI,Andhra Pradesh,Kurnool
AMRUTAYANA,41048,2005-12-12,Oriya,Monthly,GITA HOTA,AMRUTAYANA  REGISTERED SOCIETY,Odisha,Khordha
AMRUTH TALANGANA,TGTEL/25/A1907,2025-07-23,Telugu,Daily,Singidi Amruth,Singidi Amruth,Telangana,Adilabad
AMRUTHA AKSHARAM,APTEL/2014/58685,2014-12-03,Telugu,Monthly,KOTHARAREDDY SAINATHA REDDY,K. SAINATHA REDDY,Andhra Pradesh,Anantapur
AMRUTHA GALIGE,KARKAN/2012/49250,2013-04-17,Kannada,Daily,NAGARAJA.H.L,NAGARAJA.H.L,Karnataka,Kolar
AMRUTHA GHALIGE,KNKAN/25/A5324,2025-12-19,Kannada,Daily,V K Bhanu Prakash,V K Bhanu Prakash,Karnataka,Bengaluru
AMRUTHA PARVA,KARKAN/2019/78088,2019-10-30,Kannada,Monthly,GOVINDARAJU A.V.,GOVINDARAJU.A.V.,Karnataka,Bengaluru
AMRUTHA PRAKASHA,KARKAN/2014/57712,2014-10-13,Kannada,Monthly,MALATHI SHETTY MANOOR,MALATHI SHETTY MANOOR,Karnataka,Dakshina Kannada
AMRUTHA VAAHINI,KARKAN/2007/21108,2013-01-18,Kannada,Monthly,B.C. SATISH,B.C. SATISH,Karnataka,Bengaluru
AMRUTHA VAKKU,APTEL/2014/56508,2014-08-13,Telugu,Monthly,PRAGADA RAJU,PRAGADA RAJU,Andhra Pradesh,Visakhapatnam
AMRUTHAVANI,69625,1998-12-31,Kannada,Daily,GANGAHANUMAIAH,GANGAHANUMAIAH,Karnataka,Tumkur
AMU JOURNAL OF LANGUAGE AND MEDIA DISCOURSE,UPENG/2019/77935,2019-08-30,English,Half Yearly,MOHAMMAD JAHANGEER WARSI,"DEPARTMENT OF LINGUISTICS, ALIGARH MUSLIM UNIVERSITY,ALIGARH",Uttar Pradesh,Aligarh
AMUCHA GAV,39865,1983-01-25,Marathi,Weekly,NAVAL ANANDA PATIL,NAVAL ANANDA PATIL,Maharashtra,Dhule
AMUDAM,TNTAM/2004/12794,2004-06-21,Tamil,Monthly,G.ALDRIN BRITTO,G.ALDRIN BRITTO,Tamil Nadu,Kanniyakumari
AMUDASURABI,1471,1957-03-04,Tamil,Monthly,P. S. SWAMINATHAN,P. S. SWAMINATHAN AND S. VEMBU,Tamil Nadu,Chennai
AMULY SEVAK,GUJMUL/2020/79379,2021-02-15,"English, Gujarati, Hindi",Monthly,ARUNBHAI MANSUKHLAL PARMAR,ARUNBHAI MANSUKHLAL PARMAR,Gujarat,Surat
AMULY URJA,MPHIN/2021/85259,2023-08-04,Hindi,Quarterly,SHAISTA ALI,SHAISTA ALI,Madhya Pradesh,Bhopal
AMULYA BHARAT,UPHIN/2024/91060,2025-07-16,Hindi,Monthly,ASHUTOSH MISHRA,ASHUTOSH MISHRA,Uttar Pradesh,Lucknow
AMULYA BHARAT,UPHIN/2023/89576,2024-10-14,HINDI,Daily,ASHUTOSH MISHRA,ASHUTOSH MISHRA,Uttar Pradesh,Lucknow
AMULYA GUJARAT,GUJGUJ/2015/65771,2016-01-22,Gujarati,Weekly,MAHESHBHAI KIKUBHAI PATEL,MAHESHBHAI KIKUBHAI PATEL,Gujarat,Surat
AMULYA KHABR SANGRAH,MPHIN/2021/80060,2021-08-24,Hindi,Weekly,RAHUL GAUTAM,RAHUL GAUTAM,Madhya Pradesh,Gwalior
AMULYA TODAY,MPHIN/2015/71106,2017-04-11,Hindi,Weekly,SHARMILA,SHARMILA,Madhya Pradesh,Bhopal
AMULYA TODAY,MPHIN/2019/80063,2021-08-24,Hindi,Monthly,SHARMILA,SHARMILA,Madhya Pradesh,Bhopal
AMULYA VANI,KARBIL/2022/82442,2022-10-21,"English, Kannada",Daily,JAMES,JAMES,Karnataka,Bengaluru
AMULYA VICHAR,APTEL/2022/81542,2022-06-03,Telugu,Monthly,K SUDHA,K SUDHA,Andhra Pradesh,Kurnool
AMULYA VICHAR,MAHMAR/2015/62816,2015-06-22,Marathi,Weekly,ROSHAN MAHADEO WAKDE,ROSHAN MAHADEO WAKDE,Maharashtra,Chandrapur
AMULYA VISHWA,GJGUJ/25/A0362,2025-05-22,Gujarati,Weekly,PATEL VISHWA MAHESHBHAI,PATEL VISHWA MAHESHBHAI,Gujarat,Surat
AMUTHAM REPORTER,TNTAM/2015/66513,2016-03-26,Tamil,Monthly,M. RAMESH,M. RAMESH,Tamil Nadu,Kancheepuram
AN ASIAN JOURNAL OF SOIL SCIENCE,UPENG/2006/17699,2006-11-27,English,Half Yearly,RAKESH KUMAR SINGH,RAKESH KUMAR SINGH,Uttar Pradesh,Muzaffarnagar
AN INDIAN REPORT,APTEL/2010/35061,2011-01-04,Telugu,Monthly,PUVVALA SARATCHANDRA BABU,PUVVALA SARATHCHANDRA BABU,Andhra Pradesh,Sri Potti Sriramulu Nellore
AN INTERNATIONAL JOURNAL CLINICAL RHINOLOGY (JBMP),DELENG/2018/75984,2018-09-10,English,Four Monthly,JITENDAR PAL VIJ,M/S JAYPEE BROTHERS MEDICAL PUBLISHERS PVT. LTD.,Delhi,New Delhi
AN INTERNATIONAL JOURNAL OF OTORHINOLARYNGOLOGY CLINICS JBMP,DELENG/2017/74595,2018-02-09,English,Four Monthly,JITENDAR PAL VIJ,JAYPEE BROTHERS MEDICAL PUBLISHERS PVT. LTD.,Delhi,New Delhi
ANAABIL SHISHU KISHORE PATRIKA,WBBEN/26/A1782,2026-03-20,Bengali,Four Monthly,Durba Ganguly,Durba Ganguly,West Bengal,Kolkata
ANAADI MIRROR,CHHHIN/2023/87455,2024-06-10,Hindi,Daily,BIMLENDRA TIWARI,BIMLENDRA TIWARI,Chhattisgarh,Raipur
ANAAM AALEKH SEWA,MPHIN/2010/33304,2010-08-16,Hindi,Monthly,CHANDRAHAS SHUKLA,CHANDRAHAS SHUKLA,Madhya Pradesh,Bhopal
ANABIA HIND,MPHIN/26/A5719,2026-07-07,HINDI,Quarterly,yasir beg,yasir beg,Madhya Pradesh,Bhopal
ANABIA HIND,MPHIN/2023/90082,2024-11-12,HINDI,Monthly,YASIR BEG,YASIR BEG,Madhya Pradesh,Bhopal
ANABJA KI DASTA,MPHIN/2016/66110,2016-02-10,Hindi,Monthly,AAMIR ULLA,AAMIR ULLA,Madhya Pradesh,Bhopal
ANAD MAHASAGAR,MAHMAR/2021/80208,2021-09-15,Marathi,Weekly,NOORJAHA HUSSAIN QURESHI,NOORJAHA HUSSAIN QURESHI,Maharashtra,Palghar
ANADHI BHARAT,UPHIN/2023/84377,2023-05-19,Hindi,Daily,NEELAM SHUKLA,NEELAM SHUKLA,Uttar Pradesh,Fatehpur
ANADI SANATAN,MPHIN/26/A3864,2026-05-18,Hindi,Weekly,Suresh Jaiswal,Suresh Jaiswal,Madhya Pradesh,Dewas
ANAGHA,MPHIN/2017/72590,2017-07-28,Hindi,Monthly,JEETENDRA,JEETENDRA,Madhya Pradesh,Bhopal
ANAHAT,MAHMAR/2015/65830,2016-02-01,Marathi,Monthly,KHALE SANDEEP VASANT,KHALE SANDEEP VASANT,Maharashtra,Pune
ANAHUTI,ODIODI/2005/16678,2006-05-30,Oriya,Monthly,MAMATA LENKA,MAMATA LENKA,Odisha,Sundargarh
ANAIKKUM KARANKAL,TNTAM/26/A4429,2026-06-01,Tamil,Monthly,S.T. Noah,S.T. Noah,Tamil Nadu,Madurai
ANAITHU KOSTTURAVOO OOZHIYAR,70495,1999-04-16,Tamil,Monthly,F ANTHONY MUTHU XAVIER,KANYAKUMARI DIST ALL CO-OPERATIVE INSTITUTIONS EMPLOYEES UNION,Tamil Nadu,Kanniyakumari
ANAIYA VENMANI,TNTAM/2011/40520,2012-01-27,Tamil,Quarterly,K. NAGARAJAN,K. NAGARAJAN,Tamil Nadu,Chennai
ANAKAPALLI TODAY,APTEL/2023/87600,2024-06-20,TELUGU,Daily,NAMMI SRINU,NAMMI SRINU,Andhra Pradesh,Visakhapatnam
ANAKH PUNJAB DI,PUNPUN/2001/04344,2001-07-15,Punjabi,Weekly,KULJIT SINGH,KULJIT SINGH,Punjab,Hoshiarpur
ANAKRANTA,MPHIN/25/A4557,2025-12-02,Hindi,Fortnightly,Rukhsar,Rukhsar,Madhya Pradesh,Bhopal
ANAKRANTA,MPHIN/2021/79914,2021-07-05,Hindi,Monthly,RUKHSAR,RUKHSAR,Madhya Pradesh,Bhopal
ANALYSIS SOORYANETRA,APTEL/2006/17229,2013-02-14,Telugu,Quarterly,BANDLA SURYANARAYANA,BANDLA SURYANARAYANA,Telangana,Warangal
ANALYTICAL MONTHLY REVIEW,WBENG/2003/10858,2003-09-30,English,Monthly,SUBHAS AIKAT,SUBHAS AIKAT,West Bengal,Paschim Medinipur
ANAM TIMES,MPHIN/2016/67997,2016-07-29,Hindi,Monthly,SHOYEB KHAN,SHOYEB KHAN,Madhya Pradesh,Bhopal
ANAMIKA,56202,2011-04-05,Hindi,Weekly,SUBHAM TIWARI,SHUBHAM TIWARI,Rajasthan,Sikar
ANANAYUDH,53190,1994-04-22,Bengali,Fortnightly,SWAPAN ROY,SWAPAN ROY,West Bengal,Birbhum
ANAND ABTAK,GUJGUJ/2013/65634,2016-01-13,Gujarati,Weekly,PARESH MADANLAL DOSHI,PARESH MADANLAL DOSHI,Gujarat,Anand
ANAND BHARATI,MAHBIL/2023/84505,2023-05-29,"Marathi, Hindi",Weekly,PRASHANT NAGORAO CHAHANDE,PRASHANT NAGORAO CHAHANDE,Maharashtra,Nagpur
ANAND DEEP,MAHHIN/2009/32913,2010-07-16,HINDI,Monthly,SANTOSH MANAKCHAND BOTHARA,SANTOSH MANAKCHAND BOTHARA,Maharashtra,Ahilyanagar
ANAND DHARA,63842,1996-07-09,Hindi,Weekly,VIMAL KUMAR,VIMAL  KUMAR,Uttar Pradesh,Ghaziabad
ANAND JAGAT,MPHIN/2021/81994,2022-09-05,Hindi,Quarterly,ANAND YADAV,ANAND YADAV,Madhya Pradesh,Bhopal
ANAND KALYAN,GUJGUJ/2022/85961,2023-12-21,Gujarati,Quarterly,NAIMISH BHARATKUMAR SHAH,ANANDJI KALYANJI TRUST,Gujarat,Ahmedabad
ANAND KI ALOK MAHIMA,MAHHIN/2013/59987,2015-02-03,Hindi,Monthly,MUNOT ANITA VIJAY,MUNOT ANITA VIJAY,Maharashtra,Pune
ANAND LOKHANDE VRUTTA,MAHENG/2014/64254,2015-10-12,English,Weekly,ANAND MARUTI LOKHANDE,ANAND MARUTI LOKHANDE,Maharashtra,Solapur
ANAND MANGAL,MAHMAR/2014/55217,2014-04-04,Marathi,Daily,SWATI DASHRATH RAJBHAR,SWATI DASHRATH FAJBHAR,Maharashtra,Thane
ANAND MARG,HARHIN/2022/85938,2024-08-12,HINDI,Bimonthly (Once in two months),ANAND PRAKASH,ANAND PRAKASH,Haryana,Bhiwani
ANAND MIRROR,GUJGUJ/2022/84948,2023-06-12,Gujarati,Fortnightly,MOHAMMAD SAJUDDIN MALEK,MOHAMMAD SAJUDDIN MALEK,Gujarat,Anand
ANAND NAGARI,MAHMAR/2012/44780,2012-08-23,Marathi,Daily,RAVINDRA MISHRILAL BANGAD,ANAND NAGARI PRAKASHAN PVT. LTD.,Maharashtra,Chhatrapati Sambhaji Nagar
ANAND NAGARI,MAHMAR/2008/26800,2011-10-07,Marathi,Daily,RAVINDRA MISHRILAL BANGAD,ANAND NAGARI PRAKASHAN PVT. LTD.,Maharashtra,Jalna
ANAND PUSHP,15541,1967-12-11,Hindi,Monthly,ARVIND MITTAL,ARVIND MITTAL,Punjab,Bathinda
ANAND SAMIKSHA,UAHIN/25/A0647,2025-05-29,Hindi,Weekly,DEEPIKA ANAND,DEEPIKA ANAND,Uttarakhand,Dehradun
ANAND SANDESH,13072,1980-10-10,Hindi,Monthly,Dhyan Amar Anand,PARAMHANS ADVAIT MAT PUBLICATIONS SOCIETY,Madhya Pradesh,Guna
ANAND SANDESH,13124,1980-10-10,Sindhi,Monthly,MAHATMA SUKH SAGAR ANAND,PARAMHANS ADVAIT MAT PUBLICATION SOCIETY,Madhya Pradesh,Guna
ANAND SANDESH,MPENG/25/A3976,2025-11-18,English,Monthly,Dhyan Amar Anand,Shri Paramhans Advait Mat Publication Society,Madhya Pradesh,Ashoknagar
ANAND SANGHARSH,MAHMAR/2015/68493,2016-09-02,Marathi,Weekly,SUMATI SUHAS VYAHALKAR,SUMATI SUHAS VYAHALKAR,Maharashtra,Nanded
ANAND SANSAR,MPHIN/2023/87411,2024-06-14,HINDI,Monthly,RACHANA MISHRA,RACHANA MISHRA,Madhya Pradesh,Bhopal
ANAND SEVASADAN,GJGUJ/25/A0498,2025-05-27,Gujarati,Fortnightly,SNEHALBEN BALDEVSINH BODANA,SNEHALBEN BALDEVSINH BODANA,Gujarat,Anand
ANAND STROT,DELBIL/2006/16890,2006-07-18,"English, HINDI",Weekly,PUSHPA SHARMA,PUSHPA SHARMA,Delhi,New Delhi
ANAND STROT,DELBIL/2015/66806,2016-05-05,"English, HINDI",Daily,PUSHPA SHARMA,PUSHPA SHARMA,Delhi,New Delhi
ANAND TAGORE PUBLICATIONS,APTEL/2004/13597,2004-11-05,Telugu,Daily,V.S.ANAND,V.S.ANAND,Andhra Pradesh,Visakhapatnam
ANAND TIMES,46150,1987-04-20,Hindi,Daily,VANDANA SINGH,VIRENDER SINGH ANAND,Uttar Pradesh,Bareilly
ANAND TIMES,UPHIN/2011/36773,2014-01-15,Hindi,Daily,AKASH ANAND,VIRENDER SINGH ANAND,Uttar Pradesh,Jyotiba Phule Nagar
ANAND TODAY,GUJGUJ/2015/61887,2015-05-11,Gujarati,Weekly,JAGDISHBHAI NATUBHAI BHOI,JAGDISHBHAI NATUBHAI BHOI,Gujarat,Anand
ANAND UJALA,MAHHIN/2022/82216,2022-09-26,Hindi,Daily,ANAND KASHINATH INGLE,ANAND KASHINATH INGLE,Maharashtra,Amravati
ANAND UJALA,GUJGUJ/2020/81506,2022-08-26,Gujarati,Bimonthly (Once in two months),KANAIYALAL KARMASHIBHAI ACHARYA,KANAIYALAL KARAMASHIBHAI ACHARYA,Gujarat,Banaskantha
ANAND VAIBHAV,MAHMAR/2012/41597,2012-04-18,Marathi,Weekly,MADHUKAR TUKARAM AYARE,MADHUKAR T. AYARE,Maharashtra,Thane
ANAND VEDH,MAHMAR/2010/32782,2010-06-29,Marathi,Quarterly,VILAS DHONDU MORE,VILAS DHONDU MORE,Maharashtra,Thane
ANAND WORLD,MPHIN/2021/85891,2023-12-21,Hindi,Monthly,ANAND DIGWANI,ANAND DIGWANI,Madhya Pradesh,Indore
ANANDA BAHAR,WBBEN/2012/46602,2014-02-17,Bengali,Fortnightly,KRISHNENDU DUTTA,KRISHNENDU DUTTA,West Bengal,North 24 Parganas
ANANDA BHASKAR,TNMUL/25/A1387,2025-06-24,"Tamil, English, Hindi, Telugu",Daily,RS Roshine,RS Roshine,Tamil Nadu,Chennai
ANANDA BHOOMI,APBIL/2012/42463,2012-05-25,"English, Telugu",Monthly,S. CHANDRA SEKHAR,S. CHANDRA SEKHAR,Andhra Pradesh,Guntur
ANANDA DEEBAM,TNTAM/26/A6486,2026-08-10,Tamil,Weekly,Prakash S,Prakash S,Tamil Nadu,Coimbatore
ANANDA DIN,WBBEN/2015/63523,2015-07-31,Bengali,Monthly,MOHUA MODAK,MOHUA MODAK,West Bengal,North 24 Parganas
ANANDA JEEVAN,TNTAM/2014/61057,2015-04-01,Tamil,Monthly,N. SIVAKUMAR,N. SIVAKUMAR,Tamil Nadu,Chennai
ANANDA JEEVITAM,APTEL/2015/70188,2017-01-27,Telugu,Monthly,SHAIK MUJAHEED SULTAN,SHAIK MUJAHEED SULTAN,Andhra Pradesh,Sri Potti Sriramulu Nellore
ANANDA JYOTI,40750,1982-09-18,Bengali,Weekly,JYOTIRINDRA LAL GOSWAMI,JYOTIRINDRA LAL GOSWAMI,Assam,Karimganj
ANANDA REKHA,32847,1978-03-14,Hindi,Quarterly,ACHARYA GUNIINDRANANDA AVADHUTA,RENAISSANCE ARTISTS & WRITERS ASSOCIATION,Delhi,New Delhi
ANANDA SAGARA,KARKAN/2017/74398,2018-01-18,Kannada,Monthly,SHIVANNA,SHIVANNA,Karnataka,Bengaluru
ANANDA SINGH ACADEMY NAGAZINE,15955,1957-01-01,"English, Hindi, Manipuri",Annual,R K GOPAL SINGH,"ANANDA SINGH ACADEMY, IMPHAL",Manipur,Imphal East
ANANDA VIKATAN,1031,1928-03-16,Tamil,Weekly,T.S. SRINIVASAN ALLIAS S.S. VASAN,P.S ELANGO,Tamil Nadu,Chennai
ANANDA VIKATAN,1207,1957-03-04,Tamil,Weekly,Appas Ali M,ANANDA VIKATAN PUBLISHERS PRIVATE LIMITED,Tamil Nadu,Chennai
ANANDA YUGA,32850,1978-03-14,Hindi,Quarterly,ACHARYA GUNIINDRANANDA AVADHUTA,ANANDA MARGA PRACHARKA SANGHA,Delhi,New Delhi
ANANDABAZAR PATRIKA,2511,1957-03-04,Bengali,Daily,ZAHRA BASRAI,ABP PVT.LTD.,West Bengal,Kolkata
ANANDAKANAN,WBBIL/2019/79312,2021-01-27,"English, Bengali",Monthly,KALYANI SARKAR,AGNISWAR SARKAR,West Bengal,Purba Bardhaman
ANANDALOK,27039,2011-11-25,Bengali,Fortnightly,ZAHRA BASRAI,ABP PVT.LTD.,West Bengal,Kolkata
ANANDAMELA,27057,2011-11-25,Bengali,Fortnightly,ZAHRA BASRAI,ABP PVT.LTD.,West Bengal,Kolkata
ANANDAMRIT,MPHIN/2014/59542,2015-01-13,Hindi,Monthly,RITA TIWARI,RITA TIWARI,Madhya Pradesh,Bhopal
ANANDASAGAR PATRIKA,WBBEN/2023/87791,2024-07-08,BENGALI,Weekly,BUDDHADEV PAUL,BUDDHADEV PAUL,West Bengal,Purba Medinipur
ANANDHA RAGASIYAM,TNBIL/2017/74306,2017-12-29,"English, Tamil",Monthly,ARUL SARAVANAN N.,ARUL SARAVANAN N,Tamil Nadu,Chennai
ANANDI EXPRESS,MPHIN/2016/68053,2016-08-02,Hindi,Monthly,DR. SATYENDRA SINGH RAHIKHERA,SATYENDRA SINGH RAHIKHERA,Madhya Pradesh,Gwalior
ANANDI EXPRESS,MPHIN/2017/74135,,Hindi,Weekly,DR. SATYENDRA SINGH RAHIKHERA,SATYENDRA SINGH RAHIKHERA,Madhya Pradesh,Gwalior
ANANDI IMPACT,MPHIN/2023/88359,2024-08-02,HINDI,Monthly,RACHNA MISHRA,RACHNA MISHRA,Madhya Pradesh,Bhopal
ANANDI MAIL,UPHIN/2015/69685,2016-12-19,Hindi,Daily,SANJAY SAINI,SANJAY SAINI,Uttar Pradesh,Sitapur
ANANDI MAIL,UPHIN/2009/29300,2013-11-01,Hindi,Daily,SANJAY SAINI,SANJAY SAINI,Uttar Pradesh,Lucknow
ANANDI MAIL,UPHIN/2016/70479,2017-02-27,Hindi,Daily,SANJAY SAINI,SANJAY SAINI,Uttar Pradesh,Bara Banki
ANANDKUND SROT,UPHIN/25/A4830,2025-12-05,Hindi,Monthly,Pradeep Kumar Pathak,Pradeep Kumar Pathak,Uttar Pradesh,Lucknow
ANANDVAN TIMES,MAHMAR/2014/56287,2014-07-23,Marathi,Weekly,SUNITA PRAKASH JAGDALE,SUNITA PRAKASH JAGDALE,Maharashtra,Chhatrapati Sambhaji Nagar
ANANDYATRI,MAHMAR/2005/16464,2006-04-20,Marathi,Weekly,CHANDRAKANT SHIVDAS KUMBHAR,CHANDRAKANT SHIVDAS KUMBHAR,Maharashtra,Solapur
ANANDYUG,DELHIN/2011/45613,2012-10-08,Hindi,Daily,AZAD SINGH,A.Y. MEDIA & ENTERTAINMENT P. LTD.,Delhi,New Delhi
ANANG DOOT,48414,1988-12-08,Hindi,Fortnightly,SATYENDRA KUMAR UPADHYAY,SATYENDRA KUMAR UPADHYAY,Rajasthan,Kota
ANANNYA KARNATAKA,KNKAN/26/A2595,2026-04-15,Kannada,Daily,NARSING,NARSING,Karnataka,Bidar
ANANT AAKASH PRAKHAR,MPMUL/2009/42180,2012-05-15,"English, Urdu, Hindi",Monthly,ARUN MISHRA,ARUN MISHRA,Madhya Pradesh,Bhopal
ANANT ALOK,MPHIN/2014/55914,2014-06-13,Hindi,Monthly,RAJIV CHATURVEDI,RAJIV CHATURVEDI,Madhya Pradesh,Bhopal
ANANT ARJAN,MPHIN/2015/62449,2015-06-08,Hindi,Quarterly,ARTI KHATRI,ARTI KHATRI,Madhya Pradesh,Bhopal
ANANT AVIRAM,67788,1998-06-03,Hindi,Monthly,OM PRAKASH DEEP,OM PRAKASH DEEP,Madhya Pradesh,Vidisha
ANANT AWAZ,UTTHIN/2006/17047,2006-08-04,Hindi,Monthly,NISHEETH SAKALANI,NISHEETH SAKALANI,Uttarakhand,Dehradun
ANANT BANDHU,UPHIN/2016/67887,2016-07-19,Hindi,Monthly,SHRIKANT MISHRA,SHRIKANT MISHRA,Uttar Pradesh,Lucknow
ANANT CHETNA,MAHHIN/2023/87994,2024-07-25,HINDI,Weekly,SACHIN BHAIYALAL BOPCHE,CHETNA ATMARAM RAHANGDALE,Maharashtra,Gondia
ANANT CHINTAN,UPHIN/2014/67452,2016-06-10,Hindi,Weekly,GAURAV GARG,GAURAV GARG,Uttar Pradesh,Bulandshahr
ANANT DRISHTI,UTTHIN/2017/74637,2018-02-12,Hindi,Weekly,ASHOK KUMAR TRIPATHI,ASHOK KUMAR TRIPATHI,Uttarakhand,Nainital
ANANT DUNIYA,MPHIN/2010/36505,2011-03-29,Hindi,Daily,RUDRA PRATAP SINGH,RUDRA PRATAP SINGH,Madhya Pradesh,Bhopal
ANANT EXPRESS,UPHIN/2014/58526,2014-11-28,Hindi,Weekly,SACHIN KUMAR SRIVASTAVA,SACHIN KUMAR SRIVASTAVA,Uttar Pradesh,Lucknow
ANANT GHOSH,UPHIN/26/A5019,2026-06-11,Hindi,Daily,Ved Bhanu Arya,Ved Bhanu Arya,Uttar Pradesh,Budaun
ANANT GHOSH,60422,1994-08-11,Hindi,Weekly,VED BHANU ARYA,VED BHANU ARYA,Uttar Pradesh,Budaun
ANANT GYAAN,HPHIN/25/A0284,2025-05-20,Hindi,Daily,Dilip Dhaker,FOCUS HIMACHAL MEDIA PRIVATE LIMITED,Himachal Pradesh,Kangra
ANANT GYAAN,HPHIN/26/A1464,2026-02-26,Hindi,Daily,Dilip Dhaker,FOCUS HIMACHAL MEDIA PRIVATE LIMITED,Himachal Pradesh,Shimla
ANANT GYAAN,HPHIN/2023/91063,2025-07-16,Hindi,Weekly,DILIP DHAKER,FOCUS HIMACHAL MEDIA PRIVATE LIMITED,Himachal Pradesh,Kangra
ANANT INDIA NEWS POWER,DELHIN/2011/39165,2011-10-10,Hindi,Monthly,ASHUTOSH MISHRA,ASHUTOSH MISHRA,Delhi,New Delhi
ANANT JEET,DELHIN/2022/90742,2025-05-21,HINDI,Bimonthly (Once in two months),KAVINDER GUPTA,KAVINDER GUPTA,Delhi,New Delhi
ANANT JYOTI,UTTHIN/2010/32375,2010-05-19,Hindi,Weekly,TEENA,TEENA,Uttarakhand,Dehradun
ANANT KAAL,MPHIN/2022/85077,2023-06-21,Hindi,Quarterly,PAVAN,PAVAN,Madhya Pradesh,Bhopal
ANANT KHOJ,UPHIN/2022/84654,2023-05-30,Hindi,Weekly,SONY PATHAK,SONY PATHAK,Uttar Pradesh,Ballia
ANANT KIRTI,MPHIN/2018/75735,2018-07-25,Hindi,Weekly,MANOJ SONI,MANOJ SONI,Madhya Pradesh,Hoshangabad
ANANT KRANTI,UTTHIN/2008/26480,2008-12-10,Hindi,Monthly,USHA,USHA,Uttarakhand,Dehradun
ANANT KRIPA,UPHIN/2023/88248,2024-08-02,HINDI,Quarterly,SARITA,SARITA,Uttar Pradesh,Lucknow
ANANT LEKHANI,KARKAN/2013/52271,2013-09-30,Kannada,Fortnightly,ANANT SHREENIVASRAO KARKAL,ANANT SHREENIVASRAO KARKAL,Karnataka,Gadag
ANANT MORCHA,UPHIN/2022/83618,2023-03-21,Hindi,Daily,MAHIMA PANDEY,SHAILENDRA DIXIT,Uttar Pradesh,Lucknow
ANANT PAL EXPRESS,MAHMAR/2011/37278,2011-05-18,Marathi,Weekly,SWAMI SOMNATH VAIJNATH,SWAMI SOMNATH VAIJNATH,Maharashtra,Latur
ANANT PARIWAR,UPHIN/26/A4084,2026-05-22,Hindi,Monthly,AKILUN NISHA,AKILUN NISHA,Uttar Pradesh,Lucknow
ANANT PARIWAR,UPHIN/2014/55609,2014-05-14,Hindi,Daily,AKILUN NISHA,AKILUN NISHA,Uttar Pradesh,Lucknow
ANANT PATRA,UPHIN/2023/86588,2024-02-29,Hindi,Fortnightly,JAIRAM PANDEY,JAIRAM PANDEY,Uttar Pradesh,Varanasi
ANANT SAMACHAR,MAHMAR/2015/62545,2015-06-12,Marathi,Once In 19 Days,MILAN NAGORAO DHADSE,MILAN NAGORAO DHADSE,Maharashtra,Amravati
ANANT SAMBHAVNAYE,MPHIN/25/A3452,2025-10-27,Hindi,Monthly,lata kushwah,lata kushwah,Madhya Pradesh,Bhopal
ANANT SANCHAR,MPHIN/25/A3817,2025-11-10,Hindi,Monthly,Gopi Vansha Varti,Gopi Vansha Varti,Madhya Pradesh,Bhopal
ANANT SATTA,UPHIN/2012/46590,2012-11-26,Hindi,Weekly,URMILA SINGH,URMILA SINGH,Uttar Pradesh,Basti
ANANT SATYA,UPHIN/2023/88804,2024-09-09,HINDI,Monthly,SHALINI,SHALINI,Uttar Pradesh,Lucknow
ANANT SHRISHTI,MPHIN/2016/68449,2016-08-27,Hindi,Monthly,ZAIBA TABASSUM,ZAIBA TABASSUM,Madhya Pradesh,Bhopal
ANANT SOCH,JHAHIN/2013/51058,2013-07-25,Hindi,Monthly,HARIHAR NATH TRIVEDI,HARIHAR NATH TRIVEDI,Jharkhand,Dhanbad
ANANT TIMES NEWS,UPHIN/2014/61791,2015-05-06,Hindi,Monthly,SHIV KRIPAL MISHRA,SHIV KRIPAL MISHRA,Uttar Pradesh,Lucknow
ANANT TIMES NEWS,UPHIN/2009/29953,2010-06-18,Hindi,Weekly,SHIV KRIPAL MISHRA,SHIV KRIPAL MISHRA,Uttar Pradesh,Lucknow
ANANT UJALA,UTTHIN/2010/34620,2010-12-07,Hindi,Weekly,RAJESH JUGLAN,RAJESH JUGALAN,Uttarakhand,Dehradun
ANANT VAANI,UPHIN/26/A3410,2026-05-11,Hindi,Monthly,Pushpendra Kumar Sharma,Pushpendra Kumar Sharma,Uttar Pradesh,Lucknow
ANANT VAKTA,DELHIN/2016/70900,2017-04-26,Hindi,Monthly,BABITA UPADHYAY,BABITA UPADHYAY,Delhi,New Delhi
ANANT VARTMAN,MPHIN/26/A3780,2026-05-15,Hindi,Quarterly,PREETI SHARMA,PREETI SHARMA,Madhya Pradesh,Bhopal
ANANT VICHAR,MAHMAR/2022/83591,2023-03-16,Marathi,Weekly,SACHIN HARI ADAPURE,SACHIN HARI ADAPURE,Maharashtra,Solapur
ANANT VICHAR TIMES,54392,2009-09-04,Hindi,Weekly,NAHID SABIR,MRS. NAHID SABIR,Uttar Pradesh,Lucknow
ANANT WARTA,MAHMAR/2015/60388,2015-02-20,Marathi,Weekly,ANANT SHAMRAO WAGHMARE,ANANT SHAMRAO WAGHMARE,Maharashtra,Chhatrapati Sambhaji Nagar
ANANTA AKSHAYA,APTEL/25/A4739,2025-12-04,Telugu,Daily,GADAM SETTY ANAND KUMAR,GADAM SETTY ANAND KUMAR,Andhra Pradesh,Anantapur
ANANTA BULLETIN,APTEL/2019/79065,2020-11-11,Telugu,Daily,GOGULA VENKATESH,GOGULA VENKATESH,Andhra Pradesh,Anantapur
ANANTA KADALIKA,APTEL/2006/17534,2006-10-30,Telugu,Fortnightly,P. RAMAKRISHNA,P. RAMAKRISHNA,Andhra Pradesh,Anantapur
ANANTA MAYUKH,GJBIL/26/A2475,2026-04-13,"English, Gujarati",Monthly,MAHESHWARI KISHORE RAMJIBHAI,MAHESHWARI KISHORE RAMJIBHAI,Gujarat,Kutch
ANANTA NIRJHARA,ODIODI/2009/28930,2009-09-16,Oriya,Quarterly,SAROJINI MISHRA,SAROJINI MISHRA,Odisha,Cuttack
ANANTA PATHER SANDHAM,WBBEN/1999/0740,1999-11-03,Bengali,Monthly,IMAMUL HAQUE,BURDWAN NIKHIL BANGA,West Bengal,West Bengal
ANANTA PRABHA,68812,1998-07-24,Oriya,Monthly,PRAKASH KUMAR DASH,ANANTA BALIA TRUST,Odisha,Jagatsinghapur
ANANTA SANGBAD,TRBEN/25/A1966,2025-07-29,Bengali,Daily,Debasish Majumder,Debasish Majumder,Tripura,West Tripura
ANANTA TIMES,APTEL/2021/81404,2022-04-20,Telugu,Daily,JODU RAMESH KUMAR,JODU RAMESH KUMAR,Andhra Pradesh,Anantapur
ANANTA VANI,APTEL/2011/37904,2011-06-17,Telugu,Fortnightly,V.SIVAPPA,V. SIVAPPA,Andhra Pradesh,Anantapur
ANANTA VELUGU,APTEL/2011/41880,2012-05-02,Telugu,Weekly,REDDIPALLI SIVA SRINIVAS KUMAR,REDDIPALLI SIVASRINIVAS KUMAR,Andhra Pradesh,Anantapur
ANANTASOORYA TELUGUVARTA,APTEL/26/A4269,2026-05-26,Telugu,Daily,C HARIKRISHNA,C HARIKRISHNA,Andhra Pradesh,Ananthapuramu
ANANTH KIRTHI,63909,1996-08-05,HINDI,Weekly,CHANDRASHEKHAR SHIVAKANT DUBE,CHANDRASHEKHAR SHIVAKANT DUBE,Maharashtra,Nagpur
ANANTH PREM,UPHIN/2021/80466,2021-11-01,Hindi,Weekly,ADITYA BHATI,ADITYA BHATI,Uttar Pradesh,Gautam Buddha Nagar
ANANTHA ASTHRAM,APTEL/2013/52471,2013-10-08,Telugu,Monthly,POOLA SETTY CHALAPATHI,POOLA SETTY CHALAPATHI,Andhra Pradesh,Anantapur
ANANTHA BHOOMI,APTEL/2016/68107,2016-08-05,Telugu,Daily,K. ANIL KUMAR REDDY,K. ANILKUMARREDDY,Andhra Pradesh,Prakasam
ANANTHA BHOOMI,APTEL/2011/37272,2011-05-18,Telugu,Daily,K. ANILKUMAR REDDY,K. ANILKUMARREDDY,Andhra Pradesh,Anantapur
ANANTHA BHOOMI,APTEL/2010/33987,2010-10-20,Telugu,Monthly,K. ANIL KUMAR REDDY,K. ANILKUMARREDDY,Andhra Pradesh,Anantapur
ANANTHA CHAITHANYA,7972,1966-09-14,Kannada,Monthly,V ASHWATHAMA BHAT,DESHASTHA BRAHMAN PARISHATHU ASSOCIATION,Karnataka,Dakshina Kannada
ANANTHA CRIME STORY,APTEL/2015/62909,2015-06-26,Telugu,Monthly,MARAKA NAGENDRA,MARAKA NAGENDRA,Andhra Pradesh,Anantapur
ANANTHA EXPRESS,APTEL/2015/64799,2015-11-18,Telugu,Monthly,GADDAM DEVA PRASAD,GADDAM DEVA PRASAD,Andhra Pradesh,Anantapur
ANANTHA HRUDAYAVANI,APTEL/2015/62297,2015-05-28,Telugu,Monthly,SRIPATI MANOHAR,SRIPATI MANOHAR,Andhra Pradesh,Anantapur
ANANTHA JAGRUTHI,APTEL/2021/80898,2021-12-27,Telugu,Daily,CHENNA BUCCHENNAGARI MADHUSUDAN RAO,CHENNA BUCCHENNAGARI MADHUSUDAN RAO,Andhra Pradesh,Anantapur
ANANTHA JAGRUTHI,APTEL/26/A5023,2026-06-12,Telugu,Monthly,CHENNA BUCHENNAGARI MADHUSUDHANA RAO,CHENNA BUCHENNAGARI MADHUSUDHANA RAO,Andhra Pradesh,Ananthapuramu
ANANTHA JANA SAKTHI,TGTEL/26/A4945,2026-06-11,Telugu,Daily,S VENKATESULU,S VENKATESULU,Telangana,Rangareddy
ANANTHA JANA SAKTHI,APTEL/2015/61314,2015-04-16,Telugu,Daily,SHANKARAGALLU VENKATESULU,SHANKARAGALLU VENKATESULU,Andhra Pradesh,Anantapur
ANANTHA JANA SAKTHI,KNKAN/26/A5487,2026-06-24,Kannada,Daily,S VENKATESULU,S VENKATESULU,Karnataka,Bellary
ANANTHA JOURNALIST,APTEL/2016/70735,2017-03-20,Telugu,Monthly,MUDIYALA SREENIVASULU REDDY,MUDIYALA SREENIVASULU REDDY,Andhra Pradesh,Anantapur
ANANTHA KALA TEJAM,APTEL/2017/72352,2017-06-23,Telugu,Monthly,TALARI NAGENDRA,TALARI NAGENDRA,Andhra Pradesh,Anantapur
ANANTHA KOKILA,APTEL/2020/79711,2021-03-24,Telugu,Daily,TALARI LOKESH BABU,TALARI LOKESH BABU,Andhra Pradesh,Anantapur
ANANTHA KRIDA,APTEL/2011/39794,2013-04-01,Telugu,Monthly,DUDEKULA CHINNA GURAPPA,DUDEKULA CHINNA GURAPPA,Andhra Pradesh,Anantapur
ANANTHA MEDHA,APTEL/26/A1882,2026-03-23,Telugu,Monthly,MADIGA NAGESWAR RAO,MADIGA NAGESWAR RAO,Andhra Pradesh,Anantapur
ANANTHA NESTAM,APTEL/2017/72909,2017-08-03,Telugu,Monthly,B. RAMESH,B.RAMESH,Andhra Pradesh,Anantapur
ANANTHA NETI NETHRAM,APTEL/2015/65065,2015-12-03,Telugu,Monthly,D. NOOR BASHA,D.NOOR BASHA,Andhra Pradesh,Anantapur
ANANTHA NEWS,APTEL/2011/40032,2011-12-16,Telugu,Daily,PERAVALAPPA GARI GANGADHAR,PERAVALAPPA GARI GANGADHAR,Andhra Pradesh,Anantapur
ANANTHA NEWS,APTEL/2012/42812,2012-06-13,Telugu,Monthly,PERAVALAPPA GARI GANGADHAR,PERAVALAPPA GARI GANGADHAR,Andhra Pradesh,Anantapur
ANANTHA NEWS HOPE,APTEL/2017/74694,2018-02-15,Telugu,Daily,BANDELA KRISHNA,BANDELA KRISHNA,Andhra Pradesh,Anantapur
ANANTHA NEWS HOPE,APTEL/2017/72541,2017-07-11,Telugu,Monthly,BANDELA KRISHNA,BANDELA KRISHNA,Andhra Pradesh,Anantapur
ANANTHA NOTA,KARKAN/2023/87428,2024-06-10,Kannada,Weekly,BABU.S,BABU S,Karnataka,Bengaluru
ANANTHA PORU,APTEL/2016/69525,2016-12-06,Telugu,Monthly,BHUMA RAMANJANEYULU,BHUMA RAMANJANEYULU,Andhra Pradesh,Anantapur
ANANTHA PRABHA,APTEL/2016/69521,2016-12-06,Telugu,Monthly,CHILAMAKURU MANJUNATHA,CHILAMAKURU MANJUNATHA,Andhra Pradesh,Anantapur
ANANTHA PRABHA,APTEL/2017/72694,2017-07-27,Telugu,Daily,CHILAMAKURU MANJUNATHA,CHILAMAKURU MANJUNATHA,Andhra Pradesh,Anantapur
ANANTHA PUBLIC REPORT,APTEL/2015/62321,2015-06-02,Telugu,Monthly,SINGARAPU RADHA KRISHNA REDDY,SINGARAPU RADHA KRISHNA REDDY,Andhra Pradesh,Anantapur
ANANTHA RAVIKIRANAM,APTEL/2011/37269,2011-05-16,Telugu,Fortnightly,N.V. RAVI,N.V. RAVI,Andhra Pradesh,Anantapur
ANANTHA RAYALA KOTA,APTEL/2015/62330,2015-06-02,Telugu,Monthly,R. K. SURYA,R.K.SURYA,Andhra Pradesh,Anantapur
ANANTHA SAGARAM,APTEL/2011/40493,2012-01-27,Telugu,Daily,A. JAYACHANDRA,A. JAYACHANDRA,Andhra Pradesh,Anantapur
ANANTHA SAGARAM,APTEL/2010/34879,2010-12-24,Telugu,Monthly,A. JAYACHANDRA,A. JAYACHANDRA,Andhra Pradesh,Anantapur
ANANTHA SAKTHI,APTEL/2015/61443,2015-04-21,Telugu,Daily,NEELAM NAGARAJU,NEELAM NAGARAJU,Andhra Pradesh,Anantapur
ANANTHA SAMACHARA VAHINI,APTEL/2017/74303,2017-12-29,Telugu,Monthly,BIDARLA JABIN BASHA,BIDARLA JABEEN BASHA,Andhra Pradesh,Anantapur
ANANTHA SANGATHULU,APTEL/2017/72674,2017-07-25,Telugu,Monthly,MAHESHWARAM SATHEESH KUMAR,MAHESWARAM SATHEESH KUMAR,Andhra Pradesh,Anantapur
ANANTHA SANKHARAVAM,APTEL/2014/58373,2014-11-19,Telugu,Monthly,PATIL MALLIKARJUNA RAO,PATIL MALLIKARJUNA RAO,Andhra Pradesh,Anantapur
ANANTHA SPOORTHI,APTEL/2017/73946,2017-11-22,Telugu,Monthly,BIDARLA JABIN BASHA,BIDARLA JABIN BASHA,Andhra Pradesh,Anantapur
ANANTHA VIKAS,APTEL/2021/80993,2022-02-03,Telugu,Fortnightly,G. SREENIVASA MURTHI,G SREENIVASA MURTHI,Andhra Pradesh,Anantapur
ANANTHA VIKAS,APTEL/25/A3981,2025-11-18,Telugu,Daily Evening,GANTILA SREENIVASA MURTHI,GANTILA SREENIVASA MURTHI,Andhra Pradesh,Ananthapuramu
ANANTHA VISHLESHANA,APTEL/2015/62056,2015-05-21,Telugu,Weekly,C.SANJEEVA REDDY,CHINNAPA REDDY SANJEEVA REDDY,Andhra Pradesh,Anantapur
ANANTHA VISWAM,APTEL/2011/40284,2012-01-04,Telugu,Daily,AKHILA VANAM,VANAM AKHILA,Telangana,Rangareddy
ANANTHA WORLD,APTEL/2023/88228,2024-07-29,TELUGU,Daily,VEMAREDDY PALLI UPENDRA KUMAR,"VEMAREDDY PALLI UPENDRA KUMAR,",Andhra Pradesh,Anantapur
ANANTHADARSINI,APTEL/2012/44716,2012-08-16,Telugu,Monthly,K. NARAYANA SWAMY,K. NARAYANA SWAMY,Andhra Pradesh,Anantapur
ANANTHAPURAM,APTEL/2010/34548,2010-12-01,Telugu,Bimonthly (Once in two months),THOTA NAGARAJU,THOTA NAGARAJU,Andhra Pradesh,Anantapur
ANANTHAPURAM,APTEL/2012/46076,2012-11-01,Telugu,Monthly,THOTA NAGARAJU,THOTA NAGARAJU,Andhra Pradesh,Anantapur
ANANTHASHIKARI,APTEL/2018/75388,2018-06-01,Telugu,Monthly,KESANI RAMAKRISHNA,KESANI RAMAKRISHNA,Andhra Pradesh,Anantapur
ANANTHAWRITERS,APTEL/25/A4740,2025-12-04,Telugu,Daily,DUDEKULA NOOR BASHA,DUDEKULA NOOR BASHA,Andhra Pradesh,Sri Sathya Sai
ANANTVIJAY,MAHMAR/2015/62470,2015-06-09,Marathi,Weekly,ASHISH DEVIDAS MISALKAR,ASHISH DEVIDAS MISALKAR,Maharashtra,Amravati
ANANYA,ODIODI/2011/39018,2011-09-28,Oriya,Daily,SRI RATIKANTA KANUNGO,RATIKANTA KANUNGO,Odisha,Khordha
ANANYA AASHRAY,RAJHIN/2011/37700,2011-06-06,Hindi,Fortnightly,SURENDER KUMAR KAUL,ANANTH ASHRAM SANSTHA,Rajasthan,Jaipur
ANANYA BHARAT,MAHHIN/2011/39035,2011-09-30,Hindi,Weekly,SUDHIR SHARMA,SUDHIR SHARMA,Maharashtra,Thane
ANANYA DARPAN,UTTHIN/2006/19185,2007-04-18,Hindi,Weekly,SHAMBHU PRASAD DHOUNDIYAL,SHAMBHU PRASAD DHOUNDIYAL,Uttarakhand,Dehradun
ANANYA SADHANA,KARBIL/2023/86881,2024-04-15,"English, Kannada",Monthly,VINAY KUMAR G. B.,VINAY KUMAR G B,Karnataka,Bengaluru
ANANYA SAGAR,MPHIN/2016/69365,2016-11-16,Hindi,Monthly,VARSHA MEWADE,VARSHA MEWADE,Madhya Pradesh,Bhopal
ANANYA SOCH,RAJHIN/2011/38573,2011-08-18,Hindi,Fortnightly,MAHESH CHAND SHARMA,MAHESH CHAND SHARMA,Rajasthan,Karauli
ANANYA SUDDI,KARKAN/2022/83654,2023-04-05,Kannada,Monthly,RAJASHEKARA. S,RAJASHEKARA. S,Karnataka,Ramanagara
ANANYA VAANI,KARKAN/2021/79877,2021-06-09,KANNADA,Daily,KAMALA MANJUNATH GODEPPANAVAR,KAMALA M. GODEPPANAVAR,Karnataka,Bagalkot
ANARTA BHOOMI,GUJGUJ/2010/36579,2011-03-31,Gujarati,Weekly,HARGOVINDHAI N. PATEL,HARGOVINDBHAI N. PATEL,Gujarat,Mahesana
ANAS EXPRESS,MPHIN/2022/83436,2023-02-27,Hindi,Monthly,MOHD. ANAS,MOHD. ANAS,Madhya Pradesh,Bhopal
ANAS TODAY,MPHIN/2016/70707,2017-03-16,Hindi,Monthly,ANAS KHAN,ANAS KHAN,Madhya Pradesh,Bhopal
ANASOOYA,54903,1992-08-06,Gujarati,Fortnightly,ELA R BHATT,SREE MAHILA SEWA SAHAKARI BANK LTD.,Gujarat,Ahmedabad
ANATHACHA KAIWARI,MAHBIL/2017/71374,2017-04-28,"Marathi, Hindi",Weekly,DILIPSINGH BALAKRAMSINGH SURYAWANSHI,DILIPSINGH BALAKRAMSINGH SURYAWANSHI,Maharashtra,Amravati
ANAUPCHARIKA,43602,1987-02-02,Hindi,Monthly,RAMESH JHANVI,"RAJASTHAN ADULT EDUCATION ASSOCIATION, JAIPUR",Rajasthan,Jaipur
ANAVARANA MASIKA,KNKAN/26/A4473,2026-06-01,Kannada,Monthly,POOJA R,POOJA R,Karnataka,Chikmagalur
ANAVIL POKAR,GUJGUJ/2012/42412,2012-05-24,Gujarati,Monthly,DESAI MAHESHBHAI DOLATRAI,ANAVIL MITRA MANDAL,Gujarat,Ahmedabad
ANBARIN OOZHIYAM,TNTAM/2014/60345,2015-02-19,Tamil,Monthly,DR. JANE JOSHUA,ANBARIN OOZHIYAM,Tamil Nadu,Tiruchirappalli
ANBEY AANMA AHAM,TNBIL/2022/82588,2022-10-28,"English, Tamil",Monthly,J.CHARLES RAJ,J.CHARLES RAJ,Tamil Nadu,Chennai
ANBIN SATHAM,TNTAM/2015/66078,2016-02-08,Tamil,Monthly,M. PARANTHAMAN,M. PARANTHAMAN,Tamil Nadu,Kancheepuram
ANBOLI,1297,1957-03-04,Tamil,Monthly,SKM. MAEILANANDHAN,THE WORLD COMMUNITY SERVICE CENTRE,Tamil Nadu,Chennai
ANBOLI,KARKAN/2011/41311,2012-03-28,Kannada,Monthly,P. DHANAPATHI,P. DHANAPATHI,Karnataka,Bengaluru
ANBOLI,17746,1969-09-29,English,Monthly,SKM. MAEILANANDHAN,THE WORLD COMMUNITY SERVICE CENTRE,Tamil Nadu,Chennai
ANBU MOZHI,TNTAM/25/A0130,2025-04-28,Tamil,Monthly,P T S GNANESHWARAN,P T S GNANESHWARAN,Tamil Nadu,Virudhunagar
ANBU PAALAM,TNTAM/2007/25837,2008-10-10,Tamil,Monthly,P. KALYANASUNDARAM,P. KALYANASUNDARAM,Tamil Nadu,Chennai
ANBU PAHIRVU IYAKKAM SEITHI MALAR,TNTAM/2004/16449,2006-04-18,Tamil,Monthly,V.DEVADOSS,V.DEVADOSS,Tamil Nadu,Thoothukkudi
ANBU THESAM,TNTAM/26/A1098,2026-02-13,Tamil,Monthly,Vijaya Kumar M,Vijaya Kumar M,Tamil Nadu,Tirunelveli
ANBUKKARANGAL,TNBIL/2001/10593,2003-08-27,"English, Tamil",Fortnightly,S.ABDHUL LATIF,S.ABDHUL LATIF,Tamil Nadu,Chennai
ANBUM ARANUM,TNBIL/25/A1356,2025-06-20,"Tamil, English",Monthly,CHEZHIAN,CHEZHIAN,Tamil Nadu,Madurai
ANBUPIRIYAL,TNTAM/2000/01917,2000-09-15,Tamil,Monthly,D KOTEESWARAN,SOUTH INDIA VAANIYARSANGAM,Tamil Nadu,Chennai
ANC JOURNAL FOR DISCOURSES IN HUMANITIES AND SOCIAL SCIENCES,BIHBIL/2020/79452,2021-02-12,"English, HINDI",Half Yearly,AJAY KUMAR,"ANUGRAH NARAYAN COLLEGE, PATNA",Bihar,Patna
ANCHAL,MAHBIL/2011/40118,2011-12-26,"Marathi, Hindi",Weekly,THAKUR SUKHDEOJI MALANI,THAKUR SUKHDEOJI MALANI,Maharashtra,Amravati
ANCHAL DHARA NEWS UPDATE,MPHIN/26/A3896,2026-05-19,Hindi,Weekly,ARVIND BIYANI,ARVIND BIYANI,Madhya Pradesh,Anuppur
ANCHAL PATR,MPHIN/2023/88845,2024-09-10,HINDI,Quarterly,SABAHAT KHAN,SABAHAT KHAN,Madhya Pradesh,Bhopal
ANCHAL PRABHAT,DELHIN/2018/75705,2018-07-20,Hindi,Monthly,DEEP CHAND SHARMA,DEEP CHAND SHARMA,Delhi,New Delhi
ANCHAL TUJHE PRANAM,MPHIN/2016/72354,2017-06-23,Hindi,Monthly,MANOJ SINGH,MANOJ SINGH,Madhya Pradesh,Morena
ANCHALICK DARPAN,WBBEN/2003/11227,2003-11-17,Bengali,Monthly,SUBRATA MONDAL,SUBRATA MONDAL,West Bengal,North 24 Parganas
ANCHALIK AAJ TAK,MPHIN/2016/76504,2018-12-07,Hindi,Monthly,DINESH,DINESH,Madhya Pradesh,Bhopal
ANCHALIK AAJ TAK,MPHIN/2019/87087,2024-04-29,Hindi,Weekly,DINESH,DINESH,Madhya Pradesh,Bhopal
ANCHALIK CHHATTISGARH,CHHHIN/2014/58082,2014-11-03,Hindi,Monthly,VISHVJIT SHAHA,VISHVJIT SHAHA,Chhattisgarh,Raipur
ANCHALIK JAGRAN,66491,2013-02-19,Hindi,Fortnightly,SHYAM CHATURVEDI,SHYAM CHATURVEDI,Madhya Pradesh,Vidisha
ANCHALIK KHABAR,28253,1984-01-21,Bengali,Weekly,ARUN KUMAR DEBNATH,ARUN KUMAR DEBNATH,Tripura,West Tripura
ANCHALIK KHABRE,DELHIN/2015/73318,2017-09-20,Hindi,Weekly,KAMLA SHARMA,KAMLA SHARMA,Delhi,New Delhi
ANCHALIK KHABRE,DLHIN/26/A1381,2026-02-25,Hindi,Daily,Kamla Sharma,Kamla Sharma,Delhi,New Delhi
ANCHALIK SWAR,71607,1999-09-10,Hindi,Daily,PRADEEP KUMAR SHULK,PRADEEP KUMAR SHUKLA,Uttar Pradesh,Ballia
ANCHALIK TIMES,45217,1987-02-09,Hindi,Weekly,JAGDISH CHANDRA VIDYARTHI,JAGDISH CHANDRA VIDYARTHI,Madhya Pradesh,Indore
ANCHALIKA KHABAR,ODIODI/2009/31535,2012-07-09,Oriya,Daily,SUDHANSHU SHEKHAR ROUT,SUDHANSHU SHEKHAR ROUT,Odisha,Khordha
ANDAAZ E JAHAN,JKURD/26/A5707,2026-07-03,Urdu,Monthly,Mujtaba Ali Parray,Mujtaba Ali Parray,Jammu and Kashmir,Srinagar
ANDALIB,DELURD/2008/25342,2008-08-22,Urdu,Daily,SURAIYA KAUSAR,SURAIYA KAUSAR,Delhi,New Delhi
ANDAMAN EXPRESS,ANDHIN/2007/21285,2007-09-27,Hindi,Daily,ANAND GANESHAN,SHRI K GANESHAN,Andaman & Nicobar Islands,South Andaman
ANDAMAN EXPRESS,36774,2002-09-04,English,Daily,K GANESHAN,K GANESHAN,Andaman & Nicobar Islands,South Andaman
ANDAMAN KURAL,30901,2009-04-22,Tamil,Daily,K. GANESHAN,K. GANESHAN,Andaman & Nicobar Islands,South Andaman
ANDAMAN NAM NADU,ANDTAM/2000/01442,2000-07-11,Tamil,Fortnightly,N.THIRUPATHI,N.THIRUPATHI,Andaman & Nicobar Islands,South Andaman
ANDAMAN OBSERVER,ANDENG/2000/01267,2000-06-22,English,Weekly,R. MURUGESAN,R. MURUGESAN,Andaman & Nicobar Islands,South Andaman
ANDAMAN PATRIKA,ANDENG/2015/63940,2015-08-27,English,Daily,THIRUMALA SHARMA,THIRUMALA SHARMA,Andaman & Nicobar Islands,South Andaman
ANDAMAN PATRIKA,ANDHIN/2017/71502,2017-05-08,Hindi,Daily,THIRUMALA SHARMA,THIRUMALA SHARMA,Andaman & Nicobar Islands,South Andaman
ANDAMAN SAILORS,ANDENG/2012/48002,2013-02-13,English,Fortnightly,S. SARAVANAN,S. SARAVANAN,Andaman & Nicobar Islands,South Andaman
ANDAMAN SHEEKHA,ANDENG/2011/38184,2011-07-07,English,Daily,SANJIB KUMAR ROY,SANJIB KUMAR ROY,Andaman & Nicobar Islands,South Andaman
ANDAMAN SHEEKHA,ANDBIL/2008/23264,2008-03-12,"English, Bengali",Daily,Sanjib Kumar Roy,Sanjib Kumar Roy,Andaman & Nicobar Islands,South Andaman
ANDAMAN THOOLIKA,69229,1998-10-28,English,Daily,K. VENU GOPALA PILLAI,"K.VENUGOPALA PILLAI,",Andaman & Nicobar Islands,South Andaman
ANDAR KI BAAT,DELHIN/2004/13232,2004-09-27,Hindi,Weekly,SANGEETA,SANGEETA,Delhi,New Delhi
ANDAR KI BAAT,DELHIN/2011/38302,2011-07-21,Hindi,Monthly,SANGEETA,SANGEETA,Delhi,New Delhi
ANDAR KI BAAT BAHAR TODAY,UPHIN/2013/50104,2014-06-12,Hindi,Weekly,KAMAL BALANI,ARIES TELEMEDIA VENTURES PVT. LTD.,Uttar Pradesh,Lucknow
ANDAR KI KHABAR,RAJHIN/2012/46215,2012-11-06,Hindi,Fortnightly,SHARAD PANDYA,SHARAD PANDYA,Rajasthan,Udaipur
ANDAR KI KHABAR,RJHIN/26/A1102,2026-02-16,Hindi,Weekly,SHARAD PANDYA,SHARAD PANDYA,Rajasthan,Udaipur
ANDAR KI KHABAR,RAJHIN/2005/16791,2012-11-05,Hindi,Weekly,SHARAD PANDYA,SHARAD PANDYA,Rajasthan,Banswara
ANDARI DAIVAM OKKADE,52763,1992-01-28,English,Quarterly,D. V. RAYDU,SAI KUMAR VYADHI NIVARANA ASHRAM,Telangana,Hyderabad
ANDARIKI AROGYAM,APTEL/2019/77048,2019-04-01,Telugu,Monthly,SHAIK RASHEED,SHAIK RASHEED,Andhra Pradesh,Sri Potti Sriramulu Nellore
ANDARIKI AYURVEDAM,66521,1997-01-01,Telugu,Monthly,ELCHURI VENKAT RAO,ELCHURI VENKAT RAO,Telangana,Hyderabad
ANDARIKI NYAYAM ADE MA DHYAYAM NYAYAM-INSAAF,APBIL/2011/37246,2011-05-13,"Telugu, Urdu",Daily,Dudekula  ALIYA SULTANA,Dudekula  ALIYA SULTANA,Andhra Pradesh,Kurnool
ANDARU MECHINA NAYAKUDU,APTEL/2023/88992,2024-09-25,TELUGU,Monthly,PEELA JOGINAIDU,PEELA JOGINAIDU,Andhra Pradesh,Visakhapatnam
ANDAZ APANA,MPHIN/26/A0149,2026-01-01,Hindi,Weekly,Sandeep Padiyar,Sandeep Padiyar,Madhya Pradesh,Dewas
ANDAZ E BAYAN,MPURD/2013/53745,2013-12-30,Urdu,Daily,MANOJ KUMAR MISHRA,MANOJ KUMAR MISHRA,Madhya Pradesh,Satna
ANDAZ E BAYAN,UTTURD/2014/56856,2014-09-02,Urdu,Daily,MANOJ KUMAR MISHRA,MANOJ KUMAR MISHRA,Uttarakhand,Dehradun
ANDAZ E BAYAN,ASSURD/2014/55385,2014-04-22,Urdu,Daily,MANOJ KUMAR MISHRA,MANOJ KUMAR MISHRA,Assam,Kamrup Metropolitan
ANDAZ E LUCKNOW,UPHIN/2010/33668,2010-09-21,Hindi,Weekly,ALI HASAN,ALI HASAN,Uttar Pradesh,Lucknow
ANDAZ E POLITICS,UPURD/2021/83971,2023-04-25,Urdu,Daily,ABDUL ALI,ABDUL ALI,Uttar Pradesh,Lucknow
ANDEKHA ANSUNA,MPHIN/2021/82677,2022-11-09,Hindi,Monthly,RIZWAN HUSAIN SIDDIQUI,RIZWAN HUSAIN SIDDIQUI,Madhya Pradesh,Bhopal
ANDEKHA PEHLU,UTTHIN/2012/45228,2012-09-14,Hindi,Monthly,MAHESH KAUSHIK,MAHESH KAUSHIK,Uttarakhand,Dehradun
ANDEKHI KHABAR,UPHIN/2023/90184,2024-11-19,HINDI,Weekly,SACHIN KUMAR,SACHIN KUMAR,Uttar Pradesh,Hapur
ANDHA AINA,UPHIN/2013/56252,2014-07-18,Hindi,Weekly,MASOOD AHMED,MASOOD AHMED,Uttar Pradesh,Moradabad
ANDHA KANOON,GUJGUJ/2006/22857,2008-02-13,Gujarati,Daily,SHAILESH HASMUKHBHAI PANCHAL,SHAILESH HASMUKHBHAI PANCHAL,Gujarat,Ahmedabad
ANDHAIYAAR BADIL,53656,1991-12-13,Tamil,Daily,D. DEENADHAYALAN,D. DEENADHAYALAN,Tamil Nadu,Chennai
ANDHAKAR MAI JYOTI,57650,1994-01-04,Hindi,Weekly,RAVINDER KISHOR SHRIVASTA,RAVINDER KISHORE,Uttar Pradesh,Lucknow
ANDHARA KALAM,APTEL/2020/82712,2022-11-22,Telugu,Daily,EARLA SRINIVASARAO,EARLA SRINIVASARAO,Andhra Pradesh,Prakasam
ANDHARIPATRIKA,APTEL/2021/85373,2023-09-19,Telugu,Daily,V VIJAYA LAKSHMI,V VIJAYA LAKSHMI,Andhra Pradesh,N T R
ANDHER YA INSAF,20272,1970-08-15,Hindi,Fortnightly,SHYAM LAL ALBELA,SHYAM LAL ALBELA,Uttar Pradesh,Jhansi
ANDHERE KI AWAZ,MPHIN/2006/19131,2007-04-12,Hindi,Monthly,PT. RAM GOPAL SHARMA,PT.RAM GOPAL SHARMA,Madhya Pradesh,Indore
ANDHERE SE UJALE KI AUR,MPHIN/2009/31875,2010-04-16,Hindi,Monthly,RAVINDRA SHARMA,RAVINDRA SHARMA,Madhya Pradesh,Bhopal
ANDHERE SE UJALE KI AUR,MPHIN/26/A4108,2026-05-22,Hindi,Weekly,Ravindra Sharma,Ravindra Sharma,Madhya Pradesh,Bhopal
ANDHI DUNIYA,UPHIN/2009/30249,2010-01-01,Hindi,Weekly,ASHOK KUMAR SRIVASTAVA,ASHOK KUMAR SRIVASTAVA,Uttar Pradesh,Fatehpur
ANDHIMAZHAI,TNTAM/2012/48888,2013-04-01,Tamil,Monthly,Asokan N,DREAM SERVE NETWORK PRIVATE LIMITED,Tamil Nadu,Chennai
ANDHKAR ME PRAKASH,56899,1993-09-15,Hindi,Weekly,DURGA SHIVPAT RAM,DURGA SHIVPAT RAM,Uttar Pradesh,Lucknow
ANDHKAR SE MUKTI,UPHIN/2008/26825,2009-01-21,Hindi,Weekly,PAWAN KUMAR GUPTA,PAWAN KUMAR GUPTA,Uttar Pradesh,Hardoi
ANDHRA AKSHRA,APTEL/2012/45205,2017-05-03,Telugu,Monthly,SHAIK. MAHABOOB BASHA,SHAIK MAHABOOB BASHA,Andhra Pradesh,Kurnool
ANDHRA AKSHRA,APTEL/2010/33325,2017-05-03,Telugu,Daily,SHAIK. MAHABOOB BASHA,SHAIK MAHABOOB BASHA,Andhra Pradesh,Kurnool
ANDHRA BHERI,APTEL/2001/05839,2002-01-30,TELUGU,Monthly,MARELLA JYOTHI VIJAYA LAKSHMI KUMARI,MARELLA JYOTHI VIJAYA LAKSHMI KUMARI,Andhra Pradesh,Sri Potti Sriramulu Nellore
ANDHRA BHOOMI,APTEL/1999/00409,2000-02-24,Telugu,Daily,K.SUDHAKAR,DECCAN CHRONICLE HOLDINGS LTD,Andhra Pradesh,Anantapur
ANDHRA BHOOMI,5595,1994-02-25,Telugu,Daily,T. VENKATESWARLU,DECCAN CHRONICLE HOLDINGS LTD.,Telangana,Hyderabad
ANDHRA BHOOMI,44814,2010-03-23,Telugu,Daily,K. SUDHAKAR,DECCAN CHRONICLE HOLDINGS LTD,Andhra Pradesh,N T R
ANDHRA BHOOMI,APTEL/2003/11049,2003-10-24,Telugu,Daily,K SUDHAKAR,DECCAN CHRONICLE HOLDINGS LTD,Andhra Pradesh,Sri Potti Sriramulu Nellore
ANDHRA BHOOMI,52743,2012-11-06,Telugu,Daily,K. SUDHAKAR,DECCAN CHRONICLE HOLDINGS LTD.,Andhra Pradesh,N T R
ANDHRA BHOOMI,61664,1994-02-28,Telugu,Daily,K SUDHAKAR,DECCAN CHRONICLE HOLDINGS LTD,Andhra Pradesh,East Godavari
ANDHRA BHOOMI,APTEL/2001/04767,2012-11-06,Telugu,Daily,MR K SUDHAKAR,DECCAN CHRONICLE HOLDINGS LTD,Andhra Pradesh,Karimnagar
ANDHRA BHOOMI SACHITRA MASA PATRIKA,32317,2010-03-17,Telugu,Monthly,T. VENKATESWARLU,DECCAN CHRONICLE HOLDINGS LTD,Telangana,Hyderabad
ANDHRA BHOOMI SACHITRA VARA PATRIKA,32159,2010-03-17,Telugu,Weekly,T. VENKATESWARLU,DECCAN CHRONICLE HOLDINGS LTD,Telangana,Hyderabad
ANDHRA BHUPATI,APTEL/25/A2539,2025-09-15,Telugu,Daily,MASAPOGU ESWARAIAH,MASAPOGU ESWARAIAH,Andhra Pradesh,Kurnool
ANDHRA CHAITANYA RADHAM,APTEL/2023/88077,2024-07-26,TELUGU,Daily Evening,MUGADA JAGADEESH,MUGADA JAGADEESH,Andhra Pradesh,Vizianagaram
ANDHRA CHAMBER OF COMMERCE BULLETIN,APBIL/2010/34727,2012-08-06,"English, Telugu",Monthly,TIPIRNENI PARDHASARADHI,THE ANDHRA CHAMBER OF COMMERCE AND INDUSTRY ASSOCIATION,Andhra Pradesh,N T R
ANDHRA CONSUMER RIGHT,APTEL/2023/88587,2024-08-20,TELUGU,Weekly,PENTAKOTA VENKATA NAGESWARARAO,PENTAKOTA VENKATA NAGESWARARAO,Andhra Pradesh,Visakhapatnam
ANDHRA DAIRY,APTEL/2013/49617,2013-05-13,Telugu,Daily,KANDI VENKATA UMAMAHESWARA RAO,KANDI VENKATA UMAMAHESWARA RAO,Andhra Pradesh,Khammam
ANDHRA DAIRY,APTEL/2013/49616,2013-05-13,Telugu,Daily,KANDI VENKATA UMAMAHESWARA RAO,KANDI VENKATA UMAMAHESWARA RAO,Andhra Pradesh,Kakinada
ANDHRA DAIRY,APTEL/2010/36300,2011-03-21,Telugu,Daily,KANDI VENKATA UMAMAHESWARA RAO,KANDI VENKATA UMA MA,Andhra Pradesh,Visakhapatnam
ANDHRA DAIRY,APTEL/2006/18199,2007-01-17,Telugu,Daily,KANDI VENKATA UMA MAHESWARA RAO,KANDI VENKATA UMA MAHESWARA RAO,Andhra Pradesh,Eluru
ANDHRA ECHO,APENG/2010/33554,2010-09-07,English,Daily,CH . RAMI REDDY,CH. RAMI REDDY,Andhra Pradesh,Hyderabad
ANDHRA ECHO,APENG/2014/56967,2014-09-05,English,Daily,CH. RAMI REDDY,CH. RAMI REDDY,Andhra Pradesh,Guntur
ANDHRA FOCUS,APTEL/2018/76439,2018-11-22,Telugu,Daily,THATIPUDI VARAHA VENKATA SATYANARAYANA,THATIPUDI VARAHA VENKATA SATYANARAYANA,Andhra Pradesh,Visakhapatnam
ANDHRA JANAM,APTEL/2017/71943,2017-05-23,Telugu,Daily,GADDALA NAGABHUSHANAM,GADDALA NAGA BHUSHANAM,Andhra Pradesh,Guntur
ANDHRA JANATA,3261,1955-05-15,Telugu,Daily,SEETA YUDHVIR,JANTHA TRUST,Telangana,Hyderabad
ANDHRA JYOTHI,APTEL/2003/09741,2012-08-31,Telugu,Daily,KOGANTI VENKATA SESHAGIRI RAO,AAMODA PUBLICATIONS PVT. LTD.,Telangana,Warangal
ANDHRA JYOTHI,44936,2012-08-31,Telugu,Daily,KOGANTI VENKATA SESHAGIRI RAO,AAMODA PUBLICATIONS PVT. LTD.,Andhra Pradesh,Chittoor
ANDHRA JYOTHI,APTEL/2003/09832,2012-08-31,Telugu,Daily,KOGANTI VENKATA SESHAGIRI RAO,AAMODA PUBLICATIONS PVT. LTD.,Andhra Pradesh,West Godavari
ANDHRA JYOTHI,APTEL/2004/11740,2012-08-31,Telugu,Daily,KOGANTI VENKATA SESHAGIRI RAO,AAMODA PUBLICATIONS PVT. LTD.,Andhra Pradesh,East Godavari
ANDHRA JYOTHI,APTEL/2003/10031,2012-08-31,Telugu,Daily,KOGANTI VENKATA SESHAGIRI RAO,AAMODA PUBLICATIONS PVT. LTD.,Andhra Pradesh,Ananthapuramu
ANDHRA JYOTHI,APTEL/2004/11932,2012-08-31,Telugu,Daily,KOGANTI VENKATA SESHAGIRI RAO,AAMODA PUBLICATIONS PVT. LTD.,Telangana,Khammam
ANDHRA JYOTHI,APTEL/2003/09781,2003-03-13,Telugu,Daily,KOGANTI VENKATA SESHAGIRI RAO,AAMODA PUBLICATIONS PVT. LTD.,Andhra Pradesh,Guntur
ANDHRA JYOTHI,KARTEL/2006/19826,2012-10-23,Telugu,Daily,G V SRIKANTH,AAMODA PUBLICATIONS PVT. LTD.,Karnataka,Bengaluru
ANDHRA JYOTHI,APTEL/2004/13036,2013-07-08,Telugu,Daily,KOGANTI VENKATA SESHAGIRI RAO,AAMODA PUBLICATIONS PVT. LTD.,Telangana,Nalgonda
ANDHRA JYOTHI,APTEL/2008/24549,2012-08-31,Telugu,Daily,KOGANTI VENKATA SESHAGIRI RAO,AAMODA PUBLICATIONS PVT. LTD.,Telangana,Mahbubnagar
ANDHRA JYOTHI,APTEL/2003/11850,2012-10-26,Telugu,Daily,KOGANTI VENKATA SESHAGIRI RAO,AAMODA PUBLICATIONS PVT. LTD.,Andhra Pradesh,Y.S.R.
ANDHRA JYOTHI,52780,2013-07-08,Telugu,Daily,KOGANTI VENKATA SESHAGIRI RAO,AAMODA PUBLICATIONS PVT. LTD.,Andhra Pradesh,Visakhapatnam
ANDHRA JYOTHI,APTEL/2004/11742,2013-07-08,Telugu,Daily,KOGANTI VENKATA SESHAGIRI RAO,AAMODA PUBLICATIONS PVT. LTD.,Andhra Pradesh,Sri Potti Sriramulu Nellore
ANDHRA JYOTHI,APTEL/2003/09742,2012-08-31,Telugu,Daily,KOGANTI VENKATA SESHAGIRI RAO,AAMODA PUBLICATIONS PVT. LTD.,Telangana,Karimnagar
ANDHRA JYOTHI,TNTEL/2006/17401,2006-09-29,Telugu,Daily,KOGANTI VENKATA SESHAGIRI RAO,AAMODA PUBLICATIONS PVT. LTD.,Tamil Nadu,Chennai
ANDHRA JYOTHI,APTEL/2004/11741,2013-07-08,Telugu,Daily,KOGANTI VENKATA SESHAGIRI RAO,AAMODA PUBLICATIONS PVT. LTD.,Andhra Pradesh,Srikakulam
ANDHRA JYOTHI,44903,2012-12-21,Telugu,Daily,KOGANTI VENKATA SESHAGIRI RAO,AAMODA PUBLICATIONS PVT.LTD.,Telangana,Hyderabad
ANDHRA JYOTHI,APTEL/2004/12966,2012-09-14,Telugu,Daily,KOGANTI VENKATA SESHAGIRI RAO,AAMODA PUBLICATIONS PVT. LTD.,Andhra Pradesh,Prakasam
ANDHRA JYOTHI,APTEL/2004/12975,2012-09-11,Telugu,Daily,KOGANTI VENKATA SESHAGIRI RAO,AAMODA PUBLICATIONS PVT. LTD.,Telangana,Nizamabad
ANDHRA JYOTHI,APTEL/2004/11739,2013-07-08,Telugu,Daily,KOGANTI VENKATA SESHAGIRI RAO,AAMODA PUBLICATIONS PVT. LTD.,Andhra Pradesh,Kurnool
ANDHRA JYOTHI,3470,2012-08-31,Telugu,Daily,KOGANTI VENKATA SESHAGIRI RAO,AAMODA PUBLICATIONS PVT. LTD.,Andhra Pradesh,Krishna
ANDHRA LAW TIMES,69919,1999-05-02,English,Fortnightly,L D GOGIA,K.S GOGIA,Telangana,Hyderabad
ANDHRA LAW TIMES (LEGISLATIVE SUPPLEMENT),69920,1999-05-02,English,Monthly,L D GOGIA,L.D.GOGIA,Andhra Pradesh,Hyderabad
ANDHRA LAW TIMES (REVENUE),69921,1999-05-02,English,Monthly,L.D. GOGIA,L.D.GOGIA,Telangana,Hyderabad
ANDHRA LAXMI,APTEL/2015/63884,2015-08-25,Telugu,Daily,SHAIK GHOUSE BASHA,SHAIK GHOUSE BASHA,Andhra Pradesh,Sri Potti Sriramulu Nellore
ANDHRA LAXMI,APTEL/2009/29147,2009-10-08,Telugu,Weekly,SHAIK GHOUSE BASHA,SHAIK GHOUSE BASHA,Andhra Pradesh,Sri Potti Sriramulu Nellore
ANDHRA LEGAL DECISIONS,70422,1999-08-04,English,Fortnightly,HASIN AHMAD,HASIN AHMED,Telangana,Hyderabad
ANDHRA LEGAL DECISIONS (CRIMINAL),APENG/2000/01959,2000-09-23,English,Monthly,HASIN AHMED,HASIN AHMED,Telangana,Hyderabad
ANDHRA LEKHA,APTEL/2008/27504,2009-04-20,Telugu,Daily,METTA KRISHNA RAO,METTA KRISHNA RAO,Andhra Pradesh,Visakhapatnam
ANDHRA LOKHAM,APTEL/2018/74871,2018-02-23,Telugu,Daily,BANDARU SATYANARAYANA,BANDARU SATYANARAYANA,Andhra Pradesh,Visakhapatnam
ANDHRA LUTHERAN,10923,1957-01-01,Telugu,Monthly,REV. D.V. DANIEL,ANDHRA EVANGELICAL LURTHERAN CHURCH,Andhra Pradesh,Guntur
ANDHRA MINDS,APTEL/2016/70237,2017-01-31,Telugu,Daily,KOMMINENI PRASAD,KOMMINENI.PRASAD,Andhra Pradesh,Guntur
ANDHRA MONARCH,APTEL/2023/87684,2024-06-26,TELUGU,Daily,VARIGONDA KASI VISWESWARA RAO,VARIGONDA KASI VISWESWARA RAO,Andhra Pradesh,N T R
ANDHRA MUCHATLU,APTEL/2023/88191,2024-07-29,TELUGU,Monthly,ANUMULA THARA SHANKAR,ANUMULA THARA SHANKAR,Andhra Pradesh,Sri Potti Sriramulu Nellore
ANDHRA MUTHYAM,APTEL/2011/36819,2011-04-18,Telugu,Daily,BANDRA RAMACHANDRAIAH,"BANDA RAMACHANDRAIAH,",Andhra Pradesh,Chittoor
ANDHRA NAADI,APTEL/2012/46501,2012-11-20,Telugu,Daily,S. JAKEER HUSSAIN,S. JAKEER HUSSAIN,Andhra Pradesh,Kurnool
ANDHRA NEWS,APTEL/26/A1544,2026-03-16,Telugu,Daily,Padala Chakra Veni,Padala Chakra Veni,Andhra Pradesh,Chittoor
ANDHRA NEWS,APTEL/25/A5078,2025-12-11,Telugu,Daily,Padala Chakra Veni,Padala Chakra Veni,Andhra Pradesh,Kakinada
ANDHRA NEWS,APTEL/2023/88447,2025-09-17,Telugu,Daily,PADALA CHAKRA VENI,PADALA CHAKRA VENI,Andhra Pradesh,East Godavari
ANDHRA NEWS,APTEL/26/A1915,2026-03-25,Telugu,Daily,Padala Chakra Veni,Padala Chakra Veni,Andhra Pradesh,Visakhapatnam
ANDHRA NEWS,APTEL/26/A1916,2026-03-25,Telugu,Daily,Padala Chakra Veni,Padala Chakra Veni,Andhra Pradesh,Krishna
ANDHRA NYAYA ANVESHITHA,APTEL/2018/76555,2018-12-14,Telugu,Daily,PIDUGULA DEVENDER,PIDUGULA DEVENDER,Andhra Pradesh,Kurnool
ANDHRA OUTLOOK,APTEL/2023/90099,2024-11-12,TELUGU,Monthly,JAGADESHWARA RAO DASARI,JAGADESHWARA RAO DASARI,Andhra Pradesh,Srikakulam
ANDHRA PAKSHAM,APTEL/2015/63168,2015-07-09,Telugu,Daily,D. PEDDA JAMAL BASHA,D. PEDDA JAMAL BASHA,Andhra Pradesh,Kurnool
ANDHRA PATHAM,APTEL/2013/48080,2013-02-18,Telugu,Daily,N.P.RAMA RAO,N.P.RAMA RAO,Andhra Pradesh,Visakhapatnam
ANDHRA PATRIKA,10721,1965-06-29,Telugu,Daily,KANCHARLA RAMAIAH,NAGESWAR RAO ESTATE PRIVATE LTD.,Andhra Pradesh,N T R
ANDHRA PATRIKA UDAYAM DINAPATRIKA,APTEL/2015/64910,2015-11-24,Telugu,Daily,R.SUSEELA DEVI,R.SUSEELA DEVI,Andhra Pradesh,Krishna
ANDHRA POWER,APTEL/2015/63513,2015-07-31,Telugu,Daily,MOHAMAD ESMAIL,MOHAMAD ESMAIL,Andhra Pradesh,Visakhapatnam
ANDHRA PRABHA,32178,2012-04-09,Telugu,Daily,MOOTHA GOUTAM,ANDHRA PRABHA PUBLICATIONS LTD.,Telangana,Hyderabad
ANDHRA PRABHA,49492,1988-01-01,Telugu,Daily,,,Andhra Pradesh,
ANDHRA PRABHA,3464,2006-10-11,TELUGU,Daily,MOOTHA GOPALA KRISHNA,ANDHRA PRABHA PUBLICATIONS LIMITED,Andhra Pradesh,Krishna
ANDHRA PRABHA,44902,2013-04-17,Telugu,Daily,MOOTHA GOUTAM,ANDHRA PRABHA PUBLICATIONS LIMITED,Andhra Pradesh,Visakhapatnam
ANDHRA PRABHA,TELTEL/2003/10542,2003-08-18,TELUGU,Daily,MOOTHA GOUTAM,ANDHRA PRABHA PUBLICATIONS LIMITED,Telangana,Karimnagar
ANDHRA PRABHA,APTEL/2006/20810,2007-08-13,Telugu,Daily,MOOTHA GOPALA KRISHNA,ANDHRA PRABHA PUBLICATIONS LIMITED,Andhra Pradesh,Kurnool
ANDHRA PRABHA,APTEL/2003/10541,2003-08-18,TELUGU,Daily,MOOTHA GOUTAM,ANDHRA PRABHA PUBLICATIONS LIMITED,Andhra Pradesh,East Godavari
ANDHRA PRABHA,APTEL/2008/26174,2008-11-11,Telugu,Daily,MOOTHA GOPALA KRISHNA,ANDHRA PRABHA PUBLICATIONS LIMITED,Andhra Pradesh,Sri Potti Sriramulu Nellore
ANDHRA PRABHA,TELTEL/2009/28777,2009-08-24,Telugu,Daily,MOOTHA GOPALA KRISHNA,ANDHRA PRABHA PUBLICATIONS LIMITED,Telangana,Nizamabad
ANDHRA PRABHA,APTEL/2003/10543,2003-08-18,Telugu,Daily,MOOTHA GOPALAKRISHNA,ANDHRA PRABHA PUBLICATIONS LIMITED,Andhra Pradesh,Chittoor
ANDHRA PRABHA,APTEL/2003/10544,2003-08-18,Telugu,Daily,MOOTHA GOPALA KRISHNA,ANDHRA PRABHA PUBLICATIONS LIMITED,Andhra Pradesh,Krishna
ANDHRA PRABHA,APTEL/2008/25288,2008-08-13,Telugu,Daily,MOOTHA GOUTAM,ANDHRA PRABHA PUBLICATIONS LIMITED,Andhra Pradesh,Anantapur
ANDHRA PRABHA,TELTEL/2007/20813,2007-08-14,Telugu,Daily,MOOTHA GOUTAM,ANDHRA PRABHA PUBLICATIONS LIMITED,Telangana,Nalgonda
ANDHRA PRADESH,APENG/2007/20679,2007-08-02,English,Monthly,G. VALLISWAR,DIRECTOR OF INFORMATION AND PUBLIC  RELATIONS,Andhra Pradesh,Hyderabad
ANDHRA PRADESH,10926,1967-06-23,Telugu,Monthly,RAMESH BABU KANDULA,DIRECTOR OF INFORMATION AND PUBLIC  RELATIONS,Telangana,Hyderabad
ANDHRA PRADESH CHEMIST,27693,2005-12-12,"English, Telugu",Monthly,DR. GHISULAL JAIN,ANDHRA PRADESH CHEMISTS & DRUGISTS ASSOCIATION,Telangana,Hyderabad
ANDHRA PRADESH KARMIKULA NEWS,APTEL/2017/75242,2018-05-18,Telugu,Daily,THALETI RAMA CHANDRAIAH,THALETI RAMA CHANDRAIAH,Andhra Pradesh,Chittoor
ANDHRA PRADESH PANCHAYATI RAJ UPADYAYA,70860,1999-06-09,Telugu,Monthly,B. MOHAN REDDY,PANCHAYATI RAJ TEACHERS` UNION ANDHRA PRADESH,Telangana,Hyderabad
ANDHRA PRADESH SAMACHARAM,APTEL/25/A2057,2025-08-04,Telugu,Daily,Shaik Azhar,Shaik Azhar,Andhra Pradesh,East Godavari
ANDHRA PRADESH SHASANA SABHA,TELTEL/2016/69086,2016-10-24,Telugu,Daily,TATIRAJU VENKATA RAO,TATIRAJU VENKATA RAO,Telangana,Rangareddy
ANDHRA PRADESH STATE GOVERNMENT RETIRED EMPLOYEES ASSOCIATION PENSIONERS VAARTHA,APBIL/2018/76086,2018-09-17,"English, Telugu",Monthly,Putcha SSN Prabhakara Sastry,ANDHRA PRADESH STATE GOVERNMENT RETIRED EMPLOYEES ASSOCIATION,Andhra Pradesh,Krishna
ANDHRA PRADESH THOGATA VEERA KSHATRIYA SAMACHAR,APTEL/2017/73963,2017-11-24,Telugu,Monthly,PHERUMALU RAAGHAVENDHRA,PHERUMALU RAAGHAVENDHRA,Andhra Pradesh,Kurnool
ANDHRA PRAKASIKA,APTEL/26/A1622,2026-03-17,Telugu,Monthly,SIRASALA KIRAN KUMAR,SIRASALA KIRAN KUMAR,Andhra Pradesh,Anantapur
ANDHRA PRATHI,APTEL/2023/86611,2024-02-29,Telugu,Daily,DASARI SATHISH KUMAR,DASARI SATHISH KUMAR,Andhra Pradesh,Anantapur
ANDHRA PUBLIC,APTEL/2016/70459,2017-02-22,Telugu,Daily,SEERAPU APPA RAO,SEERAPU APPA RAO,Andhra Pradesh,Visakhapatnam
ANDHRA PULSE,APTEL/26/A3851,2026-05-18,Telugu,Monthly,MALLEMSETTY RAJ KIRAN,MALLEMSETTY RAJ KIRAN,Andhra Pradesh,Guntur
ANDHRA REKHA,APTEL/2009/30185,2009-12-24,Telugu,Daily,MARPU VASANTHA BABU,MARPU VASANTHA BABU,Andhra Pradesh,Guntur
ANDHRA SAMAJIKAM,APTEL/2021/86433,2024-02-13,Telugu,Weekly,KOYYA DORABABU,KOYYA DORABABU,Andhra Pradesh,East Godavari
ANDHRA SHAKTI,APTEL/2010/38035,2011-06-27,Telugu,Daily,M.ABDUL RAWOOF,M.ABDUL RAWOOF,Andhra Pradesh,N T R
ANDHRA SHAKTI,APTEL/1999/00109,2000-01-20,Telugu,Daily,M.A.RAWOOF,M.ABDUL RAWOOF,Andhra Pradesh,Hyderabad
ANDHRA SIMHAM,APTEL/25/A1736,2025-07-07,Telugu,Weekly,CHINTHAKAYALA DORABABU,CHINTHAKAYALA DORABABU,Andhra Pradesh,West Godavari
ANDHRA SIMHAM,APTEL/25/A4903,2025-12-08,Telugu,Daily,CHINTHAKAYALA DORABABU,CHINTHAKAYALA DORABABU,Andhra Pradesh,West Godavari
ANDHRA STARS,APTEL/2013/54449,2014-02-04,Telugu,Monthly,PABBARAJU NAGESWARA RAO,PABBARAJU NAGESWARA RAO,Andhra Pradesh,Guntur
ANDHRA SWAPNAM,APTEL/2017/71486,2017-05-08,Telugu,Weekly,N. SWAPNA PRIYA,N SWAPNA PRIYA,Andhra Pradesh,Kurnool
ANDHRA TAGORE,APTEL/2007/22820,2008-02-04,Telugu,Daily,KOTTA NAGESWARARAO,KOTTA NAGESWARARAO,Andhra Pradesh,East Godavari
ANDHRA THIS DAY,APTEL/2016/70287,2017-01-31,Telugu,Weekly,KUNCHAM CHINA VENKATA RAMANAIAH,KUNCHAM CHINA VENKATA RAMANAIAH,Andhra Pradesh,Sri Potti Sriramulu Nellore
ANDHRA THIS MONTH,APTEL/2016/70243,2017-01-31,Telugu,Monthly,KUNCHAM CHINA VENKATA RAMANAIAH,KUNCHAM CHINA VENKATA RAMANAIAH,Andhra Pradesh,Sri Potti Sriramulu Nellore
ANDHRA THIS WEEK,APTEL/2002/06526,2002-04-30,Telugu,Weekly,KUNCHAM CHINA VENKATA RAMANAIAH,KUNCHAM CHINA VENKATA RAMANAIAH,Andhra Pradesh,Sri Potti Sriramulu Nellore
ANDHRA TIGER,APTEL/2016/69734,2016-12-26,Telugu,Monthly,KANTIPAMULA SRINIVASU RAO,KANTIPAMULA SRINIVASU RAO,Andhra Pradesh,Visakhapatnam
ANDHRA TODAY,APTEL/2004/12610,2004-06-02,Telugu,Weekly,BEJJAM SAI PRASAD,BEJJAM SAI PRASAD,Andhra Pradesh,Guntur
ANDHRA VAARTHA,APTEL/26/A0825,2026-01-29,Telugu,Monthly,KANAKALA RAMA RAO,KANAKALA RAMA RAO,Andhra Pradesh,Srikakulam
ANDHRA VANAM,APTEL/26/A6183,2026-07-25,Telugu,Monthly,REDDI RAJASEKHAR,REDDI RAJASEKHAR,Andhra Pradesh,Visakhapatnam
ANDHRA VARADHAYINI,APTEL/2018/76717,2019-01-25,Telugu,Monthly,AREE KRISHNA KUMAR,AREE KRISHNA KUMAR,Andhra Pradesh,Sri Potti Sriramulu Nellore
ANDHRA VARAHI,APTEL/26/A2743,2026-04-17,Telugu,Daily,Thatipati Chennaiah,Thatipati Chennaiah,Andhra Pradesh,Kurnool
ANDHRA VOICE,APTEL/2007/22612,2008-01-18,Telugu,Daily,B. GIRI BABU,B.GIRI BABU,Andhra Pradesh,N T R
ANDHRA VOICE,APENG/2016/67384,2016-06-06,English,Daily,B. GIRI BABU,B. GIRI BABU,Andhra Pradesh,Visakhapatnam
ANDHRA VOICE,TELTEL/2014/57562,2014-10-01,Telugu,Daily,B.GIRI BABU,B.GIRI BABU,Telangana,Hyderabad
ANDHRA VOICE,APTEL/2007/23070,2008-02-25,Telugu,Daily,B. GIRI BABU,B.GIRI BABU,Andhra Pradesh,Tirupati
ANDHRA VOICE,APTEL/2004/14232,2004-12-30,Telugu,Daily,B.GIRI BABU,B.GIRI BABU,Andhra Pradesh,Visakhapatnam
ANDHRA VUTHARAM,APTEL/2016/69313,2016-11-11,Telugu,Monthly,K.KIRAN KUMAR,K.KIRAN KUMAR,Andhra Pradesh,Visakhapatnam
ANDHRA WITNESS,15732,1967-01-01,"English, Telugu, Urdu",Weekly,MOHD. GHOUSE MOHIUDDIN UROOG,MOHD. GHOUSE MOHIUDDIN UROOG,Telangana,Hyderabad
ANDHRA WONDER,APTEL/2017/75636,2018-07-30,Telugu,Monthly,SINGURU VASUDEVARAO,SINGURU VASUDEVARAO,Andhra Pradesh,Srikakulam
ANDHRA YOUTH,APTEL/2016/70782,2017-03-28,Telugu,Monthly,PULLETIKURTI KRISHNA MOHAN,PULLETIKURTI KRISHNA MOHAN,Andhra Pradesh,Srikakulam
ANDHRA-9,APTEL/2010/32880,2010-09-22,Telugu,Monthly,K.CHAKRAVARTHY,K.CHAKRAVARTHY,Andhra Pradesh,Visakhapatnam
ANDHRAJAGATI,APTEL/2016/69468,2016-12-06,Telugu,Daily,B. SURYARAO,B.SURYARAO,Andhra Pradesh,Visakhapatnam
ANDHRAJANANAADU,APTEL/26/A2361,2026-04-09,Telugu,Daily,M A NAVEEN KUMAR,M A NAVEEN KUMAR,Andhra Pradesh,Visakhapatnam
ANDHRAJANANAADU,APTEL/26/A2364,2026-04-09,Telugu,Daily,M A NAVEEN KUMAR,M A NAVEEN KUMAR,Andhra Pradesh,Sri Potti Sriramulu Nellore
ANDHRAJANANAADU,APTEL/26/A2365,2026-04-09,Telugu,Daily,M A NAVEEN KUMAR,M A NAVEEN KUMAR,Andhra Pradesh,Kurnool
ANDHRAJANANAADU,APTEL/26/A2847,2026-04-28,Telugu,Daily,M A NAVEEN KUMAR,M A NAVEEN KUMAR,Andhra Pradesh,Y.S.R.
ANDHRAJANANAADU,APTEL/26/A2021,2026-03-27,Telugu,Daily,M A NAVEEN KUMAR,M A NAVEEN KUMAR,Andhra Pradesh,Guntur
ANDHRAJANANAADU,APTEL/26/A2363,2026-04-09,Telugu,Daily,M A NAVEEN KUMAR,M A NAVEEN KUMAR,Andhra Pradesh,East Godavari
ANDHRAJANANAADU,APTEL/26/A2020,2026-03-27,Telugu,Daily,M A NAVEEN KUMAR,M A NAVEEN KUMAR,Andhra Pradesh,Prakasam
ANDHRAJANANAADU,APTEL/25/A4660,2025-12-03,Telugu,Daily,M A NAVEEN KUMAR,M A NAVEEN KUMAR,Andhra Pradesh,Ananthapuramu
ANDHRAJANANAADU,APTEL/26/A2362,2026-04-09,Telugu,Daily,M A NAVEEN KUMAR,M A NAVEEN KUMAR,Andhra Pradesh,Chittoor
ANDHRALO EEROJU,APTEL/25/A4022,2025-11-19,Telugu,Monthly,MALLEMSETTI LAKSHMANA RAO,MALLEMSETTI LAKSHMANA RAO,Andhra Pradesh,Guntur
ANDHRALO NETI VAARTHALU,APTEL/25/A2782,2025-09-22,Telugu,Monthly,GOMPA RAJU,GOMPA RAJU,Andhra Pradesh,Visakhapatnam
ANDHRAMANAM,APTEL/25/A3753,2025-11-06,Telugu,Daily,C B MOHAN RAO,C B MOHAN RAO,Andhra Pradesh,Chittoor
ANDHRAMANAM,APTEL/26/A4163,2026-05-25,Telugu,Daily,C B MOHAN RAO,C B MOHAN RAO,Andhra Pradesh,Kurnool
ANDHRAMANAM,APTEL/26/A4802,2026-06-08,Telugu,Daily,C B MOHAN RAO,C B MOHAN RAO,Andhra Pradesh,Y.S.R.
ANDHRAMANAM,APTEL/26/A4847,2026-06-09,Telugu,Daily,C B MOHAN RAO,C B MOHAN RAO,Andhra Pradesh,Visakhapatnam
ANDHRAMANAM,APTEL/26/A6681,2026-08-12,Telugu,Daily,C B MOHAN RAO,C B MOHAN RAO,Andhra Pradesh,Madanapalle
ANDHRAMANAM,APTEL/26/A6680,2026-08-12,Telugu,Daily,C B MOHAN RAO,C B MOHAN RAO,Andhra Pradesh,Sri Potti Sriramulu Nellore
ANDHRAMANAM,APTEL/26/A5018,2026-06-11,Telugu,Daily,C B MOHAN RAO,C B MOHAN RAO,Andhra Pradesh,East Godavari
ANDHRAMANAM,APTEL/26/A4801,2026-06-08,Telugu,Daily,C B MOHAN RAO,C B MOHAN RAO,Andhra Pradesh,Ananthapuramu
ANDHRAMANAM,APTEL/26/A6401,2026-08-07,Telugu,Daily,C B MOHAN RAO,C B MOHAN RAO,Andhra Pradesh,Guntur
ANDHRAMANAM,APTEL/26/A4101,2026-05-22,Telugu,Daily,C B MOHAN RAO,C B MOHAN RAO,Andhra Pradesh,Krishna
ANDHRANADU,APTEL/2009/28733,2009-08-20,Telugu,Daily,M. HARIBABU,M. HARIBABU,Andhra Pradesh,Chittoor
ANDHRANEWSHUB,APTEL/25/A4793,2025-12-05,Telugu,Daily,BEEDUPALLI SHEKSHAVALI,BEEDUPALLI SHEKSHAVALI,Andhra Pradesh,Ananthapuramu
ANDHRAREALITY TELUGUDAILY,APTEL/26/A3389,2026-05-11,Telugu,Daily,MULINTI JOGIREDDY,MULINTI JOGIREDDY,Andhra Pradesh,Ananthapuramu
ANDHRATEJAM,APTEL/2022/82555,2022-10-25,Telugu,Weekly,KATTA SRINIVASA RAJU,KATTA SRINIVASA RAJU,Andhra Pradesh,West Godavari
ANDHRAVIPLAVAM,APTEL/25/A2510,2025-09-15,Telugu,Daily,CHEJERLA RAMAKRISHNA,CHEJERLA RAMAKRISHNA,Andhra Pradesh,Guntur
ANDHRAWALA,APTEL/2010/33224,2010-08-09,Telugu,Daily,K. WILLIAM JOHNSON,K. WILLIAM JOHNSON,Andhra Pradesh,Hyderabad
ANDHRAWALA,APTEL/2011/40556,2012-01-31,Telugu,Daily,K. WILLIAM JOHNSON,K. WILLIAM JOHNSON,Andhra Pradesh,Eluru
ANDHRAWALA,APTEL/2011/40555,2012-01-31,Telugu,Monthly,K. WILLIAM JOHNSON,K. WILLIAM JOHNSON,Andhra Pradesh,Eluru
ANDHRAWAVES,APTEL/2023/89462,2024-10-10,TELUGU,Monthly,KANDREGULA MOHAN BABU,KANDREGULA MOHAN BABU,Andhra Pradesh,Visakhapatnam
ANDHRUDU,APTEL/2012/46500,2012-11-20,Telugu,Daily,T. RAJASEKHAR,T. RAJASEKHAR,Andhra Pradesh,Kurnool
ANDHRULA AKSHARA JYOTHI UDYAMAM,APTEL/26/A6712,2026-08-12,Telugu,Daily,KUPPISETTI LAKSHMI TAYARU,KUPPISETTI LAKSHMI TAYARU,Andhra Pradesh,West Godavari
ANDHSHRADHA NIRMULAN PATRIKA,MAHMAR/2022/83669,2023-03-31,Marathi,Monthly,SANJAY BAPURAO BANSODE,VIVEK JAGAR SANSTHA,Maharashtra,Sangli
ANDHSHRADHA NIRMULAN VARTA PATRA,MAHMAR/2000/02965,2000-02-27,Marathi,Monthly,RAHUL SURYAKANT THORAT,MAHARASHTRA ANDHASHRADDHA NIRMULAN SAMITI,Maharashtra,Sangli
ANDICHYA PRAKASH,11171,1967-08-04,Gujarati,Monthly,NARAYANJI GOVARDHANRAM KALSARKER,NARAYANJI GOVARDHANRAM KALSARKER,Gujarat,Bhavnagar
ANDOLAN KI KHABAR,64483,1996-11-01,Hindi,Monthly,B.SANYAL,CENTRAL ZONE INDUARANCE EMPLOYEES ASSOCIATION,Chhattisgarh,Raipur
ANDOLANA,ODIBIL/2006/20165,2007-06-19,"Hindi, Oriya",Weekly,SATYA SUNDAR MOHANTY,SATYA SUNDAR MOHANTY,Odisha,Khordha
ANDOLANA DINA PATRIKE,50434,1991-01-22,Kannada,Daily,RAVI KOTI,RAVI KOTI,Karnataka,Mysore
ANDOLANER SATHI,53089,1992-11-11,Bengali,Fortnightly,TRIDIB BASU,TRIDIB BASU,West Bengal,Kolkata
ANDPERSAND MAGAZINE,DELENG/2006/17988,2006-12-20,English,Monthly,VIKAS JOHARI,PRAKASH JOHARI,Delhi,New Delhi
ANDRULA AYUDHAM,APTEL/25/A1325,2025-06-20,Telugu,Daily,MEDABOYINI PRASAD,MEDABOYINI PRASAD,Andhra Pradesh,Kurnool
ANEE SRIJAN,UPBIL/2018/77106,2019-04-01,"English, HINDI",Monthly,AJIT KUMAR GUPTA,ANEE MULTI MEDIA COMMUNICATIONS PRIVATE LIMITED,Uttar Pradesh,Lucknow
ANEEK,12026,1966-07-26,Bengali,Monthly,DIPANKAR CHAKRABARTY,DIPANKAR CHAKRABARTI,West Bengal,Murshidabad
ANEK KATHA,WBBEN/2014/59785,2015-01-27,Bengali,Fortnightly,SURAJIT SAMANTA,SURAJIT SAMANTA,West Bengal,Purba Medinipur
ANEK ROOP,MPHIN/2013/52286,2013-09-30,Hindi,Monthly,VAIBHAV RAMDOLKAR,VAIBHAV RAMDOLKAR,Madhya Pradesh,Gwalior
ANEKA SUCHANA,52551,2012-08-02,Oriya,Daily,SRI NITYA NIRANJAN PANDA,NITYANIRANJAN PANDE,Odisha,Khordha
ANEKAL REPORTER,KARKAN/2015/64859,2015-11-20,Kannada,Monthly,RAJAPPA. Y.,RAJAPPA.Y.,Karnataka,Bengaluru
ANEKANT JOURNAL OF MANAGEMENT RESEARCH,MAHENG/2021/81376,2022-04-13,English,Annual,SHRI VIKAS SHASHIKANT SHAH,ANEKANT EDUCATION SOCIETY,Maharashtra,Pune
ANEKANT PATH,17310,2005-12-12,Hindi,Weekly,SANDHYA JAIN,SANDHYA JAIN,Madhya Pradesh,Jabalpur
ANEKANT RASTEY,MPHIN/2011/39952,2011-12-12,Hindi,Monthly,KESAR KAMAR,KESAR KAMAR,Madhya Pradesh,Bhopal
ANEKANTANUBHAVA,ODIENG/2019/78220,2019-11-29,English,Annual,CHANDI PRASAD NANDA,"DEPARTMENT OF HISTORY, RAVENSHAW UNIVERSITY",Odisha,Cuttack
ANERU GUJARAT,GUJGUJ/2009/30376,2012-08-02,Gujarati,Daily,YOGITA ASHOKKUMAR JAMBUKIYA,YOGITA ASHOKKUMAR JAMBUKIYA,Gujarat,Ahmedabad
ANG BHARAT,BIHHIN/2009/30172,2009-12-24,Hindi,Daily,BIDU SHEKHAR,BIDU SHEKHAR,Bihar,Bhagalpur
ANG BHARAT,BIHHIN/2015/65127,2015-12-07,Hindi,Daily,BIDU SHEKHAR,BIDU SHEKHAR,Bihar,Banka
ANG BHARAT,JHAHIN/2023/87149,2024-05-02,Hindi,Daily,BIDU SHEKHAR,BIDU SHEKHAR,Jharkhand,Godda
ANG BHUMI PUKAR,48031,1985-05-07,Hindi,Weekly,HARIDWAR PRASAD,HARIDWAR PRASAD,Uttar Pradesh,Gorakhpur
ANG PRASANG,BIHHIN/2022/86808,2024-04-05,Hindi,Fortnightly,DHRUVA KUMAR THAKUR,DHRUVA KUMAR THAKUR,Bihar,Banka
ANGAD,54606,1992-06-19,Hindi,Daily,MADAN MADIR,MADAN MADIR,Rajasthan,Bundi
ANGANWADI VOICE,APTEL/2016/71924,2017-05-24,Telugu,Monthly,DUDDE UDAYABHASAKARA RAO,DUDDE UDAYABHASAKARA RAO,Andhra Pradesh,Eluru
ANGAR,3512,1954-05-14,Hindi,Weekly,KUMAR KAMLA SINGH,ANGAR PUBLICATIONS ASSOCIATION,Bihar,Saran
ANGAR TODAY,MPHIN/2015/60043,2015-02-05,Hindi,Daily,KHALIL ULLAH SUDDIQUI,KHALIL ULLAH SUDDIQUI,Madhya Pradesh,Bhopal
ANGARA TIMES,71859,1999-10-11,Hindi,Weekly,RAJENDRA SINGH,RAJENDRA SINGH,Uttar Pradesh,Bijnor
ANGARAKSHAKA,KARKAN/2021/82344,2022-10-14,Kannada,Monthly,BASAVARAJ BABU KORI,BASAVARAJ BABU KORI,Karnataka,Bagalkot
ANGARAY,3234,2011-03-14,Urdu,Daily,QADEER FAROOQI,QADEER FAROOQI,Telangana,Hyderabad
ANGBHUMI AWAZ,39595,1982-01-09,Hindi,Daily,RAJIV RANJAN,RAJIV RANJAN,Bihar,Bhagalpur
ANGEL,WBBEN/2009/34317,2010-11-16,Bengali,Monthly,TARIT MUKHERJEE,DR.KEDAR RANJAN BANERJEE,West Bengal,Kolkata
ANGEL (THE),22332,1971-01-01,"English, Punjabi, Hindi",Half Yearly,KAILASH CHANDER,GOVT.MODEL HIGH SECHOOL,Chandigarh,Chandigarh
ANGEL EXPRESS,MPHIN/2017/71687,2017-05-17,Hindi,Weekly,SARFARAZ NAWAZ KHAN,SARFARAZ NAWAZ KHAN,Madhya Pradesh,Bhopal
ANGEL WISER,UPENG/26/A1724,2026-03-18,English,Monthly,MOHD EHSAAN,MOHD EHSAAN,Uttar Pradesh,Lucknow
ANGELS ARMY,KERMAL/2016/68627,2016-09-07,Malayalam,Monthly,JOSE DOMINIC M,MARTIN JOSE P.G.,Kerala,Ernakulam
ANGIKAR,ODIODI/2013/54313,2014-01-30,Oriya,Weekly,SRI AMIYA PANDAB,AMIYA PANDAB,Odisha,Khordha
ANGITA TIMES,68941,2005-12-12,Hindi,Monthly,NAND KISHORE PAWAR,NAND KISHORE PAWAR,Madhya Pradesh,Bhopal
ANGLO INDIAN JAURNAL,35997,1980-09-04,English,Quarterly,STEPHAN PADUVA,THE UNION OF ANGLO INDIAN ASSOCIATION,Kerala,Ernakulam
ANGLO INDIAN JAURNAL,36028,1980-09-04,,Quarterly,STEPHEN PADUA,,Kerala,Ernakulam
ANGRY INDIAN,MPHIN/2016/72551,2017-07-11,Hindi,Monthly,SUNNY SINGH KANWAR,SUNNY SINGH KANWAR,Madhya Pradesh,Indore
ANGSANDESH,BHHIN/25/A4823,2025-12-05,Hindi,Monthly,BINOD KUMAR,BINOD KUMAR,Bihar,Bhagalpur
ANGUR KE DAANE,UPHIN/26/A3104,2026-05-06,Hindi,Other,punampanchal,punampanchal,Uttar Pradesh,Saharanpur
ANGUSAM SEITHI,TNTAM/2021/81548,2022-06-08,Tamil,Weekly,John davidraj J,ANGUSAM CHARITABLE TRUST,Tamil Nadu,Tiruchirappalli
ANGUTHAI,TNTAM/2001/09051,2003-02-13,Tamil,Monthly,SIVALINGESWARA SWAMY,SREE ANGALAPARAMESHW,Tamil Nadu,Coimbatore
ANHIKGOTI,WBBEN/2003/12926,2004-07-22,Bengali,Fortnightly,TARA SANKAR SARKAR,TARA SANKAR SARKAR,West Bengal,Purba Bardhaman
ANHILWAD NEWS,GUJGUJ/2022/85709,2023-11-10,Gujarati,Weekly,MANISHKUMAR KANTIBHAI SOLANKI,MANISHKUMAR KANTIBHAI SOLANKI,Gujarat,Patan
ANICHAMALAR,TNTAM/2014/61297,2015-04-15,Tamil,Monthly,S.SUGANYA,S. SUGANYA,Tamil Nadu,Thiruvallur
ANIKET,35573,1979-08-17,Hindi,Weekly,ANUSUYA PRASAD MALASI,HARSHI DEVI,Uttarakhand,Chamoli
ANIKET URJA,MPHIN/2022/85298,2023-08-23,Hindi,Quarterly,SUNIL TIWARI,SUNIL TIWARI,Madhya Pradesh,Bhopal
ANIL ANAL,56161,1992-11-09,Hindi,Fortnightly,ANIL BHARDWAJ,ANIL BHARDWAJ,Rajasthan,Kota
ANIL SANDESH,BIHHIN/2015/66393,2016-03-17,Hindi,Monthly,DR. RAJESH KUMAR TIWARI,RAJESH KUMAR TIWARI,Bihar,Bhagalpur
ANIL TIMES,UPHIN/2015/62802,2015-06-22,Hindi,Weekly,ANOOP GHOSH,ANOOP GHOSH,Uttar Pradesh,Lucknow
ANIMAL SCIENCE HORIZON,MPENG/25/A2188,2025-08-13,English,Quarterly,AMIT KUMAR JHA,SOCIETY FOR ANIMAL WELFARE PRODUCTION  AND HEALTH,Madhya Pradesh,Rewa
ANIMAL UNIVERSE,DELBIL/2018/76696,2019-01-23,"English, HINDI",Quarterly,RAVI KUMAR ANAND,RAVI KUMAR ANAND,Delhi,New Delhi
ANIMESH TODAY,MPHIN/2017/74689,2018-02-15,Hindi,Quarterly,SANJEEV KUMAR DWIVEDI,SANJEEV KUMAR DWIVEDI,Madhya Pradesh,Bhopal
ANIRBAN SIKHA,67336,1997-09-04,Bengali,Weekly,RABYA KHANAM CHOUDHURY,RABIYA KHANAM CHOUDHURY,Assam,Hailakandi
ANIROPEKHYA,WBBEN/2017/74864,2018-02-22,Bengali,Fortnightly,DEBANGSHU CHAKRABORTTY,DEBANGSHU CHAKRABORTTY,West Bengal,Hooghly
ANIRUDH TIMES,UPENG/2022/83744,2023-04-12,English,Weekly,ROHIT SRIVASTAVA,ROHIT SRIVASTAVA,Uttar Pradesh,Lucknow
ANISH NEWS,RAJHIN/2004/13796,2005-01-03,Hindi,Fortnightly,ANIL AGGARWAL,ANIL AGGARWAL,Rajasthan,Alwar
ANITA DARPAN,UTTHIN/2009/31347,2010-03-12,Hindi,Weekly,ANITA PANT,ANITA PANT,Uttarakhand,Dehradun
ANITA KHABAR,MPENG/2012/44439,2012-08-02,English,Weekly,ANITA SINGH,ANITA SINGH,Madhya Pradesh,Bhopal
ANITHIKKU ETHIRAANA KURAL,TNBIL/2021/85384,2023-09-18,"English, Tamil",Fortnightly,S. JEYAKUMAR,S. JEYAKUMAR,Tamil Nadu,Namakkal
ANITYA CITY,UPHIN/2015/63210,2015-07-13,Hindi,Weekly,VINAY KUMAR SINHA,VINAY KUMAR SINHA,Uttar Pradesh,Lucknow
ANIVARTA,54399,1992-03-24,Hindi,Fortnightly,HIRA BEDI,HIRA BEDI,Uttar Pradesh,Kanpur Nagar
ANIVARYA PRASHNA,UPHIN/2019/80493,2021-11-17,Hindi,Monthly,CHHATISH KUMAR DWIVEDI,CHHATISH KUMAR DWIVEDI,Uttar Pradesh,Chandauli
ANIVESHI,APBIL/2010/34189,2010-11-09,"English, Telugu",Monthly,ANAKAPPLLI KUMARI,ANAKAPALLI KUMARI,Andhra Pradesh,Visakhapatnam
ANIWARYA,UTTHIN/2009/28466,2014-04-15,Hindi,Monthly,MANOJ ANURAGI,MANOJ ANURAGI,Uttarakhand,Dehradun
ANIWARYA,UTTHIN/2009/30478,2014-04-15,Hindi,Weekly,MANOJ ANURAGI,MANOJ ANURAGI,Uttarakhand,Dehradun
ANIWESH TIMES,BIHHIN/2016/68642,2016-09-07,Hindi,Daily,ANIWESH KUMAR,ANIWESH KUMAR,Bihar,Muzaffarpur
ANJAAN AAVAAZ,UPHIN/26/A4771,2026-06-05,Hindi,Monthly,SACHIN,SACHIN,Uttar Pradesh,Azamgarh
ANJALE NEWS,GUJGUJ/2012/49767,2013-05-20,Gujarati,Weekly,NIKHIL G.KATARMAL,NIKHIL G. KATARMAL,Gujarat,Jamnagar
ANJALI DARPAN,DELHIN/2013/51072,2013-07-31,Hindi,Annual,SUSMITA JAIN,SUSMITA JAIN,Delhi,New Delhi
ANJALI MAIL,UTTHIN/2021/81871,2022-08-26,Hindi,Weekly,ANJALI,ANJALI,Uttarakhand,Dehradun
ANJALI TIMES,MPHIN/2011/39631,2011-11-17,Hindi,Monthly,SHANTI SHARMA,SHANTI SHARMA,Madhya Pradesh,Bhopal
ANJALI TODAY,MPHIN/2014/63122,2015-07-08,Hindi,Fortnightly,USHA MOURYA,USHA MOURYA,Madhya Pradesh,Bhopal
ANJAM EXPRESS,GUJGUJ/2017/74236,2017-12-21,Gujarati,Weekly,SONAVANE JITESH BHIMRAO,SONAVANE JITESH BHIMRAO,Gujarat,Vadodara
ANJAM-E-FIZA,56466,1993-06-09,Hindi,Weekly,SHEKH SULEMAN,SHEKH SULEMAN,Madhya Pradesh,Bhopal
ANJAN KHABARAI,69301,1998-04-07,Hindi,Weekly,MURALIDHAR CHAUDHARI,MURALIDHAR CHAUDHARI,Andhra Pradesh,Indore
ANJANA,ODIODI/2001/05862,2002-01-31,Oriya,Monthly,ARUN ACHARYA,ARUN ACHARYA,Odisha,Jagatsinghapur
ANJANA JYOTI,MHHIN/26/A4612,2026-06-04,Hindi,Quarterly,Dhannaram Choudhary,Dhannaram Choudhary,Maharashtra,Palghar
ANJANA PRABHA,KARKAN/2014/56338,2014-07-30,Kannada,Fortnightly,C.ANAND,C.ANAND,Karnataka,Mandya
ANJANA YUVAK MANDAL,GUJGUJ/2023/84769,2023-06-05,Gujarati,Monthly,PAVAN SURESHBHAI CHAUDHARY,PAVAN SURESHBHAI CHAUDHARY,Gujarat,Mahesana
ANJANADRI BETTA,KNKAN/25/A3339,2025-10-16,Kannada,Daily,RIYAJAHAMMAD HUNAGUND,RIYAJAHAMMAD HUNAGUND,Karnataka,Koppal
ANJANANAND,51187,1995-03-15,Hindi,Daily,PAWAN KUMAR MISHRA,PAWAN KUMAR MISHRA,Haryana,Mahendragarh
ANJANE SAPANE,72107,1999-11-12,Hindi,Weekly,JYOTI ARUN WANKHEDE,JYOTI ARUN WANKHEDE,Madhya Pradesh,Indore
ANJANGAON EXPRESS,MAHMAR/2017/72129,2017-06-07,Marathi,Monthly,SHUBHAM PURUSHOTTAM SHINDE,SHUBHAM PURUSHOTTAM SHINDE,Maharashtra,Amravati
ANJANI EXPRESS,RAJHIN/2011/39514,2011-11-14,Hindi,Daily,ANJANI KUMAR KHATOD,ANJANI KUMAR KHATOD,Rajasthan,Jaipur
ANJANI SHAKTI TIMES,MPHIN/26/A4414,2026-06-01,Hindi,Daily,Rajesh Kumar  Malviya,Rajesh Kumar  Malviya,Madhya Pradesh,Khargone
ANJANI SHAKTI TIMES,54128,1992-01-17,Hindi,Weekly,RAJESH KUMAR MALVIYA,RAJESH KUMAR MALVIYA,Madhya Pradesh,Khandwa
ANJANIPUTHRA ANVEKSHANA,TGTEL/26/A0986,2026-02-10,Telugu,Daily (Monday To Friday),peetla prathap,peetla prathap,Telangana,Warangal
ANJATHAE,TNTAM/2010/32089,2010-04-28,Tamil,Monthly,S. SUMATHI,S. SUMATHI,Tamil Nadu,Chennai
ANJU VANI,UPHIN/26/A2161,2026-04-02,Hindi,Monthly,Ashish Kumar Singh,Ashish Kumar Singh,Uttar Pradesh,Lucknow
ANJUM,RAJHIN/2009/27795,2009-05-20,Hindi,Monthly,NARENDRA KUMAR,NARENDRA KUMAR,Rajasthan,Ganganagar
ANJUM SAMACHAR,RAJHIN/2011/37677,2011-06-06,Hindi,Weekly,NARENDER KUMAR,NARENDER KUMAR,Rajasthan,Ganganagar
ANJUM TIMES,MPHIN/2011/43259,2012-06-22,Hindi,Fortnightly,FARHA KHAN,FARHA KHAN,Madhya Pradesh,Bhopal
ANJUM TIMES,APTEL/26/A3412,2026-05-11,Telugu,Daily,PINJARI MAHAMMAD,PINJARI MAHAMMAD,Andhra Pradesh,Kurnool
ANJUMAN E KHAIR,MAHHIN/2023/89135,2024-09-24,HINDI,Weekly,MOHAMMAD SULEMAN KHAN,MOHAMMAD SULEMAN KHAN,Maharashtra,Nanded
ANJUMAN EXPRESS,UPURD/2014/60626,2015-03-05,Urdu,Weekly,MOHAMMAD AMMAR,MOHAMMAD AMMAR,Uttar Pradesh,Lucknow
ANJWAL,UTTGAR/2004/14075,2005-03-04,GARHWALI,Weekly,SULOCHANA PAYAL,SULOCHANA PAYAL,Uttarakhand,Dehradun
ANK KE SANG,MPHIN/2021/79845,2021-06-09,Hindi,Quarterly,SHAGUFTA,SHAGUFTA,Madhya Pradesh,Bhopal
ANK KE SANG,MPHIN/2022/85037,2023-06-26,Hindi,Monthly,SHAGUFTA,SHAGUFTA,Madhya Pradesh,Bhopal
ANKA MALA,UTTHIN/2023/86822,2024-04-05,Hindi,Weekly,MALTI DEVI,MALTI DEVI,Uttarakhand,Dehradun
ANKAHEE KAHANI,UAHIN/25/A4699,2025-12-03,Hindi,Weekly,NEERAJ GARG,NEERAJ GARG,Uttarakhand,Dehradun
ANKAHI KHABREN,MPHIN/25/A3290,2025-10-16,Hindi,Quarterly,prashant kushwah,prashant kushwah,Madhya Pradesh,Gwalior
ANKALAN,DELHIN/2004/12111,2004-03-12,Hindi,Weekly,VINODA RAJ BABUL,VINODA RAJ BABUL,Delhi,New Delhi
ANKALIKAR TIMES,UPHIN/2014/59758,2015-01-22,Hindi,Weekly,VISHUN KUMAR,VISHUN KUMAR,Uttar Pradesh,Etawah
ANKANA SAMACHAR,MPHIN/2021/81821,2022-08-29,Hindi,Monthly,NANDA RAMOSHI,NANDA RAMOSHI,Madhya Pradesh,Bhopal
ANKANA SAMACHAR,MPHIN/26/A4763,2026-06-05,Hindi,Quarterly,NANDA RAMOSHI,NANDA RAMOSHI,Madhya Pradesh,Bhopal
ANKHI YODHA,PUNPUN/2013/54220,2014-01-28,Punjabi,Monthly,MANJINDER KAUR,MANJINDER KAUR,Punjab,Amritsar
ANKHON DEKHA HAL,MPHIN/2015/67532,2016-06-17,Hindi,Daily,PRAMILA DWIVEDI,PRAMILA DWIVEDI,Madhya Pradesh,Bhopal
ANKHON DEKHA HAL,MPHIN/2017/74930,2018-03-01,Hindi,Monthly,PRAMILA DWIVEDI,PRAMILA DWIVEDI,Madhya Pradesh,Bhopal
ANKHON DEKHI,54612,1992-06-19,Hindi,Fortnightly,SHOBHA GARG,SMT. SHOBHA GARG,Rajasthan,Ajmer
ANKHON DEKHI,56571,1993-12-13,Hindi,Weekly,JAWAHARLAL CHANDWANI,JAWAHARLAL CHANDWANI,Madhya Pradesh,Indore
ANKICHAN BHARAT,56653,1993-02-15,Hindi,Weekly,PUSHPENDRA SHARMA,PUSHPENDRA SHARMA,Uttar Pradesh,Agra
ANKILIKAR VANI,50315,1990-01-01,Hindi,Monthly,VISHUN KUMAR,ANKLIKAR VANI MASIK PATRIKA SAMITI,Uttar Pradesh,Etawah
ANKIT DARPAN,MPHIN/2016/67237,2016-06-03,Hindi,Monthly,ANKIT SHARMA,ANKIT SHARMA,Madhya Pradesh,Bhopal
ANKIT MAIL,UTTHIN/2009/29287,2009-10-28,Hindi,Weekly,ROSHNI BADOLA,ROSHNI BADOLA,Uttarakhand,Dehradun
ANKIT PRASHT,MPHIN/2022/81584,2022-06-17,Hindi,Quarterly,NOSAIN BEE,NOSAIN BEE,Madhya Pradesh,Sehore
ANKIT SAMACHAR,CHHHIN/2013/49996,2013-05-29,Hindi,Quarterly,SANJAY SRIVASTAVA,SANJAY SRIVASTAVA,Chhattisgarh,Raipur
ANKIT SANDESH,UPHIN/2013/51374,2013-08-12,Hindi,Daily,Satyadev Tiwari,Satyadev Tiwari,Uttar Pradesh,Amethi
ANKIT SANDESH,UPHIN/2014/60011,2015-02-05,Hindi,Daily,SATYA DEV TIWARI,SATYA DEV TIWARI,Uttar Pradesh,Banda
ANKIT SANDESH,DELHIN/2011/38469,2011-08-04,Hindi,Daily,SATYA DEV TIWARI,SATYA DEV TIWARI,Delhi,New Delhi
ANKIT SANDESH,UPHIN/2012/43456,2012-06-27,Hindi,Daily,SATYADEV TIWARI,SATYADEV TIWARI,Uttar Pradesh,Lucknow
ANKIT SANDESH,DELHIN/2007/18573,2007-02-21,Hindi,Weekly,SATYA DEV TIWARI,SATYA DEV TIWARI,Delhi,New Delhi
ANKIT SANDESH,MAHHIN/2013/53994,2014-01-13,Hindi,Daily,SATYA DEV TIWARI,SATYADEV TIWARI,Maharashtra,Pune
ANKIT TIMES,48639,2005-12-12,Hindi,Fortnightly,PRADEEP KUMAR KHATRI,PRADEEP KUMAR KHATRI,Rajasthan,Jaipur
ANKIT TODAY,MPHIN/2014/57253,2014-09-15,Hindi,Monthly,ANKIT PANDEY,ANKIT PANDEY,Madhya Pradesh,Bhopal
ANKIT VARTA,MPHIN/2014/59809,2015-01-28,Hindi,Monthly,DHARMENDRA KHATIK,DHARMENDRA KHATIK,Madhya Pradesh,Bhopal
ANKITA DARPAN,UTTHIN/2005/16196,2006-02-23,Hindi,Weekly,ANKITA DHONDIYAL,ANKITA DHONDIYAL,Uttarakhand,Dehradun
ANKLESHWAR SAMACHAR,GUJGUJ/2021/87531,2024-06-12,GUJARATI,Weekly,MULTANI BAHAUDDAIN GHANJIAHAMED,MULTANI BAHAUDDAIN GHANJIAHAMED,Gujarat,Bharuch
ANKUR NEWS,MPBIL/2011/52160,2013-09-23,"English, HINDI",Monthly,JITENDRA KUMAR MAHESHWARI,JITENDRA KUMAR MAHESHWARI,Madhya Pradesh,Gwalior
ANKUR NIRBHIK DARPAN,UPHIN/2006/24620,2008-07-03,Hindi,Weekly,SANJAY SINGH,SANJAY SINGH,Uttar Pradesh,Gautam Buddha Nagar
ANKURAM,APTEL/2010/35862,2011-02-23,Telugu,Weekly,SHAIK MASTAN VALI,SHAIK MASTAN VALI,Andhra Pradesh,Prakasam
ANKURAM,APTEL/2016/69999,2017-01-17,Telugu,Daily,shaik mastan vali,shaik mastan vali,Andhra Pradesh,Kurnool
ANKURAM,TEL/2012/42706,2012-05-30,Telugu,Weekly,SHAIK MASTAN VALI,SHAIK MASTAN VALI,Andhra Pradesh,Kurnool
ANKURAN,MPHIN/2017/74147,2017-12-13,Hindi,Daily,SEEMA KANOJIYA,SEEMA KANOJIYA,Madhya Pradesh,Jabalpur
ANKURAN,MPHIN/2016/69274,2016-11-10,Hindi,Weekly,SEEMA KANOJIYA,SEEMA KANOJIYA,Madhya Pradesh,Jabalpur
ANKURODGAM,WBBEN/2023/87759,2024-07-03,BENGALI,Annual,ANJANA GUHA CHOUDHURI,ANJANA GUHA CHOUDHURI,West Bengal,Kolkata
ANKUSA,ODIODI/2007/22749,2008-02-05,Oriya,Monthly,SRI BIRA KISHORE BARIK,BIRA KISHOR BARIK,Odisha,Khordha
ANKUSH,1512,1957-03-04,Hindi,Weekly,SHAILESH KUMAR PALIWAL,SHAILESH KUMAR PALIWAL,Madhya Pradesh,Khandwa
ANKUSH,MPHIN/2021/82052,2022-09-08,Hindi,Daily,SHAILESH PALIWAL,SHAILESH PALIWAL,Madhya Pradesh,Khandwa
ANKUSH,GUJGUJ/2002/09322,2003-03-12,Gujarati,Weekly,PATEL MAHENERAKUMAR KESHAVLAL,PATEL MAHENERAKUMAR KESHAVLAL,Gujarat,Mahesana
ANKUSH PARV,MHMAR/26/A0537,2026-01-20,Marathi,Weekly,Ankush Dadarao Patil,Ankush Dadarao Patil,Maharashtra,Chhatrapati Sambhaji Nagar
ANKUSHA,58110,1994-09-01,Kannada,Monthly,R Balaji,R.BALAJ,Karnataka,Bengaluru
ANKUSHAM NEWS,APTEL/26/A6228,2026-07-28,Telugu,Daily,LINGI REDDY ARAVIND REDDY,LINGI REDDY ARAVIND REDDY,Andhra Pradesh,Ananthapuramu
ANMAVIN AKARAM,TNTAM/2006/19594,2007-05-03,Tamil,Monthly,J. ALBERT ELANRAJ,J.ALBERT ELANRAJ,Tamil Nadu,Thoothukkudi
ANMOL,11965,1957-01-01,English,Monthly,,,,
ANMOL AAGAAZ,MPHIN/2023/84867,2023-06-06,Hindi,Quarterly,MOHD AAFAQ,MOHD AAFAQ,Madhya Pradesh,Bhopal
ANMOL ADVICE,MPHIN/25/A3726,2025-11-06,Hindi,Quarterly,HASSAN UDDIN SIDDIQUI,HASSAN UDDIN SIDDIQUI,Madhya Pradesh,Bhopal
ANMOL AWAZ,UPHIN/2010/31509,2010-03-19,Hindi,Weekly,DEEPALI SINGH,DEEPALI SINGH,Uttar Pradesh,Lucknow
ANMOL BANDHAN,MPHIN/2024/89920,2024-11-04,HINDI,Monthly,FAIZAN ALI,FAIZAN ALI,Madhya Pradesh,Bhopal
ANMOL BANDHAN,MPHIN/26/A5800,2026-07-15,HINDI,Quarterly,FAIZAN ALI,FAIZAN ALI,Madhya Pradesh,Bhopal
ANMOL BHARAT,63773,1996-06-21,Hindi,Weekly,MD. GANI KHAN,MOH.GANI KHAN,Madhya Pradesh,Bhopal
ANMOL BHOPAL,MPHIN/2016/68415,2016-08-26,Hindi,Weekly,SHAITAN SINGH MANDLOI,SHAITAN SINGH MANDLOI,Madhya Pradesh,Bhopal
ANMOL CHINTAN,MPHIN/26/A5691,2026-07-03,Hindi,Monthly,SUNIL KUMAR SHRIVASTAVA,SUNIL KUMAR SHRIVASTAVA,Madhya Pradesh,Bhopal
ANMOL DARPAN,UTTURD/2014/57194,2014-09-12,Urdu,Weekly,SANJAY SHARMA,SANJAY SHARMA,Uttarakhand,Haridwar
ANMOL DARPAN,UTTHIN/2011/38350,2011-07-25,Hindi,Weekly,SANJAY SHARMA,SANJAY SHARMA,Uttarakhand,Haridwar
ANMOL DASTAK,MPHIN/26/A1831,2026-03-23,Hindi,Monthly,MUNAZZA NOOR,MUNAZZA NOOR,Madhya Pradesh,Sehore
ANMOL DASTAK,MPHIN/25/A2800,2025-09-22,Hindi,Quarterly,MUNAZZA NOOR,MUNAZZA NOOR,Madhya Pradesh,Bhopal
ANMOL DASTAVEZ,UPHIN/2015/67557,2016-06-27,Hindi,Monthly,U. R. AKELA,U. R. AKELA,Uttar Pradesh,Lucknow
ANMOL DRISHTI,MPHIN/2017/71796,2017-05-19,Hindi,Monthly,IRFANA KHAN,IRFANA KHAN,Madhya Pradesh,Bhopal
ANMOL DUNIYA,MPHIN/2010/44585,2012-08-08,Hindi,Daily,MANISH KUMAR SHARMA,MANISH KUMAR SHARMA,Madhya Pradesh,Mandsaur
ANMOL EXPRESS,UPURD/2014/55195,2014-04-04,Urdu,Daily,ANJUM ILAHI,ANJUM ILAHI,Uttar Pradesh,Lucknow
ANMOL EXPRESS,UPHIN/2011/40229,2011-12-30,Hindi,Daily,ANJUM ILAHI,ANJUM ILAHI,Uttar Pradesh,Lucknow
ANMOL EXPRESS,UPHIN/2011/36376,2011-03-24,Hindi,Weekly,ANJUM ILAHI,ANJUM ILAHI,Uttar Pradesh,Lucknow
ANMOL EXRPRESS,UPENG/2014/56610,2014-08-19,English,Daily,ANJUM ILAHI,ANJUM ILAHI,Uttar Pradesh,Lucknow
ANMOL GHARI,UPURD/2013/54356,2014-01-31,Urdu,Daily,SHABANA AAFREEN,SHABANA AAFREEN,Uttar Pradesh,Sitapur
ANMOL GYAN,MPHIN/2005/19247,2007-04-19,Hindi,Monthly,SURESH PARMAR,SURESH PARMAR,Madhya Pradesh,Indore
ANMOL JAUHAR,56037,1992-12-14,Hindi,Weekly,RAUNAK ALI ANSARI,RAUNAK ALI ANSARI,Uttar Pradesh,Rampur
ANMOL KANPUR,UPHIN/2011/38208,2011-07-11,Hindi,Weekly,RAJEEV KUMAR MISHRA,RAJEEV KUMAR MISHRA,Uttar Pradesh,Kanpur Nagar
ANMOL KHETI,MPHIN/2021/84952,2023-06-12,Hindi,Bimonthly (Once in two months),ATUL SAXENA,ATUL SAXENA,Madhya Pradesh,Bhopal
ANMOL KUTCH,GUJGUJ/2019/77235,2019-04-25,Gujarati,Weekly,AJITDAN BHARMALJI GADHAVI,AJITDAN BHARMALJI GADHAVI,Gujarat,Kutch
ANMOL LEKHANI,UPHIN/2009/29934,2009-12-03,Hindi,Weekly,MADHAV PRASAD,MADHAV PRASAD,Uttar Pradesh,Lucknow
ANMOL MAT,MAHMAR/2017/71890,2017-05-22,Marathi,Weekly,SANDEEP PANDURANG PATIL,SANDEEP PANDURANG PATIL,Maharashtra,Jalgaon
ANMOL MEDIA,UPHIN/2015/66766,2016-04-21,Hindi,Daily,HASHIM KHAN,HASHIM KHAN,Uttar Pradesh,Lucknow
ANMOL MEDIA,UPHIN/2021/81952,2022-09-08,Hindi,Monthly,HASHIM KHAN,HASHIM KHAN,Uttar Pradesh,Lucknow
ANMOL MOTI,MPHIN/2011/38475,2011-08-04,Hindi,Monthly,SURYA KANT CHATURVEDI,SURYA KANT CHATURVEDI,Madhya Pradesh,Bhopal
ANMOL NEWS,UPHIN/2013/54774,2014-02-25,Hindi,Weekly,RAVAIL SINGH,RAVAIL SINGH,Uttar Pradesh,Bijnor
ANMOL PARIKRAMA,MPHIN/2022/85008,2023-06-14,Hindi,Quarterly,RANJEET SAROJ,RANJEET SAROJ,Madhya Pradesh,Bhopal
ANMOL PATR,MPHIN/2021/83026,2022-12-20,Hindi,Monthly,SHASHI PANDEY,SHASHI PANDEY,Madhya Pradesh,Bhopal
ANMOL PATR,MPHIN/2021/80264,2021-09-27,Hindi,Quarterly,SHASHI PANDEY,SHASHI PANDEY,Madhya Pradesh,Bhopal
ANMOL PRACHAR,MPHIN/2023/88350,2024-08-02,HINDI,Quarterly,MOHSINA ATHAR,MOHSINA ATHAR,Madhya Pradesh,Bhopal
ANMOL PRACHAR,MPHIN/26/A5303,2026-06-18,HINDI,Monthly,MOHSINA ATHAR,MOHSINA ATHAR,Madhya Pradesh,Bhopal
ANMOL PRADESH,MPHIN/2016/68139,2016-08-05,Hindi,Daily,KIRTI PARIYANI,KIRTI PARYANI,Madhya Pradesh,Bhopal
ANMOL PRADESH,MPHIN/2016/70275,2017-02-01,Hindi,Fortnightly,KIRTI PARYANI,KIRTI PARYANI,Madhya Pradesh,Bhopal
ANMOL PRADESH,MPHIN/26/A5971,2026-07-24,Hindi,Quarterly,kirti paryani,kirti paryani,Madhya Pradesh,Bhopal
ANMOL PRADESH,MPHIN/2015/63517,2015-07-31,Hindi,Weekly,KIRTI PARYANI,KIRTI PARYANI,Madhya Pradesh,Bhopal
ANMOL PRADESH,MPHIN/2011/41141,2012-03-15,Hindi,Monthly,KIRTI PARYANI,KIRTI PARYANI,Madhya Pradesh,Bhopal
ANMOL PRAKRITI CHAKRA,UPHIN/26/A6361,2026-08-03,Hindi,Monthly,KASHI NATH TIWARI,KASHI NATH TIWARI,Uttar Pradesh,Lucknow
ANMOL PUNCH,KARENG/2013/52111,2013-09-19,English,Monthly,M. A. WALISAHEB,M. A. WALISAHEB,Karnataka,Koppal
ANMOL RISHTA,UAHIN/26/A0167,2026-01-01,Hindi,Weekly,MAMTA BHARDWAJ,MAMTA BHARDWAJ,Uttarakhand,Dehradun
ANMOL SACH,MPHIN/2023/89483,2024-10-14,HINDI,Quarterly,ASLAM,ASLAM,Madhya Pradesh,Bhopal
ANMOL SAGAR,MPHIN/2016/68413,2016-08-24,Hindi,Monthly,MAMTA,MAMTA,Madhya Pradesh,Bhopal
ANMOL SANDESH,MPHIN/2012/43112,2012-06-21,Hindi,Daily,BRIJESH SHARMA,BRIJESH SHARMA,Madhya Pradesh,Bhopal
ANMOL SANDESH,MPHIN/25/A1062,2025-06-05,Hindi,Daily,Brajesh Sharma,Brajesh Sharma,Madhya Pradesh,Hoshangabad
ANMOL SANDESH,CTHIN/25/A3745,2025-11-06,Hindi,Daily,Brajesh Sharma,Brajesh Sharma,Chhattisgarh,Raipur
ANMOL SANDESH,MPHIN/25/A2873,2025-09-26,Hindi,Daily,Brajesh Sharma,Brajesh Sharma,Madhya Pradesh,Sagar
ANMOL SANDESH,HRHIN/25/A3195,2025-10-14,Hindi,Daily,Brajesh Sharma,Brajesh Sharma,Haryana,Faridabad
ANMOL SANDESH,MPHIN/26/A2513,2026-04-15,Hindi,Daily,Brajesh Sharma,Brajesh Sharma,Madhya Pradesh,Indore
ANMOL SANDESH,MPHIN/25/A2312,2025-08-28,Hindi,Daily,Brajesh Sharma,Brajesh Sharma,Madhya Pradesh,Ujjain
ANMOL SANDESH,MPHIN/26/A3917,2026-05-20,Hindi,Daily,Brajesh Sharma,Brajesh Sharma,Madhya Pradesh,Raisen
ANMOL SANDESH,MPHIN/25/A2874,2025-09-26,Hindi,Daily,Brajesh Sharma,Brajesh Sharma,Madhya Pradesh,Vidisha
ANMOL SANDESH,UAHIN/26/A4049,2026-05-21,Hindi,Daily Evening,Brajesh Sharma,Brajesh Sharma,Uttarakhand,Haridwar
ANMOL SANGEE,JHAMUL/2010/40292,2012-01-03,English,Fortnightly,ARVIND KUMAR AVINASH,ARVIND KUMAR AVINASH,Jharkhand,Ranchi
ANMOL SANKALP,UPHIN/26/A0760,2026-01-27,Hindi,Daily,SHIVANKAN BAJPAI,SHIVANKAN BAJPAI,Uttar Pradesh,Lucknow
ANMOL SANVAD,UPHIN/2017/75167,2018-05-10,Hindi,Fortnightly,AKASH DEEP,AKASH DEEP,Uttar Pradesh,Ghaziabad
ANMOL SHABD,MPHIN/25/A5262,2025-12-17,Hindi,Monthly,Shah Bano,Shah Bano,Madhya Pradesh,Bhopal
ANMOL SHABD,MPHIN/26/A3812,2026-05-18,Hindi,Quarterly,Shah Bano,Shah Bano,Madhya Pradesh,Bhopal
ANMOL SMRITIYAN,DELHIN/2008/25339,2009-08-24,Hindi,Half Yearly,YASH PAL CHAUHAN,YASH PAL CHOUHAN,Delhi,New Delhi
ANMOL STAMBH,UPHIN/2022/87846,2024-07-08,HINDI,Weekly,AKASH KUMAR,AKASH KUMAR,Uttar Pradesh,Kanpur Nagar
ANMOL SUBAH,MPHIN/2013/48917,2013-04-02,Hindi,Weekly,LALIT KUMAR SAHU,LALIT KUMAR SAHU,Madhya Pradesh,Chhindwara
ANMOL SURAT,GUJHIN/2017/71535,2017-05-11,Hindi,Weekly,RAVI SINGH RAJPUT,RAVISINGH RAJPUT,Gujarat,Surat
ANMOL TEVAR,UPHIN/2023/84259,2023-05-16,Hindi,Daily,OM KRISHNA SHUKLA,OM KRISHNA SHUKLA,Uttar Pradesh,Lucknow
ANMOL TEVAR,UPHIN/2024/90828,2025-06-11,Hindi,Monthly,OM KRISHNA SHUKLA,OM KRISHNA SHUKLA,Uttar Pradesh,Lucknow
ANMOL TIMES,UPHIN/2000/00982,2000-05-10,Hindi,Fortnightly,RAUNAQ ALI ANSARI,RAUNAQ ALI ANSARI,Uttar Pradesh,Rampur
ANMOL TIMES,KARKAN/2010/35293,2011-01-19,Kannada,Daily,M. A. WALISAHEB,M.A. WALISAHEB,Karnataka,Koppal
ANMOL TIMES,KARENG/2011/38945,2011-09-21,English,Daily,M.A. WALISAHEB,M.A. WALISAHEB,Karnataka,Koppal
ANMOL TIMES,UPHIN/2008/24827,2008-07-23,Hindi,Daily,RAUNAK ALI ANSARI,RAUNAK ALI ANSARI,Uttar Pradesh,Rampur
ANMOL UDAN,MPHIN/2023/88352,2024-08-02,HINDI,Monthly,AMIR ALEEM KHAN,AMIR ALEEM KHAN,Madhya Pradesh,Bhopal
ANMOL UDAN,MPHIN/25/A3895,2025-11-12,HINDI,Quarterly,AMIR ALEEM KHAN,AMIR ALEEM KHAN,Madhya Pradesh,Bhopal
ANMOL VANI,MPHIN/2016/70316,2017-02-02,Hindi,Daily,AJAY PARYANI,AJAY PARYANI,Madhya Pradesh,Bhopal
ANMOL VANI,MPHIN/2015/65171,2015-12-08,Hindi,Monthly,AJAY PARYANI,AJAY PARYANI,Madhya Pradesh,Bhopal
ANMOL VANI,MPHIN/2021/87178,2024-05-06,Hindi,Quarterly,AJAY PARYANI,AJAY PARYANI,Madhya Pradesh,Bhopal
ANMOL VANI,CHHHIN/2018/75478,2018-06-11,Hindi,Monthly,AJAY PARYANI,AJAY PARYANI,Chhattisgarh,Raipur
ANMOL VANI,MPHIN/26/A5884,2026-07-23,Hindi,Four Monthly,ajay paryani,ajay paryani,Madhya Pradesh,Bhopal
ANMOL VANI,MPHIN/2022/91136,2025-08-07,Hindi,Fortnightly,AJAY PARYANI,AJAY PARYANI,Madhya Pradesh,Bhopal
ANMOL VICHAR,MAHMAR/2010/39236,2011-10-12,Marathi,Weekly,KULKARNI RAJABHAU SHESHRAO,KULKARNI RAJABHAU SHESHRAO,Maharashtra,Nanded
ANN AUR DHANN,MPHIN/2008/23678,2008-04-29,Hindi,Monthly,DILIP GUPTA,DILIP GUPTA,Madhya Pradesh,Bhopal
ANNA NAGAR MAIL,TNBIL/2017/74347,2018-01-01,"English, Tamil",Weekly,N. ANANDA KRISHNAN,N.ANANDA KRISHNAN,Tamil Nadu,Chennai
ANNA NAGAR NEWS,TNBIL/2008/28789,2009-09-01,"English, Tamil",Weekly,S. CHANDRA SEKARAN,S. CHANDRA SEKARAN,Tamil Nadu,Chennai
ANNA NAGAR TALK,TNBIL/2004/14277,2005-04-06,"English, Tamil",Weekly,T. R. JAWAHAR,"M/S. TALK MEDIA PVT. LTD.,",Tamil Nadu,Chennai
ANNA NAGAR THIS WEEK,TNMUL/25/A4523,2025-12-01,"Tamil, English, Hindi",Weekly,B Sakthivel,B Sakthivel,Tamil Nadu,Chennai
ANNA POORNA TELUGU NADU,APTEL/2013/49467,2013-05-03,Telugu,Monthly,M PRABHAKAR,M PRABHAKAR,Andhra Pradesh,Chittoor
ANNADAANI PRABHE,KNKAN/26/A6167,2026-07-25,Kannada,Monthly,Yallappa Sharanappa Navalagund,Yallappa Sharanappa Navalagund,Karnataka,Gadag
ANNADATA,35827,1979-12-13,Marathi,Fortnightly,OJASWI PATEL,OJASWTI PATEL,Maharashtra,Nagpur
ANNADATA,15842,1969-06-28,Telugu,Monthly,RAMOJI RAO,RAMOJI RAO,Telangana,Hyderabad
ANNADATA KHETIHAR,66330,1996-01-01,Hindi,Weekly,JAI PRAKASH YADAV,JAI PRAKASH YADAV,Uttar Pradesh,Basti
ANNADATA KI PUKAR,MPHIN/2015/60620,2015-03-05,Hindi,Monthly,KAMAL SINGH AANJNA,KAMAL SINGH AANJNA,Madhya Pradesh,Ujjain
ANNADATYANCHYA AAWAZ,MHMAR/26/A6111,2026-07-25,Marathi,Weekly,Vinod Gajanan Selote,Vinod Gajanan Selote,Maharashtra,Gadchiroli
ANNADEVARA JANSENA,APTEL/2018/75558,2018-06-20,Telugu,Daily,ANNADEVARA SATYANARAYANA MURTHY,ANNADEVARA SATYANARAYANA MURTHY,Andhra Pradesh,East Godavari
ANNAI MURASU,TNTAM/2023/90884,2025-06-17,Tamil,Monthly,Athiappan Kolandan,Athiappan Kolandan,Tamil Nadu,Namakkal
"ANNALS OF CLINICAL AND EXPERIMENTAL RESEARCH JOURNAL OF GMCH, CHANDIGARH",CHAENG/2023/85346,2023-08-31,English,Annual,JASBINDER KAUR,GOVERNMENT MEDICAL COLLEGE HOSPITAL CHANDIGARH,Chandigarh,Chandigarh
ANNALS OF CLINICAL CARDIOLOGY IACC,MAHENG/2019/78995,,English,Half Yearly,NIPU KUMAR NATH,,Maharashtra,Mumbai
ANNALS OF INDIAN PSYCHIATRY IPS,MAHENG/2017/73557,2017-10-20,English,Half Yearly,HEMANT RAMESHCHANDRA MAJREKAR,INDIAN PSYCHIATRIC SOCIETY,Maharashtra,Mumbai
ANNALS OF LIBRARY AND INFORMATION STUDIES,913,1957-03-04,English,Quarterly,HASAN JAWAID KHAN,NATIONAL INSTITUTE OF SCIENCE COMMUNICATION AND INFORMATION RESOURCES,Delhi,New Delhi
ANNALS OF MAXILLOFACIAL SURGERY,MAHENG/2011/39145,2011-10-07,English,Half Yearly,HEMANT R. MANJREKAR,INDIAN ACADEMY OF MAXILLOFACIAL SURGERY,Maharashtra,Mumbai
ANNALS OF OTOLOGY AND NEUROTOLOGY ISO,UPENG/2018/76835,2019-02-15,English,Half Yearly,AJIT KOHLI,THE INDIAN SOCIETY OF OTOLOGY,Uttar Pradesh,Gautam Buddha Nagar
ANNALS OF PEDIATRIC CARDIOLOGY,MAHENG/2011/38662,2011-08-29,English,Four Monthly,HEMANT R. MANJREKAR,PEDIATRIC CARDIAC SOCIETY OF INDIA,Maharashtra,Mumbai
ANNALS OF PHARMACY AND PHARMACEUTICAL SCIENCES,UPENG/2010/32274,2010-05-11,English,Half Yearly,RAKESH KUMAR SINGH,RAKESH KUMAR SINGH,Uttar Pradesh,Muzaffarnagar
ANNALS OF PLANT PROTECTION SCIENCES,61697,1994-01-27,English,Half Yearly,DR. D. PRASAD,SOCIETY OF PLANT PROTECTION SCIENCES,,
ANNALS OF THE BHANDARKAR ORIENTAL RESEARCH INSTITUTE,MAHMUL/2017/76989,2019-03-11,"English, Santhali, Hindi",Annual,DR. SHRIKANT BAHULKAR,BHANDARKAR ORIENTAL RESEARCH INSTITUTE,Maharashtra,Pune
ANNALS OF THE NATIONAL ASSOCIATION OF GEOGRAPHERS INDIA,DELENG/2017/73164,2017-09-05,English,Half Yearly,PROF. S. C. RAI,NATIONAL ASSOCIATION OF GEOGRAPHERS INDIA,Delhi,New Delhi
ANNAMAIAH SAMACHAR,APTEL/26/A4417,2026-06-01,Telugu,Daily,RAMALINGAM SREENIVASAN,RAMALINGAM SREENIVASAN,Andhra Pradesh,Y.S.R.
ANNAMAIAH SAMACHAR,APTEL/26/A4780,2026-06-08,Telugu,Monthly,RAMALINGAM SREENIVASAN,RAMALINGAM SREENIVASAN,Andhra Pradesh,Chittoor
ANNAMAIAH SAMACHAR,APTEL/26/A4778,2026-06-08,Telugu,Monthly,RAMALINGAM SREENIVASAN,RAMALINGAM SREENIVASAN,Andhra Pradesh,Kurnool
ANNAMAIAH SAMACHAR,APTEL/25/A2507,2025-09-15,Telugu,Monthly,RAMALINGAM SREENIVASAN,RAMALINGAM SREENIVASAN,Andhra Pradesh,Annamayya
ANNAMALAIYARIN ARUL VAKKU JOTHIDAM,TNTAM/2015/63584,2015-08-05,Tamil,Monthly,B. UMAMAHESWARI,B. UMAMAHESWARI,Tamil Nadu,Chennai
ANNAMAYYA PATHRIKA,APTEL/2006/17742,2006-12-04,Telugu,Fortnightly,MALISETTY NARASIMHULU,MALISETTY NARASIMHULU,Andhra Pradesh,Y.S.R.
ANNANULLA APPAM,TNMAL/1999/00069,2000-01-12,Malayalam,Monthly,J. JOSEPH OSBORNE JEBADURAI,J. JOSEPH OSBORNE JEBADURAI,Tamil Nadu,Chennai
ANNAPOORNA TIMES,MPHIN/2016/70105,2017-01-25,Hindi,Weekly,ANKIT RATHORE,ANKIT RATHORE,Madhya Pradesh,Bhopal
ANNAPOORNA TIMES,MPHIN/2023/90091,2024-11-12,HINDI,Quarterly,ANKIT RATHORE,ANKIT RATHORE,Madhya Pradesh,Bhopal
ANNAPPARAVAI,TNTAM/2018/78009,2019-09-20,Tamil,Fortnightly,M. DANIEL,M DANIEL,Tamil Nadu,Chennai
ANNASEEM,7918,2012-09-17,Malayalam,Fortnightly,KADAKKAL ABDUL AZEES MOULAVI,"DAKSHINA KERALA JAMAYATHUL ULEMA, KOLLAM",Kerala,Kollam
ANNDATA,22958,1972-05-29,Hindi,Weekly,NATHA SINGH,NATHA SINGH,Haryana,Sirsa
ANNUAL SRI AUROBINDOS ACTION,WBBIL/2017/74756,2018-02-19,"English, Bengali",Annual,SUBRATA SEN,SRI AUROBINDOS ACTION WEST BENGAL TRUST,West Bengal,Kolkata
ANNYADIN,WBBEN/2008/27026,2009-02-16,Bengali,Fortnightly,AMIT BIKRAM RANA,AMIT BIKRAM RANA,West Bengal,North 24 Parganas
ANNYAY KI LADAI,MPHIN/2018/76399,2018-11-20,Hindi,Monthly,PRASANNA KUMAR DOORWAR,PRASANNA KUMAR DOORWAR,Madhya Pradesh,Bhopal
ANNYAYAKKE SHIKSHE,KARKAN/2007/20607,2007-07-31,Kannada,Fortnightly,AKASH SHIVAJI GHORPADE,AKASH SHIVAJI GHORPADE,Karnataka,Bagalkot
ANOKHA BANDHAN,MPHIN/2012/44639,2012-08-13,Hindi,Monthly,SASHI PARBHA JOHARI,SASHI PARBHA JOHARI,Madhya Pradesh,Bhopal
ANOKHA BHOPAL,MPHIN/2021/87193,2024-05-07,Hindi,Monthly,SYED NIHAL ALI,SYED NIHAL ALI,Madhya Pradesh,Bhopal
ANOKHA DARPAN,RAJHIN/2014/56203,2014-07-14,Hindi,Fortnightly,RAMDAYAL SHARMA,RAMDAYAL SHARMA,Rajasthan,Jaipur
ANOKHA DESH,MPHIN/2015/62407,2015-06-04,Hindi,Weekly,DEVESH GUPTA,DEVESH GUPTA,Madhya Pradesh,Bhopal
ANOKHA NISHKARSH,MPHIN/2012/43417,2012-06-26,Hindi,Fortnightly,REENA SHRIVASTAVA,REENA SHRIVASTAVA,Madhya Pradesh,Bhopal
ANOKHA RAJASTHAN,RAJHIN/2004/14016,2005-02-25,Hindi,Weekly,NARENDRA KUMAR SAINI,NARENDER KUMAR SAINI,Rajasthan,Hanumangarh
ANOKHA STAMBH,MPHIN/2005/16618,2006-05-23,Hindi,Monthly,DINESH NIGAM,DINESH NIGAM,Madhya Pradesh,Bhopal
ANOKHA TEER,69306,2012-07-14,Hindi,Daily,PRAHLAD SHARMA,PRAHLAD SHARMA,Madhya Pradesh,Harda
ANOKHA VISHWAS,MPHIN/2005/17057,2006-08-07,Hindi,Monthly,JYOTI ARUN VANKHEDE,JYOTI ARUN VANKHEDE,Madhya Pradesh,Indore
ANOKHI AAWAJ,MPHIN/2018/76533,2018-12-14,Hindi,Monthly,NIRAJ KUMAR DWIVEDI,NIRAJ KUMAR DWIVEDI,Madhya Pradesh,Singrauli
ANOKHI DISHA,GUJGUJ/2022/83742,2023-04-12,Gujarati,Weekly,MEENABEN BHARATKUMAR SHRIMALI,MEENABEN BHARATKUMAR SHRIMALI,Gujarat,Ahmedabad
ANOKHI DRISHTI,MPHIN/2022/90823,2025-06-10,Hindi,Monthly,MANISH RAI,MANISH RAI,Madhya Pradesh,Bhopal
ANOKHI KALPANA,MPHIN/26/A0617,2026-01-21,Hindi,Monthly,Ajay Kumar Sharma,Ajay Kumar Sharma,Madhya Pradesh,Singrauli
ANOKHI KHABAR,UPHIN/2010/36010,2011-03-08,Hindi,Weekly,RITA KUSHWAHA,RITA KUSHWAHA,Uttar Pradesh,Lucknow
ANOKHI KHABREIN,BIHURD/2014/59782,2015-01-27,Urdu,Daily,KRISHNA KUMAR,KRISHNA KUMAR,Bihar,Patna
ANOKHI MEHAK,UPHIN/2009/32790,2010-06-29,Hindi,Monthly,SHAHNAWAZ ANSARI,MOHD. SHAHNAWAZ ANSARI,Uttar Pradesh,Moradabad
ANOKHI PATRIKA,57965,1994-09-27,Hindi,Fortnightly,MANISH KUMAR VAID,MANISH KUMAR VAID,Rajasthan,Jaipur
ANOKHI SATTA,UPHIN/2014/62517,2015-06-12,Hindi,Weekly,DHEERAJ KUMAR,DHEERAJ KUMAR,Uttar Pradesh,Bulandshahr
ANOOP SANDESH,40289,2005-12-12,Hindi,Weekly,INDU BALA,INDU BALA,Uttarakhand,Dehradun
ANOOP VANI,MPHIN/2015/63309,2015-07-20,Hindi,Weekly,ANOOP,ANOOP,Madhya Pradesh,Bhopal
ANOOTHE TARK,MPHIN/2023/88919,2024-09-13,HINDI,Quarterly,SHUBHANSH PANDEY,SHUBHASH PANDEY,Madhya Pradesh,Bhopal
ANORA TIMES,UPHIN/2006/21794,2007-11-19,Hindi,Weekly,ABHISHAK ANORA,ABHISHAK ANORA,Uttar Pradesh,Lalitpur
ANSARI EXPRESS,55654,1992-12-01,Urdu,Weekly,MD.ATHAR HUSSAIN,MD.ATHAR HUSSAIN,Delhi,New Delhi
ANSARI SAMACHAR,MPHIN/2016/67092,2016-05-27,Hindi,Monthly,MUKHTAR AHMAD,MUKHTAR AHMAD,Madhya Pradesh,Bhind
ANSARULLAH,PUNBIL/2002/07848,2002-09-26,"Urdu, Hindi",Monthly,SHOAIB AHMAD,MAJLIS ANSARULLAH BHARAT,Punjab,Gurdaspur
ANSH DARPAN,MPHIN/2013/51864,2013-09-06,Hindi,Monthly,DEEPAK RAMOSHI,DEEPAK RAMOSHI,Madhya Pradesh,Bhopal
ANSH DARPAN,MPHIN/2018/76500,2018-12-07,Hindi,Daily,DEEPAK RAMOSHI,DEEPAK RAMOSHI,Madhya Pradesh,Bhopal
ANSH DHAAR,MPHIN/2005/17150,2006-11-20,Hindi,Monthly,PURSHOTTAM BUDHWANI,PURSHOTTAM BUDHWANI,Madhya Pradesh,Bhopal
ANSH DHAAR,CHHHIN/2010/35813,2011-02-18,Hindi,Monthly,PURSHOTTAM BUDHWANI,PURSHOTTAM BUDHWANI,Chhattisgarh,Raipur
ANSH EXPRESS,RAJHIN/2022/90408,2024-12-31,HINDI,Weekly,SUKHDEV YADAV,SUKHDEV YADAV,Rajasthan,Dungarpur
ANSH KESARI,PUNHIN/2014/58333,2014-11-18,Hindi,Weekly,JITENDER CHOPRA,JITENDER CHOPRA,Punjab,Jalandhar
ANSH PRABHAT,MPHIN/2016/66488,2016-03-23,Hindi,Weekly,SUNIL KUMAR CHATURVEDI,SUNIL KUMAR CHATURVEDI,Madhya Pradesh,Bhopal
ANSH PRABHAT,MPHIN/2016/71326,2017-04-27,Hindi,Daily,SUNIL KUMAR CHATURVEDI,SUNIL KUMAR CHATURVEDI,Madhya Pradesh,Bhopal
ANSHBAAN,MPHIN/2012/55420,2014-04-25,Hindi,Fortnightly,VIRENDER SHARMA,VIRENDER SHARMA,Madhya Pradesh,Guna
ANSHIKA,UPHIN/2020/79715,2021-03-24,Hindi,Daily,ABHAY KUMAR SHUKLA,ABHAY KUMAR SHUKLA,Uttar Pradesh,Prayagraj
ANSHIKA TIMES,UPENG/2022/83502,2023-03-06,English,Daily,ABHAY KUMAR SHUKLA,ABHAY KUMAR SHUKLA,Uttar Pradesh,Prayagraj
ANSHUMAN,MPHIN/2021/80971,2022-02-11,Hindi,Monthly,MADHURI YADAV,MADHURI YADAV,Madhya Pradesh,Bhopal
ANSUIYA,45134,1986-04-30,Hindi,Quarterly,ROOKMANI BHARGAV,SEWA BHARAT,Madhya Pradesh,Bhopal
ANSULJHI KAHANI,MPHIN/25/A3288,2025-10-16,Hindi,Monthly,anita kushwah,anita kushwah,Madhya Pradesh,Bhopal
ANT KI TALASH,56718,1993-09-06,Urdu,Weekly,KHALID NASEEM SIDDIQUI,KHALID NASEEM SIDDIQUI,Uttar Pradesh,Kanpur Nagar
ANT TAK,UPHIN/2014/63345,2015-07-22,Hindi,Daily,AJAY YADAV,AJAY YADAV,Uttar Pradesh,Saharanpur
ANTANTULLA APPAM,TNTAM/2006/17807,2006-12-05,Tamil,Monthly,J. JOSEPH OSBORNE JEBADURAI,J.JOSEPH OSBORNE JEBADURAI,Tamil Nadu,Chennai
ANTAR AAVAJ,GUJGUJ/2002/10519,2003-08-14,Gujarati,Weekly,ATUL SHANTILAL KOTHARI,ATUL SHANTILAL KOTHARI,Gujarat,Junagadh
ANTAR DHRUB,45182,1986-07-04,Hindi,Weekly,ARVIND KUMAR JAIN,ARVIND KUMAR JAIN,Madhya Pradesh,Sagar
ANTAR RASHTRIYA PARYATAK,MPHIN/2023/88854,2024-09-06,HINDI,Monthly,NEHA BINJVE,NEHA BINJVE,Madhya Pradesh,Bhopal
ANTAR RASHTRIYA VAISH MAHASAMMELAN GLOBAL VAISH NEWS,TELMUL/2018/75157,2018-05-10,"English, Telugu, Hindi",Monthly,UPPALA SRINIVAS,ANTAR RASHTRIYA VAISH MAHASAMMELAN,Telangana,Hyderabad
ANTAR SHABD,UPHIN/2007/23277,2008-03-19,Hindi,Weekly,SAVITA VAJPAI,SAVITA VAJPAI,Uttar Pradesh,Lucknow
ANTARA,RAJBIL/2011/38101,2013-09-23,"English, HINDI",Monthly,YASHWANT VYAS,M/S. ANTARA INFOMEDIA PVT. LTD.,Rajasthan,Jaipur
ANTARAGNI,UPHIN/2013/54335,2014-01-30,Hindi,Daily,RAHUL DWIVEDI,RAHUL DWIVEDI,Uttar Pradesh,Kanpur Nagar
ANTARALAD MANASSU,KNKAN/25/A4161,2025-11-20,Kannada,Fortnightly,Hemanth kumar N,Hemanth kumar N,Karnataka,Hassan
ANTARANG SAMAJ,MHMAR/25/A3443,2025-10-27,Marathi,Weekly,Kiran Shingu Doltade,Kiran Shingu Doltade,Maharashtra,Palghar
ANTARANGA SAMAYA,KARKAN/2023/85982,2024-01-29,Kannada,Fortnightly,SUNDAR,HYDERABAD KARNATAKA INFORMATION TECHNOLOGY AND MEDIA ENTERTAINMENT SERVICES,Karnataka,Raichur
ANTARARANGA DHWANI,KNKAN/25/A4109,2025-11-19,Kannada,Daily,H M Manjesh,H M Manjesh,Karnataka,Kolar
ANTARASHTRIYA CHRONOLOGY,RAJHIN/2001/04281,2000-06-28,Hindi,Monthly,L.C. GUPTA,L.C.GUPTA,Rajasthan,Bharatpur
ANTARASTRIYA VIKAS,63467,1995-12-11,Hindi,Daily,GIRISH NATH MISHRA,GIRISH NATH MISHRA,Uttar Pradesh,Uttar Pradesh
ANTARATMA,APTEL/2020/83448,2023-02-28,Telugu,Daily,G V N S P SRINIVAS,G V N S P SRINIVAS,Andhra Pradesh,Krishna
ANTARATMA,KARKAN/2015/60280,2015-02-17,Kannada,Fortnightly,SURESH EAKATARAPPA GURUPADAPPA HALLI,SURESH EAKATARAPPA GURUPADAPPA HALLI,Karnataka,Bijapur
ANTARATMA-DARPAN,56055,2012-08-02,Hindi,Weekly,INDRA MOHAN,INDRA MOHAN,Uttar Pradesh,Meerut
ANTARAVANI,KARKAN/2008/24140,2008-05-30,Kannada,Monthly,SANGANAGOUDA BASANAGOUDA PATIL,SANGANAGOUDA B. PATIL,Chhattisgarh,Bijapur
ANTARDESHIYA SAMACHAR SEWA,MPHIN/2003/11863,2004-02-13,Hindi,Fortnightly,SONU KUSHWAHA,SONU KUSHWAHA,Madhya Pradesh,Indore
ANTARDRISHTI VICHAR,UPHIN/26/A2162,2026-04-02,Hindi,Monthly,Sri Prakash Vishwakarma,Sri Prakash Vishwakarma,Uttar Pradesh,Lucknow
ANTARDRISTI,WBBEN/2023/90459,2025-01-23,BENGALI,Weekly,SRIKANTA MUKHERJEE,SRIKANTA MUKHERJEE,West Bengal,Hooghly
ANTARDRUSTI,ODIODI/2004/14062,2005-03-01,Oriya,Fortnightly,DEBU PATTNAIK,DEBU PATTNAIK,Odisha,Cuttack
ANTAREEP SAHITYA PATRIKA,WBBEN/2023/88605,2024-08-21,BENGALI,Bimonthly (Once in two months),TAMALI ROY,TAMALI ROY,West Bengal,South 24 Parganas
ANTARICHE PRATIBIMB,MAHMAR/2021/82072,2022-09-21,Marathi,Annual,PRAJNA JAMBHEKAR,PRAJNA JAMBHEKAR,Maharashtra,Mumbai
ANTARIKA KACHHAT,KNKAN/25/A1687,2025-07-04,Kannada,Daily,SONI SANNAKKI,SONI SANNAKKI,Karnataka,Belagavi
ANTARJAWALA,9823,2010-06-24,Hindi,Weekly,ANKIT KUMAR JAIN,ANKIT  KUMAR  JAIN,Uttarakhand,Garhwal
ANTARLAHARI,MAHMAR/2008/25259,2008-08-14,Marathi,Thrice In a Year,P. V. DABHOLKAR,"KRISHNAMURTI FOUNDATION INDIA, BOMBAY EXECUTIVE COMMITTEE",Maharashtra,Mumbai
ANTARMAN EXPRESS,MPHIN/2022/83912,2023-04-21,Hindi,Weekly,NITIN BAJPAI,NITIN BAJPAI,Madhya Pradesh,Bhopal
